order_id,product_category,price_inr,discount_pct,payment_method,customer_tenure_days,num_previous_orders,num_previous_returns,delivery_distance_km,delivery_days,is_weekend_order,rating_given,returned
1,Footwear,2572.0,23.8,Prepaid_Card,17,1,0,272.7,5,1,2.0,0
2,Electronics,16689.0,6.7,COD,104,7,1,404.5,5,0,,1
3,Footwear,800.0,51.3,Prepaid_Card,103,3,0,253.2,8,0,3.0,0
4,Home,7930.0,49.7,COD,1479,30,4,141.6,4,0,,0
5,Apparel,715.0,0.0,COD,95,1,0,252.9,3,1,,1
6,Beauty,750.0,24.7,Prepaid_Card,102,1,1,106.3,7,1,5.0,0
7,Footwear,1444.0,32.6,Prepaid_Card,14,0,0,205.9,4,1,2.0,0
8,Footwear,4132.0,28.6,Prepaid_UPI,459,3,2,130.9,7,1,,1
9,Apparel,1775.0,44.7,Prepaid_UPI,656,11,6,471.0,4,0,4.0,0
10,Electronics,21231.0,41.6,Prepaid_UPI,231,13,2,224.2,9,1,5.0,0
11,Electronics,43048.0,26.0,Prepaid_UPI,146,2,0,130.0,4,0,,0
12,Beauty,274.0,56.2,Prepaid_UPI,59,0,0,542.5,3,0,5.0,0
13,Home,7181.0,36.1,COD,46,1,0,236.7,5,0,2.0,0
14,Footwear,742.0,16.7,Prepaid_Card,139,1,0,147.3,3,0,1.0,0
15,Electronics,18332.0,13.7,COD,908,6,2,190.3,3,0,4.0,1
16,Apparel,497.0,40.7,COD,17,0,0,362.5,7,0,2.0,0
17,Home,7992.0,10.1,COD,1207,9,2,310.7,2,0,,0
18,Apparel,2046.0,15.9,Prepaid_UPI,25,0,0,265.9,7,1,2.0,0
19,Footwear,2839.0,18.4,Prepaid_UPI,1780,11,0,99.1,8,0,2.0,0
20,Home,1977.0,27.3,Wallet,22,0,0,521.7,4,0,1.0,0
21,Footwear,1607.0,19.1,Wallet,111,2,0,393.9,5,0,4.0,0
22,Electronics,20890.0,2.2,Prepaid_UPI,434,12,7,685.8,3,1,3.0,0
23,Beauty,909.0,39.4,COD,237,2,0,225.5,7,1,3.0,1
24,Footwear,585.0,15.9,Prepaid_UPI,170,2,1,235.5,2,0,4.0,1
25,Footwear,3125.0,52.3,Prepaid_UPI,2486,17,1,46.1,7,1,3.0,0
26,Apparel,1504.0,26.6,Prepaid_UPI,1238,7,2,205.2,4,0,1.0,0
27,Electronics,40809.0,41.0,COD,321,4,0,74.4,3,0,3.0,1
28,Apparel,1258.0,31.5,COD,113,2,0,193.7,3,1,,0
29,Apparel,1020.0,41.7,Wallet,372,12,2,440.3,6,0,4.0,0
30,Home,4239.0,30.6,COD,86,1,0,306.8,2,0,,0
31,Footwear,1279.0,25.5,COD,158,1,0,460.6,6,1,,0
32,Beauty,1620.0,38.4,Prepaid_Card,304,5,0,377.3,5,1,2.0,0
33,Electronics,34927.0,59.3,COD,309,3,0,203.5,4,0,3.0,1
34,Electronics,7922.0,18.0,COD,231,2,0,109.4,6,1,1.0,1
35,Electronics,15145.0,33.9,Wallet,1001,20,0,387.8,3,1,1.0,0
36,Apparel,1962.0,21.9,Prepaid_UPI,96,16,1,225.6,4,0,1.0,0
37,Apparel,1310.0,29.6,Wallet,341,8,0,424.1,4,1,,0
38,Electronics,24494.0,22.6,COD,231,2,1,278.5,2,0,4.0,0
39,Apparel,1700.0,0.0,COD,180,3,0,309.3,4,0,2.0,0
40,Home,4750.0,19.0,Prepaid_Card,9,2,2,371.9,1,1,2.0,1
41,Electronics,4248.0,37.0,Prepaid_Card,250,3,0,489.5,3,0,4.0,0
42,Footwear,3716.0,10.5,COD,258,2,1,220.8,1,1,5.0,1
43,Home,7406.0,35.8,Prepaid_UPI,1304,10,1,225.1,2,1,5.0,0
44,Apparel,496.0,24.8,Wallet,387,5,1,361.3,2,0,5.0,0
45,Footwear,985.0,19.1,Prepaid_Card,158,2,1,147.3,5,0,1.0,0
46,Footwear,3308.0,35.6,COD,386,3,0,347.1,2,0,1.0,0
47,Electronics,27676.0,32.2,COD,23,0,0,378.7,2,0,2.0,0
48,Apparel,1089.0,28.3,COD,148,1,0,735.5,4,0,,0
49,Home,4452.0,37.2,COD,135,1,0,337.7,9,1,5.0,0
50,Apparel,1666.0,25.0,Prepaid_Card,299,15,8,468.7,1,0,4.0,0
51,Apparel,1308.0,0.0,Prepaid_Card,614,8,1,199.6,6,1,3.0,0
52,Apparel,652.0,16.3,Prepaid_Card,501,3,0,189.7,5,0,3.0,0
53,Footwear,858.0,0.0,Prepaid_UPI,228,7,1,236.4,9,0,4.0,0
54,Home,3679.0,31.9,COD,365,6,0,167.4,5,1,2.0,0
55,Home,7406.0,35.4,COD,66,1,0,344.5,5,0,,1
56,Footwear,2731.0,36.1,COD,88,1,1,139.3,5,1,3.0,1
57,Electronics,16890.0,29.3,COD,366,29,4,134.1,4,1,3.0,1
58,Home,7297.0,36.5,Prepaid_Card,51,0,0,126.6,6,1,5.0,0
59,Apparel,1100.0,0.0,Prepaid_UPI,106,3,0,311.5,3,1,1.0,0
60,Apparel,1316.0,20.4,Prepaid_UPI,281,2,0,134.5,11,0,1.0,0
61,Home,1197.0,0.8,Prepaid_Card,148,1,0,134.0,6,0,4.0,0
62,Electronics,33498.0,16.6,COD,100,1,1,135.5,4,0,5.0,1
63,Home,5692.0,46.2,COD,183,1,1,46.5,4,0,,1
64,Footwear,3677.0,38.4,COD,169,1,0,183.4,4,1,4.0,1
65,Home,2804.0,31.9,COD,69,0,0,350.6,4,1,1.0,1
66,Home,3658.0,19.3,Prepaid_UPI,36,0,0,328.1,6,1,1.0,0
67,Home,1596.0,7.1,Prepaid_Card,584,7,0,334.1,5,1,1.0,0
68,Apparel,2136.0,24.8,COD,1009,49,9,376.5,8,1,3.0,0
69,Apparel,555.0,38.7,COD,871,22,8,354.9,2,1,3.0,0
70,Electronics,29627.0,28.1,COD,57,0,0,199.7,4,0,1.0,1
71,Apparel,1669.0,0.0,Wallet,732,30,1,360.3,2,0,5.0,0
72,Electronics,8109.0,23.6,COD,29,0,0,122.7,3,1,4.0,0
73,Footwear,1961.0,0.0,COD,99,2,0,263.3,3,1,3.0,0
74,Apparel,478.0,34.1,COD,231,13,3,126.5,6,1,1.0,0
75,Apparel,1402.0,11.6,Prepaid_UPI,431,10,2,170.1,3,1,1.0,0
76,Apparel,2191.0,3.7,Prepaid_Card,48,4,0,486.9,8,1,2.0,1
77,Apparel,1174.0,34.3,Prepaid_Card,374,12,1,202.2,8,0,2.0,0
78,Home,7923.0,30.4,COD,536,5,1,169.6,6,1,1.0,1
79,Home,1272.0,25.5,COD,6,0,0,404.5,2,1,,0
80,Footwear,2070.0,54.9,Prepaid_UPI,219,2,0,159.4,8,1,5.0,0
81,Home,7245.0,31.5,COD,437,6,0,322.3,4,1,4.0,0
82,Electronics,39599.0,12.3,COD,76,1,0,278.7,4,1,2.0,1
83,Footwear,1794.0,29.8,Prepaid_Card,1587,12,4,231.2,6,1,4.0,0
84,Apparel,1621.0,17.7,COD,40,2,0,148.3,3,0,3.0,1
85,Apparel,1995.0,41.0,COD,18,1,1,562.4,7,0,4.0,0
86,Apparel,1780.0,26.2,Prepaid_UPI,1214,8,5,165.0,6,1,2.0,0
87,Footwear,3014.0,27.7,Prepaid_Card,64,1,0,501.8,11,0,1.0,1
88,Electronics,7883.0,0.4,COD,837,25,6,334.8,5,0,3.0,0
89,Apparel,531.0,22.9,COD,295,2,0,401.1,4,1,5.0,1
90,Electronics,28120.0,21.2,Prepaid_UPI,193,3,0,276.0,9,0,1.0,1
91,Apparel,1300.0,6.6,COD,1308,108,21,573.2,1,1,3.0,0
92,Home,2133.0,18.7,COD,768,18,5,656.5,5,0,4.0,0
93,Electronics,14023.0,28.5,Prepaid_Card,448,3,0,216.2,4,0,,0
94,Electronics,18373.0,21.9,Prepaid_Card,162,2,0,171.1,7,1,1.0,0
95,Apparel,1292.0,0.8,Wallet,954,10,0,260.4,11,1,5.0,1
96,Home,3305.0,17.9,COD,4,0,0,210.6,3,0,,0
97,Electronics,18163.0,15.0,COD,223,12,0,459.2,7,1,1.0,1
98,Apparel,608.0,24.9,Prepaid_Card,171,4,1,344.4,8,1,3.0,0
99,Apparel,1958.0,23.3,Prepaid_Card,2,0,0,115.5,7,0,2.0,0
100,Beauty,1582.0,15.8,COD,702,5,0,113.3,5,1,5.0,0
101,Beauty,493.0,15.2,Prepaid_Card,37,0,0,285.0,6,1,4.0,0
102,Home,3564.0,23.0,COD,176,6,2,457.5,2,0,1.0,1
103,Apparel,1150.0,36.4,Prepaid_UPI,155,11,1,153.7,8,1,5.0,1
104,Beauty,1561.0,26.2,Prepaid_UPI,471,11,3,328.9,2,1,2.0,0
105,Footwear,2935.0,43.3,Prepaid_Card,185,1,0,377.9,2,1,4.0,0
106,Home,5268.0,39.0,Wallet,124,1,1,339.1,4,1,3.0,0
107,Electronics,31768.0,44.5,Wallet,104,1,0,98.6,3,1,2.0,1
108,Apparel,586.0,42.5,COD,389,6,2,194.6,5,1,,1
109,Apparel,949.0,45.4,COD,81,1,0,196.1,4,0,5.0,1
110,Beauty,191.0,4.7,Prepaid_Card,611,6,3,378.3,3,1,5.0,1
111,Electronics,21113.0,31.7,COD,16,0,0,184.1,2,0,5.0,1
112,Apparel,1173.0,40.3,COD,195,2,0,118.1,7,1,1.0,1
113,Apparel,1722.0,43.0,COD,406,9,0,364.8,6,0,3.0,0
114,Home,1587.0,10.4,Wallet,368,5,1,139.7,2,0,4.0,0
115,Apparel,1537.0,31.9,COD,315,2,1,78.3,6,1,2.0,1
116,Footwear,1727.0,23.1,Prepaid_UPI,123,2,1,190.8,4,1,3.0,0
117,Footwear,2028.0,49.7,COD,356,3,0,84.6,1,0,5.0,0
118,Home,5839.0,1.2,COD,689,4,0,68.3,2,0,5.0,0
119,Electronics,4334.0,10.5,Prepaid_UPI,512,5,1,41.5,7,0,2.0,0
120,Home,2939.0,0.0,COD,217,2,0,316.2,7,1,5.0,0
121,Home,3313.0,24.2,COD,309,13,1,249.5,6,0,3.0,0
122,Home,5811.0,56.0,COD,25,0,0,723.5,3,1,2.0,0
123,Apparel,759.0,21.3,Prepaid_UPI,280,2,0,171.6,6,0,3.0,0
124,Electronics,42697.0,23.5,COD,16,0,0,535.0,6,0,1.0,1
125,Apparel,2196.0,30.3,COD,139,4,1,326.3,1,0,2.0,1
126,Electronics,37068.0,20.3,COD,646,4,0,178.9,6,0,,1
127,Electronics,14327.0,27.5,COD,170,3,0,124.3,5,0,4.0,0
128,Apparel,1595.0,27.9,COD,332,3,1,284.0,10,0,3.0,0
129,Apparel,550.0,9.3,Prepaid_Card,198,5,0,136.5,9,0,4.0,0
130,Home,7009.0,20.6,COD,169,4,0,280.7,4,1,5.0,0
131,Apparel,1329.0,33.1,COD,664,6,1,133.7,5,0,3.0,0
132,Beauty,565.0,35.9,Prepaid_Card,919,10,2,109.6,5,0,1.0,0
133,Home,2821.0,41.5,Prepaid_UPI,155,1,1,65.1,3,0,5.0,1
134,Electronics,36273.0,27.0,COD,112,2,0,269.1,2,0,3.0,1
135,Home,7001.0,27.3,COD,115,1,0,234.8,3,1,2.0,0
136,Apparel,1335.0,33.3,COD,263,3,1,107.1,4,0,,1
137,Beauty,1279.0,13.1,Wallet,512,20,0,220.8,7,1,4.0,1
138,Electronics,34082.0,12.5,COD,526,12,2,85.8,5,0,,1
139,Footwear,3805.0,20.1,COD,130,1,0,246.1,3,1,5.0,0
140,Apparel,1777.0,2.9,Prepaid_Card,13,0,0,224.9,3,1,1.0,0
141,Electronics,18038.0,28.1,COD,117,13,0,355.2,5,0,,0
142,Electronics,29316.0,37.7,COD,488,7,0,82.4,4,0,1.0,0
143,Beauty,2165.0,11.3,COD,378,4,0,40.1,2,1,4.0,1
144,Home,1469.0,28.5,Prepaid_Card,643,6,1,509.4,2,0,1.0,0
145,Electronics,18200.0,12.6,Prepaid_Card,1281,11,1,299.6,8,0,1.0,0
146,Apparel,502.0,6.8,Prepaid_Card,75,1,0,153.9,4,1,2.0,0
147,Electronics,19109.0,52.8,Prepaid_UPI,178,4,1,486.6,7,1,2.0,0
148,Electronics,35026.0,7.0,COD,404,18,1,713.8,1,0,,1
149,Electronics,9830.0,2.8,Wallet,538,15,7,311.2,7,1,1.0,1
150,Apparel,1375.0,25.2,Prepaid_UPI,347,2,0,221.0,6,0,3.0,0
151,Footwear,646.0,26.0,Prepaid_UPI,637,6,2,99.8,6,1,5.0,1
152,Footwear,4091.0,32.0,Prepaid_UPI,62,2,0,186.3,1,0,1.0,0
153,Apparel,1876.0,52.0,COD,37,0,0,99.7,5,0,5.0,1
154,Home,4338.0,10.3,COD,92,1,1,307.5,3,1,2.0,1
155,Apparel,1670.0,13.3,Prepaid_Card,669,10,0,837.5,2,1,2.0,0
156,Home,1100.0,46.1,COD,105,20,0,327.4,1,1,3.0,0
157,Apparel,1921.0,36.1,Prepaid_Card,180,1,0,487.0,2,1,1.0,1
158,Home,5808.0,34.0,COD,2014,16,4,216.4,2,0,4.0,0
159,Footwear,980.0,13.2,COD,608,12,2,301.8,6,0,1.0,1
160,Footwear,4423.0,38.9,Wallet,98,2,0,198.2,3,1,2.0,1
161,Apparel,441.0,34.0,Prepaid_UPI,35,1,0,79.2,4,0,,0
162,Beauty,1627.0,24.8,Prepaid_Card,196,2,0,50.4,7,0,1.0,0
163,Apparel,709.0,13.2,COD,889,16,0,794.0,5,1,1.0,0
164,Apparel,1695.0,23.6,Prepaid_Card,83,1,1,164.8,3,1,1.0,0
165,Home,842.0,46.7,Prepaid_UPI,140,2,0,219.0,5,0,1.0,0
166,Electronics,4752.0,5.6,Prepaid_Card,215,1,0,52.6,3,0,,0
167,Footwear,2365.0,10.0,Prepaid_Card,385,5,0,199.3,1,0,2.0,0
168,Footwear,4476.0,12.6,Prepaid_Card,383,6,1,366.8,5,0,5.0,1
169,Apparel,898.0,15.8,COD,1112,13,0,347.8,6,0,3.0,0
170,Beauty,1589.0,21.8,Prepaid_UPI,62,0,0,248.1,4,1,1.0,0
171,Apparel,1333.0,36.4,Wallet,1222,8,0,380.1,4,0,1.0,0
172,Electronics,38085.0,28.9,Prepaid_Card,75,0,0,167.8,4,0,2.0,1
173,Apparel,919.0,22.9,COD,175,2,0,497.0,8,0,,1
174,Beauty,1454.0,26.2,Prepaid_Card,99,1,0,984.5,5,0,2.0,0
175,Apparel,2111.0,31.4,Prepaid_Card,370,6,0,451.2,4,0,4.0,0
176,Apparel,999.0,0.0,Wallet,68,0,0,221.5,7,0,5.0,0
177,Electronics,20446.0,38.1,Prepaid_UPI,317,3,1,143.8,7,0,3.0,0
178,Beauty,2239.0,9.6,COD,329,5,0,102.6,5,0,4.0,0
179,Footwear,1830.0,15.3,COD,121,1,0,240.5,7,0,,1
180,Footwear,2023.0,27.1,Prepaid_Card,382,10,1,102.9,6,1,4.0,1
181,Footwear,1716.0,20.9,COD,102,1,0,281.6,5,1,2.0,0
182,Footwear,3738.0,29.3,Prepaid_Card,114,2,0,226.1,7,1,4.0,0
183,Electronics,41951.0,24.1,Prepaid_UPI,448,7,1,142.0,2,0,5.0,0
184,Apparel,1536.0,17.7,Prepaid_UPI,34,2,0,257.7,2,0,3.0,0
185,Footwear,2995.0,44.9,COD,76,2,0,274.6,6,0,5.0,0
186,Home,3303.0,32.6,Prepaid_UPI,318,9,2,326.0,3,0,5.0,1
187,Electronics,1747.0,26.5,Prepaid_UPI,61,0,0,234.4,6,0,4.0,0
188,Apparel,713.0,32.4,COD,365,3,1,310.9,5,1,1.0,1
189,Footwear,1090.0,11.4,Prepaid_Card,260,3,0,473.1,9,0,3.0,0
190,Apparel,609.0,54.6,Prepaid_Card,923,13,6,109.7,2,0,3.0,0
191,Beauty,1687.0,5.7,Prepaid_UPI,1069,7,0,105.2,7,0,2.0,0
192,Apparel,645.0,23.7,COD,334,2,0,371.7,3,1,4.0,0
193,Apparel,554.0,17.7,COD,389,4,3,164.7,5,0,,1
194,Footwear,2030.0,17.1,Prepaid_Card,1625,14,2,481.5,6,0,4.0,0
195,Apparel,848.0,15.2,COD,88,1,0,416.0,5,1,2.0,1
196,Apparel,663.0,10.4,COD,56,0,0,489.7,6,1,5.0,0
197,Home,1425.0,39.8,Prepaid_UPI,400,10,0,76.6,5,0,5.0,0
198,Footwear,1525.0,3.9,COD,83,1,0,227.3,4,1,,1
199,Apparel,1366.0,36.8,Prepaid_Card,132,5,1,312.6,6,1,2.0,1
200,Apparel,1765.0,31.7,Wallet,827,6,2,121.1,7,1,3.0,0
201,Footwear,3911.0,16.3,Prepaid_Card,629,5,1,220.3,4,0,,1
202,Beauty,1916.0,30.0,Prepaid_Card,262,1,0,290.0,3,0,,0
203,Electronics,28716.0,19.6,Prepaid_Card,262,10,3,149.5,5,1,2.0,1
204,Apparel,2034.0,5.5,COD,592,6,1,119.6,5,0,5.0,0
205,Apparel,1336.0,5.6,COD,170,1,0,191.4,1,0,3.0,1
206,Apparel,1540.0,31.8,Prepaid_UPI,184,1,1,504.0,5,1,2.0,0
207,Apparel,1141.0,31.1,COD,209,1,0,324.1,3,0,3.0,0
208,Home,2821.0,25.6,COD,786,21,0,268.5,1,0,4.0,0
209,Apparel,997.0,16.1,COD,115,1,0,401.2,5,1,1.0,0
210,Electronics,7696.0,19.1,Prepaid_UPI,749,4,0,232.5,2,0,2.0,0
211,Home,6434.0,17.1,COD,593,3,1,174.9,7,0,5.0,0
212,Home,726.0,0.0,Prepaid_UPI,235,2,0,125.6,6,0,3.0,0
213,Apparel,1614.0,22.9,COD,280,2,1,208.0,5,1,4.0,1
214,Footwear,3958.0,29.8,Prepaid_Card,1167,75,5,357.1,8,0,3.0,0
215,Home,4130.0,23.0,COD,46,1,0,34.9,7,0,1.0,0
216,Footwear,781.0,48.5,COD,215,12,1,176.2,3,0,3.0,1
217,Apparel,1171.0,6.9,Prepaid_Card,516,6,0,216.9,7,1,1.0,0
218,Apparel,1018.0,12.1,Prepaid_UPI,498,3,0,174.1,3,0,3.0,0
219,Beauty,2466.0,24.0,COD,183,2,0,57.3,7,0,1.0,1
220,Electronics,31477.0,25.7,Prepaid_Card,2,0,0,409.3,4,0,4.0,0
221,Apparel,1698.0,0.0,Prepaid_Card,1038,7,1,313.4,2,1,4.0,0
222,Electronics,23793.0,31.0,COD,813,8,1,181.2,5,0,3.0,0
223,Home,5762.0,25.7,Prepaid_Card,169,2,1,391.2,3,0,5.0,0
224,Beauty,1848.0,0.0,COD,97,1,1,88.3,7,1,3.0,0
225,Apparel,519.0,20.2,Prepaid_Card,129,1,0,319.4,7,0,5.0,0
226,Beauty,673.0,9.9,COD,253,2,0,135.9,1,1,3.0,0
227,Apparel,423.0,15.2,Prepaid_Card,98,1,0,334.6,4,1,1.0,0
228,Home,4226.0,1.9,COD,232,3,0,277.1,6,1,3.0,0
229,Home,7044.0,28.2,Prepaid_Card,58,1,0,282.0,5,1,1.0,0
230,Apparel,1497.0,48.4,Prepaid_Card,26,0,0,288.5,5,1,5.0,0
231,Apparel,1300.0,26.0,Wallet,126,1,1,216.3,5,0,3.0,1
232,Electronics,41757.0,0.0,Prepaid_Card,45,1,0,277.9,1,1,3.0,0
233,Beauty,555.0,26.3,Prepaid_UPI,137,1,0,104.9,8,0,2.0,1
234,Home,874.0,19.1,COD,767,7,0,218.8,6,0,3.0,1
235,Beauty,2306.0,5.5,COD,185,44,3,101.6,3,1,,0
236,Footwear,4111.0,27.3,COD,605,7,2,579.6,3,1,,1
237,Electronics,31114.0,35.2,Prepaid_Card,74,2,2,136.0,6,1,2.0,0
238,Footwear,1484.0,12.0,Prepaid_UPI,809,28,5,523.6,5,0,2.0,0
239,Apparel,2146.0,0.0,Prepaid_UPI,858,20,2,425.0,5,0,1.0,0
240,Apparel,1778.0,0.0,Prepaid_Card,189,1,0,192.2,6,0,,0
241,Footwear,3196.0,12.0,Prepaid_Card,9,0,0,155.5,5,0,5.0,0
242,Footwear,1392.0,19.7,COD,434,4,0,205.1,1,0,5.0,0
243,Apparel,1324.0,14.3,COD,134,1,0,682.8,4,1,3.0,0
244,Electronics,37229.0,11.8,Prepaid_UPI,137,2,0,182.3,6,0,2.0,0
245,Home,6924.0,30.5,COD,1182,7,2,472.3,6,0,2.0,0
246,Footwear,2746.0,28.9,COD,23,0,0,520.1,3,0,1.0,0
247,Home,4326.0,25.0,Wallet,338,2,0,164.4,4,0,2.0,0
248,Electronics,31759.0,34.2,Wallet,330,6,2,216.2,7,1,4.0,1
249,Electronics,24337.0,12.2,Prepaid_Card,119,1,0,76.0,8,0,1.0,0
250,Electronics,19494.0,5.6,COD,138,1,0,271.3,5,0,,0
251,Home,958.0,14.2,Prepaid_UPI,12,0,0,271.5,6,0,2.0,0
252,Footwear,1004.0,13.1,COD,108,2,0,229.3,5,0,4.0,0
253,Electronics,34500.0,0.0,Prepaid_Card,64,1,0,208.3,6,0,3.0,1
254,Apparel,444.0,13.8,COD,57,0,0,369.7,4,0,2.0,0
255,Apparel,494.0,38.6,Wallet,53,1,0,430.1,3,1,3.0,0
256,Footwear,4119.0,34.0,Wallet,57,1,0,393.1,9,0,3.0,1
257,Footwear,3316.0,29.9,Prepaid_Card,85,2,0,231.4,8,0,2.0,0
258,Apparel,408.0,24.0,COD,141,2,0,345.1,5,1,5.0,0
259,Apparel,962.0,43.7,Prepaid_Card,134,1,0,241.7,5,0,3.0,0
260,Home,6178.0,6.1,COD,525,6,2,201.2,5,0,,1
261,Apparel,1152.0,7.5,Prepaid_UPI,165,3,2,252.6,5,1,4.0,0
262,Footwear,2375.0,38.9,COD,192,2,1,181.7,5,0,1.0,1
263,Apparel,1226.0,22.4,COD,685,4,0,128.6,7,1,3.0,1
264,Apparel,764.0,11.9,Prepaid_UPI,61,2,0,487.6,2,1,5.0,0
265,Beauty,1845.0,30.3,Prepaid_Card,123,1,0,372.5,3,0,3.0,0
266,Apparel,585.0,15.4,Prepaid_UPI,20,0,0,137.2,7,0,3.0,1
267,Apparel,1313.0,9.4,COD,38,1,0,146.6,5,1,1.0,0
268,Apparel,706.0,9.0,Prepaid_UPI,57,0,0,279.2,7,0,4.0,0
269,Apparel,484.0,26.8,COD,1187,7,0,240.4,5,0,3.0,0
270,Apparel,658.0,25.1,COD,358,6,2,171.3,5,1,1.0,0
271,Apparel,1965.0,44.8,Prepaid_Card,98,2,0,192.3,4,0,4.0,0
272,Apparel,717.0,17.6,COD,168,9,0,158.2,8,0,,0
273,Apparel,901.0,17.4,Prepaid_Card,5,0,0,288.4,7,1,3.0,0
274,Home,1363.0,43.6,COD,911,135,38,412.5,2,1,3.0,1
275,Home,5964.0,36.8,COD,832,9,2,251.1,6,0,3.0,0
276,Electronics,20711.0,24.2,Prepaid_UPI,512,18,0,212.8,7,1,2.0,0
277,Apparel,2099.0,0.0,COD,5,0,0,124.9,5,1,1.0,0
278,Electronics,30297.0,9.8,Prepaid_Card,138,1,0,88.8,6,1,4.0,1
279,Footwear,2626.0,6.2,Prepaid_UPI,439,25,0,104.7,7,0,1.0,0
280,Footwear,3127.0,22.5,COD,373,3,0,290.6,4,0,5.0,0
281,Apparel,473.0,14.4,Prepaid_UPI,29,0,0,295.7,5,0,5.0,0
282,Apparel,2111.0,46.0,COD,89,3,2,67.8,4,1,5.0,0
283,Apparel,2122.0,0.0,COD,12,0,0,101.7,6,1,3.0,0
284,Apparel,897.0,4.6,COD,1804,16,2,178.7,3,0,1.0,0
285,Home,5138.0,25.7,Prepaid_UPI,626,6,0,187.5,6,1,4.0,0
286,Electronics,10044.0,29.8,Prepaid_Card,1017,8,2,763.7,8,0,1.0,0
287,Apparel,1385.0,0.0,Prepaid_Card,34,1,0,54.3,3,0,5.0,0
288,Electronics,34961.0,0.0,Wallet,792,121,8,202.9,8,1,3.0,1
289,Electronics,42364.0,18.0,COD,349,4,1,92.3,5,0,3.0,1
290,Apparel,1011.0,42.3,Prepaid_UPI,1212,9,3,280.6,3,0,4.0,0
291,Footwear,3274.0,50.3,Prepaid_UPI,138,1,1,166.4,4,1,4.0,0
292,Apparel,1690.0,15.8,Wallet,726,9,0,185.4,5,1,5.0,0
293,Beauty,670.0,19.4,Wallet,533,11,3,31.7,4,1,3.0,0
294,Apparel,1532.0,9.4,Wallet,811,32,0,355.9,7,1,4.0,0
295,Footwear,3122.0,31.5,COD,439,3,0,702.0,4,0,5.0,1
296,Beauty,1946.0,44.9,Prepaid_UPI,384,9,0,226.6,5,0,4.0,0
297,Beauty,2500.0,40.8,Prepaid_UPI,365,2,1,248.0,9,1,3.0,0
298,Footwear,661.0,21.6,Prepaid_Card,231,7,0,381.2,4,1,4.0,0
299,Footwear,1309.0,9.4,COD,541,103,18,238.3,4,0,1.0,1
300,Home,1417.0,22.1,Wallet,126,3,0,234.9,4,0,3.0,0
301,Footwear,1118.0,42.7,COD,549,6,2,354.0,7,1,1.0,0
302,Apparel,1218.0,16.0,Prepaid_Card,146,2,0,60.1,4,0,2.0,0
303,Electronics,39680.0,0.0,Prepaid_Card,1112,7,0,277.4,5,0,,1
304,Electronics,20854.0,16.6,COD,831,8,1,163.6,3,1,4.0,0
305,Footwear,3174.0,17.8,Prepaid_UPI,84,4,0,478.2,4,0,2.0,0
306,Electronics,17691.0,0.0,COD,325,3,0,276.6,7,1,4.0,0
307,Electronics,15201.0,25.5,Prepaid_UPI,66,1,0,163.5,1,1,1.0,0
308,Home,6724.0,29.6,Prepaid_UPI,325,3,0,322.9,1,0,2.0,0
309,Apparel,1580.0,49.9,COD,47,0,0,383.2,4,0,1.0,0
310,Apparel,1032.0,2.0,Prepaid_UPI,52,0,0,240.0,4,0,2.0,1
311,Electronics,41240.0,33.0,COD,965,9,1,520.6,4,0,2.0,0
312,Electronics,23035.0,36.5,Prepaid_UPI,122,2,0,460.4,4,0,1.0,1
313,Apparel,739.0,29.8,Wallet,141,2,0,271.9,5,1,3.0,0
314,Electronics,22365.0,6.9,COD,543,7,0,175.3,4,0,,0
315,Electronics,30752.0,6.0,Prepaid_UPI,40,0,0,62.6,8,1,,1
316,Electronics,17280.0,23.5,Prepaid_Card,285,39,1,201.5,6,1,1.0,0
317,Electronics,38158.0,23.4,Prepaid_Card,272,6,2,165.3,4,0,5.0,1
318,Home,4405.0,13.6,Prepaid_UPI,27,0,0,268.3,7,1,4.0,0
319,Apparel,1242.0,41.4,Prepaid_Card,537,3,0,223.9,1,1,2.0,1
320,Beauty,2168.0,16.0,Prepaid_Card,631,60,9,243.0,5,0,3.0,0
321,Beauty,1238.0,0.0,COD,224,1,0,269.4,7,1,3.0,1
322,Electronics,19351.0,18.6,COD,479,3,0,431.3,3,1,5.0,1
323,Electronics,5743.0,29.2,Prepaid_UPI,835,335,8,181.1,6,0,2.0,0
324,Electronics,17077.0,27.1,COD,524,3,1,188.4,3,0,1.0,0
325,Footwear,2088.0,27.0,Prepaid_Card,471,3,1,349.5,5,0,,0
326,Home,1691.0,44.4,COD,115,1,0,535.1,2,0,5.0,0
327,Footwear,2851.0,5.3,Prepaid_UPI,280,2,0,303.1,7,0,2.0,1
328,Electronics,7500.0,15.6,Prepaid_Card,237,4,0,758.8,5,1,3.0,0
329,Home,2022.0,45.2,COD,76,1,0,233.0,5,1,5.0,0
330,Apparel,1410.0,0.0,COD,274,2,0,315.1,4,0,4.0,0
331,Footwear,1576.0,21.2,Prepaid_Card,203,2,0,182.7,7,1,1.0,0
332,Apparel,1551.0,40.4,Wallet,253,5,1,868.4,5,0,2.0,0
333,Home,5617.0,40.2,Prepaid_Card,87,1,1,389.0,7,1,1.0,1
334,Footwear,1705.0,31.9,Prepaid_Card,796,5,1,290.5,3,0,2.0,0
335,Apparel,557.0,32.3,Prepaid_UPI,883,6,0,898.9,6,0,2.0,0
336,Home,4069.0,6.4,COD,685,27,2,172.0,8,0,1.0,1
337,Apparel,567.0,42.6,Prepaid_Card,44,1,0,49.2,8,1,1.0,1
338,Footwear,2561.0,4.0,COD,416,47,21,136.7,1,0,2.0,0
339,Apparel,1707.0,4.9,COD,76,1,1,161.9,5,0,2.0,1
340,Beauty,1608.0,27.8,Prepaid_UPI,56,1,0,301.9,1,1,2.0,0
341,Apparel,1207.0,14.6,Prepaid_UPI,627,4,0,375.9,4,0,2.0,0
342,Beauty,2373.0,25.1,Wallet,46,0,0,91.5,3,1,2.0,0
343,Footwear,907.0,28.5,Prepaid_UPI,107,1,1,324.3,6,0,1.0,1
344,Home,7076.0,48.7,Prepaid_Card,28,0,0,56.8,4,0,5.0,0
345,Footwear,3701.0,28.5,COD,826,21,1,120.9,3,0,,1
346,Footwear,2179.0,12.7,Prepaid_Card,168,9,0,411.5,6,1,5.0,0
347,Beauty,509.0,32.1,Wallet,974,55,8,536.6,2,1,4.0,0
348,Apparel,681.0,9.5,Prepaid_UPI,346,3,0,418.1,3,0,1.0,0
349,Home,7398.0,35.7,Prepaid_Card,357,2,0,198.4,4,0,3.0,0
350,Apparel,821.0,23.0,Prepaid_UPI,470,11,2,151.0,4,0,2.0,0
351,Home,7031.0,28.0,Prepaid_UPI,166,1,1,449.1,5,0,3.0,0
352,Apparel,1306.0,0.0,Wallet,1109,128,3,136.0,5,1,2.0,0
353,Home,3855.0,0.0,Prepaid_UPI,305,5,1,326.2,3,1,4.0,0
354,Home,5070.0,0.0,Prepaid_Card,330,3,2,175.1,5,0,5.0,0
355,Electronics,10619.0,48.2,COD,43,0,0,309.5,5,1,2.0,1
356,Electronics,19963.0,4.8,Prepaid_Card,1570,9,0,88.2,5,1,4.0,0
357,Footwear,4254.0,33.0,COD,161,1,0,559.8,1,0,2.0,0
358,Footwear,1453.0,12.4,Wallet,75,1,1,97.3,6,0,5.0,1
359,Electronics,41565.0,18.4,Prepaid_Card,283,22,4,129.6,6,1,2.0,1
360,Home,7955.0,21.3,Prepaid_Card,503,10,3,268.3,6,1,3.0,0
361,Beauty,272.0,46.7,COD,69,0,0,511.4,5,0,2.0,0
362,Apparel,1356.0,30.8,Prepaid_Card,756,7,3,115.7,7,0,4.0,0
363,Apparel,709.0,27.8,Prepaid_Card,315,5,0,200.4,6,1,5.0,0
364,Apparel,1519.0,41.5,COD,989,21,6,237.9,4,0,1.0,0
365,Home,7919.0,12.5,Prepaid_UPI,35,2,0,421.7,4,0,2.0,0
366,Electronics,40483.0,38.0,COD,504,4,0,104.5,3,1,1.0,1
367,Footwear,4199.0,35.5,Prepaid_Card,156,2,0,348.8,2,0,3.0,0
368,Home,1943.0,35.3,COD,1071,6,0,477.2,6,0,4.0,0
369,Electronics,24954.0,19.7,Prepaid_Card,273,3,0,283.5,4,0,4.0,0
370,Footwear,1439.0,15.4,Prepaid_UPI,293,2,0,76.4,6,0,3.0,0
371,Footwear,4098.0,9.0,Prepaid_UPI,318,13,5,365.2,9,1,4.0,0
372,Apparel,744.0,9.9,COD,482,17,6,497.3,7,0,5.0,0
373,Electronics,7943.0,8.2,Wallet,452,9,3,198.5,2,1,1.0,0
374,Apparel,422.0,27.5,Prepaid_UPI,337,9,0,90.7,3,0,4.0,0
375,Apparel,728.0,18.6,COD,118,1,0,288.3,6,1,5.0,0
376,Apparel,742.0,28.5,COD,516,4,1,233.1,5,0,2.0,0
377,Beauty,332.0,29.3,COD,110,2,2,110.9,7,0,1.0,1
378,Electronics,39207.0,6.1,Prepaid_UPI,787,8,1,358.3,4,1,3.0,1
379,Electronics,35364.0,5.7,COD,338,3,0,293.4,2,0,3.0,1
380,Footwear,1518.0,18.6,Prepaid_Card,56,1,0,229.0,2,0,1.0,0
381,Home,6331.0,10.4,Prepaid_UPI,732,36,0,212.8,7,0,2.0,1
382,Beauty,1142.0,8.8,Prepaid_UPI,671,10,2,289.9,5,0,4.0,0
383,Footwear,3602.0,47.4,Prepaid_Card,88,5,1,120.5,6,1,1.0,0
384,Electronics,15348.0,0.0,Prepaid_UPI,215,1,0,420.5,4,1,1.0,0
385,Electronics,25932.0,52.3,COD,410,6,0,479.0,3,1,2.0,1
386,Beauty,1047.0,26.3,Prepaid_UPI,894,7,2,214.3,6,1,3.0,0
387,Home,1745.0,36.8,COD,625,4,1,190.4,2,0,3.0,0
388,Beauty,1526.0,35.0,COD,2500,44,8,139.2,6,0,1.0,1
389,Apparel,1751.0,31.3,Wallet,172,10,0,95.4,8,1,2.0,0
390,Footwear,3512.0,46.9,COD,907,15,4,177.1,1,0,4.0,0
391,Home,3043.0,5.8,COD,93,1,0,252.5,2,0,3.0,0
392,Apparel,1334.0,19.7,Prepaid_Card,189,2,0,366.5,4,0,4.0,1
393,Home,6181.0,9.2,COD,153,10,2,105.6,3,1,,1
394,Home,720.0,0.0,COD,31,2,0,220.3,4,0,,0
395,Apparel,529.0,12.1,Prepaid_Card,225,2,0,229.2,9,1,2.0,0
396,Electronics,17679.0,50.1,Prepaid_UPI,588,4,0,319.0,3,0,1.0,0
397,Footwear,1394.0,19.4,Prepaid_UPI,348,16,2,164.4,4,0,4.0,1
398,Apparel,1074.0,51.8,COD,466,3,0,518.6,2,0,2.0,0
399,Electronics,5306.0,53.3,Prepaid_Card,633,10,3,410.6,1,1,3.0,0
400,Electronics,27130.0,66.9,Prepaid_UPI,141,10,0,266.8,5,1,5.0,1
401,Apparel,1609.0,50.6,COD,563,9,4,487.9,1,1,1.0,0
402,Beauty,2011.0,57.4,COD,763,6,1,330.0,2,0,5.0,0
403,Footwear,3102.0,26.9,COD,1075,9,2,453.5,5,0,,0
404,Apparel,1113.0,25.4,Prepaid_Card,96,1,0,389.3,6,0,3.0,0
405,Beauty,2347.0,26.4,COD,772,15,1,304.4,3,1,4.0,0
406,Footwear,3405.0,22.0,Prepaid_UPI,1039,14,0,311.2,3,0,5.0,0
407,Apparel,1350.0,24.2,Wallet,367,5,1,272.4,1,1,4.0,1
408,Footwear,1327.0,33.3,COD,325,5,0,780.7,6,1,,0
409,Apparel,1568.0,15.0,Prepaid_Card,86,1,0,424.3,5,0,5.0,0
410,Beauty,1541.0,1.3,COD,484,6,2,258.5,5,1,1.0,0
411,Home,5562.0,27.5,COD,521,26,6,507.7,2,0,3.0,0
412,Home,6315.0,11.6,Prepaid_UPI,184,3,1,163.2,6,1,4.0,0
413,Apparel,2047.0,13.2,Prepaid_Card,595,24,8,280.4,3,0,5.0,0
414,Footwear,4296.0,19.9,Wallet,264,2,0,165.7,6,1,,0
415,Apparel,1534.0,16.4,Prepaid_Card,276,4,0,246.8,3,1,4.0,1
416,Apparel,2139.0,38.7,COD,336,3,1,196.3,5,1,,0
417,Apparel,2041.0,19.5,Prepaid_Card,157,9,2,256.3,3,1,2.0,0
418,Footwear,510.0,39.4,COD,715,11,2,163.6,7,1,4.0,0
419,Apparel,1548.0,25.1,Prepaid_UPI,49,1,0,284.9,2,1,5.0,0
420,Beauty,569.0,20.7,Prepaid_UPI,232,13,0,99.5,5,0,1.0,0
421,Home,2573.0,24.4,COD,194,1,1,207.8,2,0,,0
422,Apparel,936.0,2.6,Prepaid_Card,929,37,1,175.2,4,1,2.0,0
423,Apparel,1270.0,27.1,Prepaid_UPI,814,25,1,30.9,6,0,5.0,0
424,Apparel,420.0,34.7,Prepaid_UPI,17,0,0,438.5,2,1,4.0,0
425,Home,2116.0,36.9,COD,81,1,0,602.7,6,1,,0
426,Footwear,616.0,1.7,COD,889,5,0,318.1,6,0,3.0,0
427,Apparel,1571.0,0.0,COD,110,1,1,240.4,1,0,1.0,1
428,Footwear,4057.0,13.9,COD,44,1,0,175.2,6,0,4.0,1
429,Apparel,2196.0,42.8,Prepaid_Card,83,2,1,278.7,7,0,4.0,0
430,Footwear,2294.0,25.3,COD,826,9,0,363.9,3,1,2.0,1
431,Beauty,761.0,10.4,COD,72,1,0,428.5,3,0,,0
432,Footwear,3912.0,0.2,Prepaid_Card,291,3,0,368.0,1,0,4.0,0
433,Home,1171.0,11.7,COD,62,11,2,160.0,2,0,,0
434,Footwear,4397.0,10.7,Wallet,197,8,3,186.8,7,0,4.0,0
435,Apparel,1687.0,36.0,Prepaid_Card,845,31,1,121.5,4,0,3.0,0
436,Apparel,1307.0,37.2,COD,881,14,2,147.7,6,0,1.0,1
437,Apparel,574.0,6.3,Prepaid_Card,70,1,0,361.1,3,1,3.0,0
438,Electronics,1997.0,33.3,COD,70,0,0,237.8,4,1,1.0,0
439,Footwear,2678.0,31.8,Prepaid_UPI,192,5,1,369.7,7,0,2.0,0
440,Home,3487.0,4.3,Prepaid_Card,207,1,0,405.3,7,1,1.0,0
441,Footwear,3871.0,20.7,Prepaid_Card,411,10,1,263.2,5,0,5.0,0
442,Apparel,1556.0,27.1,Wallet,303,39,3,380.8,4,1,2.0,0
443,Footwear,2228.0,24.4,Prepaid_UPI,1,0,0,210.8,3,0,4.0,0
444,Apparel,807.0,0.0,Prepaid_UPI,1349,34,6,267.5,6,0,1.0,0
445,Apparel,1265.0,24.0,COD,148,1,0,97.2,4,0,5.0,1
446,Home,1555.0,31.5,COD,88,1,0,203.1,7,1,3.0,1
447,Beauty,1717.0,45.7,Prepaid_UPI,67,3,0,150.2,1,1,,0
448,Home,4964.0,12.0,Prepaid_Card,271,7,0,82.3,4,1,2.0,0
449,Apparel,1858.0,13.8,Prepaid_UPI,163,4,0,296.5,4,1,,0
450,Home,3761.0,18.9,Prepaid_UPI,95,1,0,223.0,6,0,5.0,1
451,Apparel,902.0,26.4,COD,722,45,8,190.8,2,1,5.0,0
452,Footwear,3846.0,23.5,COD,166,1,0,196.6,4,1,5.0,1
453,Home,5621.0,31.1,Prepaid_Card,32,1,0,104.3,7,0,1.0,0
454,Apparel,1672.0,5.1,COD,635,6,1,340.2,5,0,,0
455,Apparel,1351.0,28.0,Prepaid_UPI,229,7,0,339.7,5,1,1.0,1
456,Apparel,1977.0,10.9,Prepaid_UPI,186,1,0,159.0,3,1,5.0,0
457,Beauty,685.0,19.8,Prepaid_Card,355,3,0,117.2,4,0,1.0,0
458,Electronics,18794.0,47.6,Prepaid_UPI,13,2,0,298.5,2,1,5.0,0
459,Footwear,3685.0,1.0,Prepaid_Card,14,0,0,532.7,7,1,1.0,0
460,Home,1324.0,17.8,Prepaid_UPI,294,3,0,247.7,5,1,4.0,1
461,Home,6522.0,2.9,COD,521,5,0,364.9,5,0,5.0,0
462,Apparel,1035.0,24.3,Prepaid_UPI,12,0,0,184.4,5,0,2.0,0
463,Beauty,445.0,37.7,Prepaid_UPI,107,2,1,273.6,7,0,2.0,0
464,Apparel,542.0,24.5,COD,826,5,1,54.5,9,1,5.0,0
465,Home,6791.0,20.2,Prepaid_Card,808,22,3,174.7,5,0,4.0,0
466,Home,6295.0,41.9,Prepaid_UPI,405,3,0,115.1,5,0,2.0,0
467,Home,2518.0,27.0,COD,439,3,0,668.0,5,1,,1
468,Beauty,423.0,34.3,Prepaid_UPI,1438,13,0,238.4,8,1,2.0,0
469,Apparel,845.0,32.7,Wallet,67,0,0,854.9,6,0,2.0,1
470,Electronics,10529.0,0.0,Prepaid_UPI,363,5,1,236.9,5,0,4.0,0
471,Electronics,33308.0,20.8,COD,335,3,2,296.0,6,0,2.0,1
472,Electronics,10642.0,5.8,Prepaid_Card,97,26,2,221.6,5,0,1.0,0
473,Apparel,789.0,9.6,Wallet,328,6,0,190.2,1,0,4.0,1
474,Apparel,458.0,44.1,Prepaid_Card,468,5,0,290.3,7,0,1.0,1
475,Apparel,1474.0,16.4,COD,80,1,0,355.6,3,1,1.0,0
476,Apparel,1640.0,50.4,COD,70,0,0,136.4,4,0,3.0,0
477,Electronics,29823.0,0.9,Prepaid_UPI,974,9,1,187.5,3,0,2.0,0
478,Home,4678.0,5.7,Prepaid_Card,106,1,1,94.3,4,0,1.0,1
479,Home,7739.0,33.4,COD,289,2,0,70.9,5,1,4.0,1
480,Electronics,21906.0,16.9,COD,43,0,0,355.4,7,1,5.0,1
481,Electronics,38874.0,26.6,Prepaid_UPI,236,11,0,334.2,4,0,1.0,0
482,Apparel,1563.0,20.3,Prepaid_Card,438,5,0,211.5,8,1,5.0,0
483,Home,948.0,19.9,Prepaid_UPI,70,1,0,334.5,1,1,1.0,0
484,Apparel,1858.0,17.4,Prepaid_UPI,42,0,0,364.4,2,1,3.0,0
485,Apparel,1452.0,24.7,Wallet,479,5,0,436.4,3,0,4.0,0
486,Electronics,29824.0,31.6,Prepaid_UPI,600,4,1,56.2,6,0,,1
487,Electronics,9094.0,46.2,COD,362,2,0,242.8,2,0,5.0,0
488,Apparel,1187.0,19.0,Prepaid_Card,968,10,2,115.9,2,1,2.0,0
489,Home,7080.0,16.1,COD,275,2,1,148.3,8,0,4.0,1
490,Home,1959.0,14.2,Wallet,417,4,0,140.6,4,0,3.0,0
491,Home,301.0,44.0,COD,118,1,0,283.4,8,1,2.0,1
492,Home,2283.0,32.4,Prepaid_UPI,84,1,0,169.5,7,1,1.0,0
493,Home,4054.0,0.0,Prepaid_UPI,576,3,0,55.8,6,1,5.0,0
494,Apparel,1878.0,0.0,COD,187,1,0,311.3,7,1,2.0,0
495,Footwear,3073.0,9.5,Prepaid_UPI,52,0,0,114.1,4,0,3.0,0
496,Home,7377.0,25.5,COD,150,2,0,117.8,2,0,1.0,0
497,Electronics,21154.0,21.5,Prepaid_Card,176,2,0,921.4,6,0,3.0,0
498,Home,3309.0,29.7,Prepaid_Card,459,3,0,497.7,4,0,3.0,0
499,Electronics,11336.0,19.4,COD,937,6,2,169.8,6,1,5.0,0
500,Electronics,10751.0,43.0,Prepaid_Card,42,0,0,129.4,6,1,5.0,0
501,Footwear,3444.0,33.6,Wallet,1518,11,0,347.2,3,1,,0
502,Footwear,821.0,23.2,COD,1251,9,0,1048.0,3,0,5.0,1
503,Beauty,720.0,39.2,Prepaid_Card,174,9,0,565.0,4,1,2.0,0
504,Electronics,40002.0,0.0,Prepaid_UPI,601,4,1,365.4,7,0,1.0,1
505,Electronics,26469.0,20.7,Prepaid_UPI,309,5,1,562.5,3,0,3.0,1
506,Footwear,686.0,24.1,COD,85,1,0,320.9,9,1,1.0,1
507,Apparel,1668.0,31.0,Wallet,204,51,15,541.4,1,0,,0
508,Footwear,2527.0,0.0,COD,60,0,0,155.0,8,0,,0
509,Electronics,38628.0,18.1,Prepaid_Card,215,2,0,430.4,5,0,4.0,0
510,Apparel,1628.0,28.0,Prepaid_Card,283,11,1,229.8,6,1,1.0,0
511,Apparel,408.0,29.2,Prepaid_UPI,16,0,0,359.0,6,1,1.0,0
512,Footwear,1323.0,39.8,COD,886,7,4,577.6,1,1,,1
513,Apparel,864.0,33.4,COD,234,2,0,201.6,4,0,3.0,0
514,Apparel,1664.0,21.1,Prepaid_UPI,341,3,1,148.3,4,0,4.0,0
515,Electronics,23508.0,32.1,COD,412,4,2,452.4,7,1,4.0,1
516,Apparel,1745.0,19.0,Prepaid_Card,726,44,12,280.2,4,0,2.0,0
517,Apparel,1323.0,24.2,Prepaid_UPI,164,1,0,55.1,8,0,5.0,0
518,Footwear,1810.0,33.9,Prepaid_Card,706,4,0,296.0,9,1,,0
519,Apparel,587.0,21.3,COD,172,1,0,144.5,6,0,4.0,0
520,Footwear,1310.0,27.4,COD,511,62,7,345.3,5,0,3.0,0
521,Footwear,2103.0,36.4,Wallet,28,0,0,405.1,2,0,1.0,1
522,Electronics,25354.0,32.7,Prepaid_Card,690,14,10,170.2,6,1,2.0,1
523,Apparel,2090.0,40.5,COD,267,2,0,227.9,4,0,5.0,0
524,Home,2146.0,56.9,COD,70,5,0,171.5,8,1,3.0,0
525,Apparel,1599.0,32.5,COD,1425,77,9,327.6,1,1,3.0,1
526,Electronics,7882.0,15.1,Wallet,364,11,0,495.4,3,0,5.0,0
527,Beauty,1827.0,29.7,COD,208,2,0,18.4,7,1,,0
528,Beauty,177.0,29.0,COD,211,2,0,181.8,8,0,5.0,0
529,Footwear,3124.0,31.2,Prepaid_Card,113,1,0,658.0,6,0,1.0,0
530,Apparel,694.0,44.4,COD,182,3,0,217.5,7,1,,1
531,Home,1688.0,0.0,COD,189,1,0,281.4,5,1,2.0,0
532,Home,4604.0,44.7,Wallet,25,0,0,870.8,8,1,2.0,0
533,Electronics,17643.0,49.8,Prepaid_UPI,427,17,0,616.0,5,0,2.0,0
534,Home,3929.0,30.5,COD,9,0,0,337.0,6,1,3.0,1
535,Apparel,956.0,30.9,Prepaid_Card,136,1,0,222.3,5,1,3.0,0
536,Apparel,2116.0,18.4,COD,328,3,0,399.0,4,0,4.0,1
537,Electronics,13931.0,22.1,COD,714,10,3,170.2,6,0,5.0,0
538,Apparel,1376.0,32.5,Prepaid_Card,86,1,0,177.3,5,1,3.0,0
539,Apparel,1938.0,31.5,Prepaid_Card,523,63,3,113.9,6,0,3.0,0
540,Footwear,3157.0,32.8,Prepaid_UPI,773,9,4,158.3,1,1,1.0,0
541,Beauty,909.0,31.4,Prepaid_UPI,917,12,1,219.7,3,0,3.0,0
542,Home,4554.0,35.5,COD,1418,11,1,321.5,3,1,,1
543,Footwear,832.0,33.8,Wallet,56,1,0,340.3,1,0,4.0,1
544,Beauty,1432.0,6.6,Prepaid_Card,4,0,0,204.7,3,0,1.0,0
545,Apparel,1177.0,34.5,COD,1062,18,2,285.3,6,1,3.0,0
546,Electronics,34397.0,49.9,Prepaid_UPI,140,2,0,518.1,5,0,5.0,0
547,Electronics,38338.0,21.6,COD,1847,47,3,386.1,7,0,3.0,1
548,Apparel,759.0,44.5,Prepaid_Card,466,4,0,146.0,7,1,2.0,0
549,Footwear,826.0,8.2,Prepaid_UPI,1215,20,2,245.8,7,0,4.0,0
550,Electronics,18306.0,21.6,COD,339,4,1,478.3,5,0,,1
551,Electronics,24596.0,12.4,Prepaid_UPI,809,8,1,161.0,8,0,4.0,0
552,Apparel,1078.0,42.7,COD,164,2,0,139.3,3,0,3.0,1
553,Apparel,1531.0,46.6,Prepaid_UPI,432,3,0,170.2,7,0,2.0,1
554,Beauty,1338.0,20.5,COD,513,4,1,223.5,7,0,4.0,0
555,Apparel,2086.0,39.6,COD,9,0,0,144.5,6,1,2.0,0
556,Apparel,1137.0,46.8,COD,109,1,0,174.6,5,1,4.0,0
557,Apparel,548.0,21.5,Prepaid_UPI,1492,22,13,528.2,3,1,3.0,0
558,Electronics,14425.0,23.9,COD,700,19,1,485.7,5,1,2.0,0
559,Home,4965.0,33.0,Prepaid_UPI,173,2,0,51.2,1,0,5.0,1
560,Electronics,12414.0,9.4,COD,91,1,1,80.3,7,1,,0
561,Apparel,884.0,23.7,Prepaid_Card,26,1,0,385.8,4,0,4.0,0
562,Apparel,1011.0,54.1,COD,352,9,1,165.7,4,0,,0
563,Footwear,3485.0,14.5,COD,8,0,0,134.5,1,0,,0
564,Home,7539.0,34.8,Wallet,2,0,0,307.7,2,0,5.0,1
565,Home,2998.0,29.9,Prepaid_Card,578,4,1,357.1,10,1,1.0,0
566,Home,1805.0,19.5,Prepaid_UPI,110,15,3,382.9,3,1,3.0,0
567,Footwear,2183.0,25.3,Prepaid_Card,59,0,0,70.3,7,0,4.0,0
568,Apparel,1033.0,48.3,Prepaid_Card,136,1,0,366.0,2,1,1.0,0
569,Electronics,44563.0,30.3,Prepaid_Card,122,1,0,319.3,2,0,2.0,1
570,Electronics,21517.0,32.6,Prepaid_UPI,126,2,0,213.1,4,1,,0
571,Electronics,30953.0,46.0,Prepaid_UPI,26,0,0,420.5,5,0,1.0,1
572,Footwear,4155.0,17.7,Prepaid_Card,45,10,0,404.4,3,0,4.0,0
573,Electronics,28753.0,6.3,Prepaid_Card,217,2,0,451.8,5,1,2.0,0
574,Footwear,1498.0,48.5,Prepaid_Card,218,7,0,139.9,3,1,1.0,0
575,Footwear,2930.0,24.0,Prepaid_Card,132,3,0,135.5,7,1,3.0,0
576,Electronics,18802.0,35.4,Prepaid_Card,1207,24,1,888.5,9,0,5.0,1
577,Beauty,1143.0,10.6,Prepaid_Card,1123,7,2,453.1,7,1,1.0,1
578,Home,7841.0,27.8,Prepaid_UPI,74,1,0,168.8,2,0,1.0,0
579,Footwear,1614.0,5.5,Wallet,798,10,0,210.5,5,1,1.0,0
580,Electronics,21739.0,23.0,Wallet,751,6,1,360.9,3,1,1.0,1
581,Electronics,8202.0,12.3,Prepaid_UPI,526,3,1,389.1,3,1,3.0,1
582,Electronics,9020.0,8.8,Prepaid_Card,857,6,0,67.4,6,1,1.0,1
583,Apparel,1486.0,17.5,Prepaid_UPI,245,3,2,301.6,5,0,1.0,0
584,Electronics,34094.0,0.0,COD,277,116,4,404.6,5,0,,0
585,Beauty,1646.0,4.6,Prepaid_Card,724,24,1,174.9,5,1,1.0,0
586,Home,2835.0,33.7,COD,543,12,0,68.7,3,1,5.0,0
587,Apparel,507.0,27.2,COD,112,1,0,373.7,2,0,,0
588,Electronics,21798.0,5.9,Wallet,30,0,0,99.8,4,1,4.0,0
589,Apparel,1308.0,30.2,Prepaid_UPI,106,1,0,501.2,4,1,4.0,0
590,Apparel,1787.0,8.8,Prepaid_Card,9,0,0,126.9,5,1,1.0,0
591,Beauty,1655.0,32.8,COD,302,2,0,283.7,6,1,,0
592,Electronics,39361.0,20.3,Prepaid_UPI,356,32,3,75.3,4,1,5.0,1
593,Apparel,1809.0,17.1,Prepaid_Card,503,3,1,277.4,5,0,,0
594,Home,3117.0,20.6,Prepaid_UPI,94,1,0,246.3,7,0,4.0,0
595,Apparel,1538.0,60.4,Wallet,878,14,0,208.2,4,0,4.0,0
596,Apparel,1745.0,10.6,COD,908,13,2,173.7,5,1,3.0,0
597,Home,7668.0,25.4,COD,183,1,0,213.5,5,1,4.0,0
598,Home,3552.0,33.7,COD,983,6,3,178.4,4,1,,0
599,Beauty,1673.0,7.6,COD,348,5,1,358.1,2,0,5.0,0
600,Home,3324.0,0.0,COD,817,65,3,287.5,2,1,,0
601,Electronics,33517.0,13.0,COD,673,4,1,268.4,7,1,4.0,0
602,Footwear,4148.0,33.4,COD,2,0,0,279.0,1,1,,1
603,Beauty,2310.0,16.9,COD,270,2,0,191.5,8,0,,1
604,Footwear,1128.0,18.5,COD,187,4,0,311.7,3,0,1.0,0
605,Beauty,630.0,35.7,Prepaid_UPI,95,1,0,406.8,1,1,2.0,0
606,Footwear,3520.0,9.9,COD,40,0,0,335.8,3,1,3.0,1
607,Footwear,3024.0,20.7,Prepaid_UPI,1326,15,0,400.9,1,1,4.0,0
608,Apparel,2029.0,0.0,COD,289,2,0,353.6,1,1,1.0,1
609,Footwear,1755.0,26.8,COD,146,2,0,305.4,5,0,,0
610,Electronics,38343.0,25.4,COD,780,10,3,113.8,1,1,,0
611,Home,5565.0,33.9,Prepaid_UPI,59,0,0,156.8,1,1,4.0,0
612,Home,1805.0,4.8,COD,1199,10,0,74.8,5,1,1.0,0
613,Beauty,447.0,19.1,Prepaid_Card,165,1,0,406.5,5,0,3.0,0
614,Beauty,1801.0,2.8,COD,15,0,0,115.8,6,1,,0
615,Apparel,685.0,18.3,Wallet,81,1,0,146.8,5,0,3.0,0
616,Footwear,3677.0,44.2,COD,56,1,0,199.0,4,1,5.0,1
617,Footwear,2728.0,17.2,COD,1137,12,0,199.8,6,1,1.0,0
618,Electronics,22087.0,1.5,Prepaid_UPI,688,30,7,221.5,6,1,4.0,0
619,Apparel,896.0,11.8,COD,97,1,0,412.5,5,1,2.0,0
620,Apparel,2171.0,0.0,COD,106,1,0,302.6,6,1,4.0,0
621,Footwear,3389.0,2.6,Prepaid_UPI,826,13,3,342.5,1,0,2.0,0
622,Electronics,35279.0,32.1,COD,21,1,0,137.2,4,1,1.0,1
623,Beauty,1956.0,0.3,COD,310,3,0,346.6,8,1,2.0,0
624,Electronics,26780.0,26.7,Prepaid_Card,351,40,2,132.2,3,1,1.0,1
625,Beauty,2358.0,22.4,COD,2,0,0,216.9,6,1,3.0,0
626,Electronics,26771.0,14.0,Wallet,419,8,2,170.2,5,1,3.0,0
627,Footwear,2580.0,25.4,Prepaid_Card,11,0,0,176.7,3,1,5.0,0
628,Apparel,893.0,7.9,Prepaid_Card,531,6,1,764.5,5,0,5.0,1
629,Home,2469.0,34.6,COD,249,2,0,185.1,3,1,1.0,1
630,Footwear,3448.0,11.5,Prepaid_UPI,187,1,0,62.9,3,1,4.0,0
631,Beauty,937.0,16.2,Prepaid_UPI,215,1,0,397.1,3,0,1.0,0
632,Footwear,3415.0,14.4,COD,971,6,1,228.2,3,1,2.0,1
633,Apparel,2115.0,32.3,Prepaid_UPI,145,3,0,334.8,2,0,2.0,0
634,Electronics,20442.0,30.2,Prepaid_Card,19,0,0,146.7,3,0,1.0,1
635,Apparel,575.0,0.0,Prepaid_UPI,2105,16,3,221.7,5,1,3.0,1
636,Apparel,1600.0,25.8,COD,36,0,0,242.4,4,1,1.0,1
637,Home,373.0,0.0,COD,85,1,0,241.4,4,0,2.0,0
638,Home,6360.0,16.9,Prepaid_UPI,72,1,0,228.4,10,1,1.0,0
639,Footwear,2603.0,20.4,Prepaid_UPI,332,15,2,382.9,6,1,5.0,0
640,Footwear,2459.0,16.7,COD,103,3,0,415.0,1,0,4.0,1
641,Footwear,2778.0,29.5,COD,270,2,0,143.1,5,0,1.0,0
642,Footwear,2566.0,32.8,Prepaid_UPI,497,4,0,401.4,5,1,1.0,0
643,Apparel,983.0,10.4,COD,141,1,0,152.7,12,1,5.0,0
644,Apparel,907.0,9.9,COD,410,3,1,322.6,5,0,1.0,0
645,Home,3498.0,21.5,Prepaid_Card,619,16,0,57.7,9,1,3.0,1
646,Footwear,4080.0,0.0,COD,64,4,0,385.0,4,0,3.0,1
647,Apparel,644.0,14.8,COD,573,8,0,304.2,3,1,4.0,0
648,Electronics,15425.0,42.2,COD,21,0,0,159.5,2,0,1.0,0
649,Home,1781.0,0.0,Wallet,220,2,0,254.3,6,0,5.0,0
650,Apparel,1169.0,16.9,COD,84,1,0,227.9,2,0,,0
651,Electronics,7047.0,13.1,Prepaid_UPI,43,0,0,270.6,3,0,1.0,0
652,Footwear,3543.0,52.1,Wallet,113,1,0,274.7,6,1,5.0,0
653,Home,1097.0,13.9,Prepaid_UPI,288,5,1,230.1,4,0,4.0,0
654,Apparel,1597.0,14.8,Prepaid_Card,389,4,1,539.6,5,1,5.0,0
655,Footwear,1571.0,6.5,Prepaid_Card,503,12,2,186.4,2,0,5.0,0
656,Electronics,21882.0,22.1,COD,1054,83,3,318.5,1,1,,1
657,Footwear,1300.0,26.1,Prepaid_Card,304,3,2,293.6,7,0,5.0,1
658,Apparel,1714.0,8.7,Wallet,209,3,0,198.0,7,1,1.0,0
659,Home,7602.0,36.8,Prepaid_UPI,1246,161,21,504.0,4,0,2.0,0
660,Electronics,10912.0,26.1,Prepaid_Card,127,1,0,136.9,5,0,5.0,1
661,Apparel,2116.0,34.8,COD,102,1,0,353.4,2,0,3.0,0
662,Footwear,1801.0,17.1,Prepaid_UPI,297,20,1,317.0,4,1,3.0,0
663,Apparel,1404.0,25.6,COD,163,1,0,301.1,10,1,,0
664,Apparel,1663.0,18.8,Prepaid_UPI,26,2,0,252.8,8,1,1.0,0
665,Electronics,9928.0,43.9,COD,71,1,0,399.8,5,1,3.0,0
666,Home,3725.0,23.7,Prepaid_UPI,403,4,2,110.2,1,1,2.0,0
667,Footwear,771.0,22.1,Prepaid_UPI,525,6,0,156.2,6,1,2.0,1
668,Beauty,1788.0,15.1,Prepaid_Card,283,2,0,308.3,4,1,,1
669,Apparel,1150.0,14.3,COD,5,0,0,163.2,4,1,4.0,1
670,Electronics,40254.0,25.6,Prepaid_UPI,124,3,0,144.7,4,1,2.0,0
671,Apparel,893.0,34.3,COD,305,3,0,469.8,9,0,3.0,0
672,Home,7412.0,11.7,COD,133,2,0,484.0,5,0,1.0,0
673,Beauty,481.0,23.9,Prepaid_Card,244,8,0,319.5,7,0,1.0,1
674,Home,4974.0,24.8,Prepaid_Card,106,1,0,165.6,5,1,2.0,0
675,Home,2670.0,27.4,Prepaid_UPI,435,11,0,189.2,5,1,,0
676,Electronics,9162.0,0.0,COD,140,2,0,278.8,6,0,,0
677,Beauty,371.0,8.1,Prepaid_Card,266,2,0,220.8,4,1,4.0,0
678,Electronics,29917.0,1.5,Prepaid_UPI,125,1,0,360.2,2,1,2.0,0
679,Apparel,820.0,22.5,COD,58,0,0,124.2,8,1,3.0,0
680,Electronics,26289.0,8.5,Prepaid_Card,5,0,0,126.6,1,0,2.0,0
681,Apparel,2163.0,14.6,Prepaid_UPI,616,4,0,231.0,5,1,,0
682,Apparel,969.0,4.1,Prepaid_UPI,440,4,2,485.3,9,0,5.0,0
683,Apparel,463.0,16.0,Prepaid_Card,173,1,0,314.6,5,1,5.0,0
684,Electronics,7456.0,5.1,Prepaid_UPI,1193,9,1,265.1,6,0,1.0,0
685,Home,1219.0,33.4,COD,630,4,0,264.2,6,0,4.0,0
686,Electronics,21492.0,29.2,COD,355,3,0,473.2,7,1,5.0,1
687,Electronics,33816.0,24.3,Wallet,210,1,0,606.7,7,1,,0
688,Beauty,847.0,17.5,Prepaid_UPI,273,3,0,121.7,1,0,5.0,0
689,Footwear,1083.0,0.0,Prepaid_Card,374,2,0,282.1,7,1,1.0,0
690,Home,5234.0,15.1,Prepaid_Card,149,2,1,297.2,4,0,3.0,0
691,Apparel,942.0,10.6,Prepaid_Card,358,25,8,189.9,3,0,1.0,0
692,Footwear,2801.0,25.7,COD,53,2,0,152.0,2,0,3.0,0
693,Apparel,2081.0,31.3,Prepaid_UPI,893,9,2,67.2,5,0,1.0,0
694,Electronics,13961.0,26.9,Prepaid_UPI,280,61,0,254.8,3,0,3.0,0
695,Beauty,1354.0,40.9,Prepaid_Card,37,1,0,588.2,5,1,4.0,0
696,Electronics,36538.0,13.5,COD,987,14,2,401.0,4,0,5.0,1
697,Footwear,3267.0,12.9,COD,184,2,0,255.9,5,1,1.0,0
698,Home,6086.0,37.6,COD,37,1,0,309.4,6,0,5.0,0
699,Home,6249.0,24.5,Prepaid_UPI,16,0,0,250.6,7,0,1.0,0
700,Apparel,1372.0,18.3,Prepaid_Card,974,8,4,249.6,7,1,4.0,1
701,Apparel,1365.0,49.7,COD,89,1,0,401.7,8,1,5.0,1
702,Electronics,32687.0,30.7,Prepaid_Card,220,2,0,260.0,4,1,5.0,0
703,Apparel,1656.0,19.1,Wallet,134,3,2,119.3,3,0,2.0,0
704,Footwear,3180.0,11.7,COD,89,0,0,138.0,4,0,4.0,0
705,Apparel,1088.0,41.9,Prepaid_Card,370,2,0,193.9,3,0,4.0,0
706,Home,6680.0,25.1,Prepaid_Card,116,2,0,302.4,2,1,4.0,1
707,Footwear,1445.0,22.4,COD,279,39,8,143.7,4,0,,1
708,Footwear,1123.0,32.1,Prepaid_Card,361,4,0,69.5,6,1,2.0,0
709,Electronics,16318.0,35.2,Prepaid_Card,779,5,1,203.4,7,1,2.0,0
710,Electronics,12318.0,30.2,COD,18,0,0,329.7,4,1,3.0,0
711,Beauty,1708.0,35.3,COD,225,1,0,419.7,7,0,4.0,1
712,Home,2079.0,28.8,Prepaid_UPI,56,0,0,153.8,5,1,2.0,0
713,Footwear,3126.0,30.3,COD,363,3,0,227.1,1,0,,0
714,Beauty,1356.0,11.0,Prepaid_Card,497,16,1,126.4,2,0,4.0,0
715,Footwear,1110.0,49.2,Prepaid_Card,85,10,1,183.0,5,1,2.0,1
716,Apparel,865.0,3.5,Prepaid_UPI,248,9,3,77.9,1,0,2.0,0
717,Home,4317.0,26.6,Prepaid_UPI,472,12,3,105.6,2,0,5.0,0
718,Apparel,1720.0,1.9,Prepaid_UPI,123,10,0,103.1,1,1,4.0,0
719,Home,3367.0,20.5,Prepaid_Card,350,4,0,431.8,4,1,4.0,0
720,Beauty,697.0,13.4,Prepaid_Card,288,2,0,143.6,5,0,,0
721,Electronics,14124.0,24.0,COD,701,254,75,365.3,1,1,1.0,0
722,Electronics,5366.0,27.1,COD,311,2,0,106.6,6,0,1.0,0
723,Apparel,445.0,7.7,COD,128,1,0,237.3,5,1,4.0,0
724,Beauty,2437.0,21.6,COD,130,4,0,284.1,2,1,5.0,0
725,Apparel,574.0,42.9,Prepaid_Card,584,101,11,316.4,5,0,5.0,0
726,Apparel,625.0,2.3,COD,863,10,0,63.5,3,1,3.0,0
727,Apparel,1968.0,9.2,COD,87,1,0,321.0,3,0,2.0,0
728,Apparel,1594.0,34.9,COD,1187,9,1,348.1,2,0,2.0,1
729,Electronics,20300.0,23.2,Prepaid_UPI,157,19,3,36.0,4,0,5.0,1
730,Electronics,29627.0,24.3,Prepaid_Card,132,1,0,131.8,4,0,3.0,0
731,Apparel,2083.0,37.3,Prepaid_UPI,96,1,0,334.0,4,1,,0
732,Apparel,579.0,10.1,Prepaid_Card,193,4,0,570.8,4,1,1.0,1
733,Apparel,839.0,14.2,Prepaid_UPI,292,2,0,330.7,5,1,1.0,1
734,Electronics,38881.0,12.4,Prepaid_UPI,1336,15,2,42.9,4,0,1.0,0
735,Apparel,1805.0,16.8,COD,380,10,1,319.9,1,0,,0
736,Home,7956.0,42.1,Wallet,53,0,0,104.9,4,0,1.0,0
737,Apparel,965.0,0.0,COD,529,13,1,285.0,2,0,4.0,0
738,Apparel,2101.0,4.1,Prepaid_Card,64,0,0,335.8,7,1,5.0,0
739,Electronics,16254.0,1.5,Prepaid_UPI,459,4,1,283.7,5,1,5.0,1
740,Electronics,32521.0,43.0,COD,128,3,0,385.3,7,1,4.0,1
741,Apparel,1989.0,12.8,Prepaid_Card,158,1,0,150.9,3,0,4.0,0
742,Apparel,707.0,17.1,COD,194,29,4,342.2,6,1,5.0,0
743,Footwear,1323.0,0.0,COD,536,12,0,195.1,2,0,1.0,0
744,Apparel,1446.0,18.1,COD,210,4,1,337.3,4,1,,1
745,Electronics,38160.0,35.0,COD,1310,8,5,117.1,2,0,,1
746,Electronics,4658.0,25.8,COD,157,1,1,159.5,6,1,,1
747,Electronics,38469.0,20.4,Prepaid_Card,41,1,0,367.9,8,0,2.0,0
748,Electronics,16229.0,0.0,Prepaid_Card,1004,12,2,231.4,5,0,1.0,1
749,Footwear,2125.0,17.1,Prepaid_Card,876,5,0,146.9,1,0,4.0,1
750,Footwear,1859.0,24.2,Prepaid_UPI,169,1,0,377.0,3,1,3.0,1
751,Apparel,2041.0,7.1,COD,29,2,0,160.0,11,1,2.0,1
752,Electronics,6929.0,31.8,COD,87,1,0,307.9,6,0,3.0,1
753,Apparel,1434.0,35.3,Prepaid_UPI,322,4,1,165.6,3,1,1.0,1
754,Electronics,7687.0,14.1,Wallet,179,3,0,568.2,7,1,5.0,0
755,Home,7450.0,32.9,Prepaid_Card,1125,12,2,261.7,5,1,4.0,0
756,Apparel,1836.0,20.4,COD,450,3,0,237.3,10,1,,0
757,Electronics,11441.0,39.2,Prepaid_UPI,181,1,0,416.6,5,1,3.0,0
758,Beauty,850.0,52.5,Prepaid_UPI,12,0,0,152.5,4,1,5.0,0
759,Apparel,1087.0,5.6,COD,2013,15,0,359.5,4,1,2.0,0
760,Electronics,18957.0,33.5,COD,218,2,0,141.9,4,1,,0
761,Home,6594.0,41.6,COD,676,5,1,228.7,3,1,5.0,0
762,Apparel,1416.0,7.4,Prepaid_Card,105,5,0,174.9,2,1,5.0,0
763,Apparel,1170.0,13.4,Wallet,28,0,0,109.7,3,1,,0
764,Apparel,1695.0,13.2,Prepaid_UPI,71,1,0,110.7,6,0,2.0,1
765,Beauty,1226.0,20.0,COD,668,10,0,176.3,4,1,4.0,0
766,Apparel,631.0,16.7,Prepaid_Card,51,0,0,347.7,3,0,1.0,0
767,Apparel,593.0,19.0,Prepaid_UPI,1019,10,2,887.3,2,1,2.0,0
768,Apparel,987.0,34.6,Prepaid_Card,653,9,0,112.0,6,0,2.0,1
769,Apparel,1485.0,0.0,Prepaid_UPI,344,4,0,225.8,8,1,1.0,0
770,Home,1338.0,7.4,COD,86,1,1,196.7,3,0,1.0,1
771,Apparel,1390.0,32.0,COD,56,0,0,355.7,3,1,2.0,0
772,Home,2376.0,30.3,Prepaid_Card,120,1,0,482.4,2,1,5.0,0
773,Home,5655.0,6.1,Prepaid_Card,387,3,0,272.2,6,0,3.0,0
774,Footwear,613.0,30.4,Wallet,225,2,0,116.9,7,0,3.0,0
775,Apparel,1244.0,41.9,Prepaid_Card,254,7,0,197.5,5,0,5.0,0
776,Footwear,709.0,21.3,COD,576,4,0,316.0,2,0,,0
777,Home,2845.0,6.9,COD,162,3,0,203.3,5,0,1.0,0
778,Apparel,428.0,35.1,Prepaid_Card,327,3,0,130.7,5,1,3.0,0
779,Footwear,2376.0,47.8,COD,103,1,0,241.2,5,0,4.0,1
780,Footwear,3568.0,8.7,Prepaid_UPI,193,4,0,209.6,2,0,3.0,0
781,Apparel,580.0,22.6,COD,10,0,0,78.0,2,0,5.0,1
782,Beauty,1878.0,38.4,COD,10,0,0,280.9,1,1,2.0,1
783,Electronics,26788.0,23.7,Prepaid_Card,43,0,0,365.6,7,1,4.0,0
784,Home,4185.0,0.0,COD,84,1,1,468.0,7,1,2.0,0
785,Beauty,1559.0,28.7,Prepaid_Card,22,0,0,619.4,1,1,2.0,0
786,Electronics,15912.0,7.3,Prepaid_Card,413,38,8,761.4,3,0,3.0,0
787,Footwear,3341.0,2.9,Prepaid_Card,746,22,1,95.0,3,0,,0
788,Apparel,1803.0,0.0,Prepaid_UPI,7,1,0,296.9,7,0,2.0,1
789,Footwear,3613.0,39.9,Prepaid_UPI,761,5,1,67.7,5,1,5.0,0
790,Home,2375.0,9.5,Prepaid_UPI,2,0,0,273.3,8,1,2.0,0
791,Apparel,1577.0,27.0,COD,76,0,0,343.3,4,1,,0
792,Electronics,7687.0,30.7,COD,956,8,0,99.6,2,0,4.0,0
793,Apparel,1292.0,24.4,Prepaid_UPI,229,1,0,636.2,3,1,2.0,0
794,Apparel,405.0,26.4,Prepaid_Card,5,0,0,103.8,2,0,5.0,0
795,Apparel,748.0,27.7,Prepaid_Card,590,6,0,125.4,7,0,4.0,1
796,Electronics,28870.0,24.1,Prepaid_Card,182,26,1,345.9,9,1,1.0,1
797,Apparel,1974.0,10.6,Prepaid_UPI,400,5,1,299.3,6,1,2.0,0
798,Apparel,488.0,9.3,COD,508,5,1,303.1,3,1,5.0,1
799,Footwear,2734.0,20.4,Prepaid_Card,143,7,2,32.4,5,1,4.0,0
800,Home,5203.0,20.1,COD,1715,10,1,315.0,1,1,,0
801,Footwear,4230.0,28.4,COD,70,25,0,289.0,4,1,5.0,0
802,Apparel,1579.0,38.5,Prepaid_UPI,1311,26,15,171.8,1,1,5.0,1
803,Footwear,912.0,27.2,Prepaid_Card,606,5,0,81.2,6,1,3.0,0
804,Home,1430.0,9.8,COD,53,1,1,238.0,4,0,4.0,0
805,Apparel,1544.0,0.0,Prepaid_UPI,3,0,0,370.2,6,1,4.0,0
806,Apparel,788.0,10.5,Prepaid_UPI,98,1,0,441.2,6,1,5.0,0
807,Home,7448.0,1.8,Prepaid_Card,52,1,0,199.9,3,0,1.0,0
808,Apparel,2057.0,11.0,Wallet,21,0,0,478.1,7,0,1.0,0
809,Electronics,42751.0,25.6,Prepaid_Card,512,23,8,75.6,2,1,2.0,1
810,Beauty,838.0,23.3,Prepaid_UPI,586,49,1,372.9,10,0,1.0,0
811,Apparel,1691.0,49.9,COD,27,0,0,232.6,2,0,2.0,0
812,Apparel,1593.0,29.2,COD,54,0,0,73.0,6,0,1.0,0
813,Beauty,234.0,50.6,COD,755,8,0,433.0,7,0,5.0,0
814,Home,2345.0,32.7,COD,249,5,0,234.9,5,0,,0
815,Apparel,772.0,38.3,Prepaid_Card,835,168,12,388.3,2,0,2.0,0
816,Footwear,1983.0,16.6,COD,34,0,0,221.0,3,1,4.0,0
817,Footwear,4312.0,5.9,Prepaid_Card,937,24,0,217.2,2,1,2.0,0
818,Electronics,38237.0,15.3,COD,166,2,1,170.0,4,1,3.0,0
819,Home,2559.0,21.8,COD,225,47,5,241.5,6,0,1.0,1
820,Apparel,1354.0,12.6,Wallet,171,9,0,307.9,6,1,4.0,0
821,Apparel,746.0,7.0,Prepaid_Card,2,0,0,227.1,5,1,5.0,0
822,Home,2436.0,28.3,Wallet,53,2,1,106.2,1,0,5.0,0
823,Apparel,517.0,6.9,Prepaid_Card,158,2,1,294.4,8,1,5.0,0
824,Home,5248.0,0.0,COD,117,2,0,294.5,4,0,1.0,0
825,Footwear,3128.0,5.2,Prepaid_Card,501,3,1,103.2,4,1,2.0,0
826,Apparel,1909.0,18.5,Prepaid_Card,79,3,0,158.6,5,1,2.0,0
827,Home,7011.0,7.1,COD,780,10,0,98.3,1,0,5.0,0
828,Apparel,688.0,18.6,Prepaid_UPI,25,0,0,245.1,4,0,2.0,0
829,Footwear,3472.0,31.0,Prepaid_Card,161,4,1,343.0,4,0,4.0,0
830,Apparel,642.0,30.6,Prepaid_UPI,611,32,4,319.7,4,0,4.0,0
831,Home,3178.0,12.1,Prepaid_Card,55,14,5,80.8,7,0,5.0,0
832,Home,4270.0,2.4,Prepaid_Card,931,174,41,237.0,2,0,1.0,0
833,Electronics,3367.0,13.4,COD,285,4,0,118.8,4,0,,1
834,Home,1507.0,31.8,Wallet,749,64,6,94.8,3,0,2.0,0
835,Footwear,1584.0,35.3,COD,210,3,0,237.4,4,1,,0
836,Home,1282.0,27.3,COD,302,4,0,173.3,6,1,3.0,0
837,Footwear,4236.0,40.0,COD,322,4,0,581.3,4,1,2.0,1
838,Beauty,828.0,47.9,Prepaid_Card,286,8,2,615.8,4,0,1.0,0
839,Electronics,23151.0,14.8,Wallet,203,2,0,342.2,1,0,1.0,1
840,Electronics,44848.0,44.3,Prepaid_UPI,521,7,0,166.3,6,1,5.0,0
841,Apparel,1420.0,18.1,Prepaid_UPI,751,4,2,61.9,1,1,5.0,1
842,Footwear,2146.0,37.3,Wallet,301,30,5,161.5,3,1,5.0,0
843,Electronics,41925.0,32.6,Prepaid_UPI,731,63,10,373.0,3,1,,1
844,Electronics,10945.0,0.0,COD,280,2,0,183.5,1,0,5.0,0
845,Apparel,723.0,7.5,Prepaid_Card,761,15,0,80.1,5,1,3.0,0
846,Footwear,2641.0,3.7,COD,148,4,0,525.7,4,0,3.0,0
847,Electronics,19916.0,0.0,COD,161,1,1,131.6,6,1,,1
848,Home,6437.0,35.2,COD,256,3,1,142.7,6,0,,1
849,Apparel,476.0,53.0,COD,19,0,0,460.7,6,1,4.0,1
850,Beauty,1602.0,18.1,Wallet,885,259,3,267.9,6,1,1.0,0
851,Apparel,1679.0,34.8,Wallet,408,8,0,276.0,6,0,1.0,0
852,Apparel,2149.0,44.3,COD,257,5,0,280.0,7,0,5.0,0
853,Footwear,1083.0,25.1,Prepaid_UPI,10,0,0,120.9,5,0,3.0,0
854,Beauty,729.0,21.6,COD,389,6,0,331.5,5,1,1.0,0
855,Apparel,2078.0,18.3,COD,4,0,0,409.0,4,1,4.0,0
856,Electronics,28822.0,30.1,COD,44,0,0,248.8,5,1,,0
857,Footwear,652.0,35.1,COD,314,2,0,210.6,6,1,,0
858,Footwear,809.0,28.9,COD,51,2,0,482.3,6,0,,1
859,Electronics,35602.0,28.4,COD,111,1,0,383.2,4,1,3.0,1
860,Electronics,26055.0,21.2,COD,540,4,0,135.9,9,1,4.0,1
861,Footwear,2762.0,0.0,COD,2500,18,0,357.6,8,1,1.0,1
862,Footwear,4019.0,35.5,Wallet,378,2,0,216.1,3,0,3.0,0
863,Footwear,1464.0,2.7,COD,624,5,0,276.2,4,1,3.0,0
864,Home,1535.0,31.3,COD,125,1,0,596.4,8,0,1.0,0
865,Apparel,1505.0,33.3,Prepaid_Card,147,13,0,79.0,3,1,3.0,0
866,Beauty,2224.0,4.9,COD,722,7,1,50.4,2,1,1.0,0
867,Footwear,1561.0,12.9,Prepaid_Card,416,4,1,158.5,10,0,2.0,1
868,Footwear,3225.0,53.8,COD,1004,8,2,212.1,3,1,,0
869,Apparel,674.0,20.8,Prepaid_Card,173,2,0,142.6,1,0,3.0,0
870,Apparel,709.0,3.7,Prepaid_Card,201,3,0,335.5,3,1,5.0,0
871,Footwear,4106.0,34.0,Prepaid_UPI,475,5,0,307.3,4,0,2.0,1
872,Apparel,612.0,10.4,Prepaid_Card,212,1,0,241.6,6,0,1.0,1
873,Beauty,207.0,0.0,Prepaid_Card,40,1,1,288.1,5,0,3.0,0
874,Electronics,35142.0,29.8,COD,921,7,2,279.8,1,1,,0
875,Home,3091.0,8.3,COD,586,5,0,505.8,1,1,1.0,0
876,Footwear,2087.0,26.8,Prepaid_Card,23,0,0,125.8,6,1,,0
877,Electronics,36234.0,9.8,COD,372,5,1,269.8,5,0,4.0,1
878,Apparel,724.0,32.6,COD,304,3,0,455.7,7,0,4.0,0
879,Home,5308.0,24.8,Prepaid_UPI,839,6,0,204.3,3,0,5.0,0
880,Home,2714.0,0.0,COD,182,8,2,238.1,4,1,,1
881,Electronics,5767.0,27.7,COD,50,0,0,376.8,3,1,2.0,0
882,Home,5594.0,17.7,Prepaid_Card,411,3,0,58.0,3,1,5.0,0
883,Beauty,899.0,43.3,COD,277,4,0,411.7,5,1,3.0,0
884,Electronics,39157.0,27.9,Prepaid_UPI,162,42,8,294.7,3,0,3.0,0
885,Apparel,2054.0,33.3,Wallet,2500,121,2,354.1,1,0,1.0,0
886,Electronics,38388.0,11.3,Wallet,372,13,0,340.2,7,1,3.0,0
887,Electronics,15319.0,10.1,Prepaid_Card,168,8,1,87.0,5,1,5.0,1
888,Apparel,826.0,21.6,COD,100,5,0,94.5,6,0,,0
889,Apparel,2007.0,16.6,Prepaid_Card,912,5,1,41.9,7,1,5.0,0
890,Home,3788.0,42.1,Prepaid_Card,25,0,0,86.9,4,1,4.0,0
891,Electronics,32199.0,19.7,Prepaid_Card,741,5,0,119.7,4,1,2.0,1
892,Beauty,2094.0,3.6,COD,49,0,0,245.1,2,1,5.0,1
893,Apparel,900.0,9.6,COD,31,0,0,470.6,6,0,5.0,0
894,Apparel,614.0,36.5,COD,209,1,0,195.9,1,0,2.0,0
895,Footwear,2999.0,19.5,COD,376,8,1,231.5,5,1,5.0,0
896,Footwear,2861.0,18.7,COD,1107,9,0,219.8,6,0,4.0,1
897,Apparel,886.0,37.9,Wallet,83,1,1,312.6,2,0,,1
898,Apparel,1452.0,8.3,COD,3,0,0,158.0,7,1,4.0,1
899,Apparel,1823.0,0.0,Prepaid_Card,15,0,0,226.6,1,0,5.0,0
900,Electronics,16530.0,9.2,Wallet,161,1,0,390.5,2,1,5.0,1
901,Electronics,11814.0,25.6,COD,159,2,0,479.2,4,0,,1
902,Apparel,1705.0,18.3,Prepaid_Card,223,5,1,458.8,6,0,4.0,0
903,Apparel,1815.0,0.0,Prepaid_UPI,51,1,0,424.7,1,1,4.0,0
904,Electronics,42998.0,37.2,COD,686,8,0,444.1,6,0,3.0,0
905,Beauty,497.0,24.5,Prepaid_Card,208,4,0,241.2,6,0,2.0,0
906,Home,7147.0,27.8,Prepaid_UPI,32,4,1,154.1,4,0,3.0,0
907,Electronics,34711.0,28.3,Prepaid_UPI,709,34,0,288.2,5,0,1.0,0
908,Apparel,1663.0,2.5,Prepaid_UPI,162,1,1,309.2,7,1,1.0,1
909,Apparel,963.0,26.5,Wallet,338,2,0,200.8,8,1,5.0,0
910,Apparel,440.0,35.6,COD,953,6,0,160.2,3,0,,1
911,Footwear,2530.0,39.1,Prepaid_UPI,270,3,1,451.3,3,0,,0
912,Footwear,1643.0,32.8,Prepaid_Card,3,0,0,235.8,4,0,1.0,0
913,Beauty,831.0,29.7,Prepaid_UPI,3,0,0,193.4,2,0,1.0,0
914,Beauty,2329.0,0.0,Prepaid_UPI,2317,27,3,205.4,7,0,2.0,0
915,Beauty,509.0,21.8,Prepaid_UPI,207,2,0,265.8,6,1,,0
916,Beauty,2345.0,7.7,Prepaid_UPI,157,3,0,156.0,4,1,3.0,0
917,Apparel,1307.0,41.2,COD,17,0,0,305.2,7,1,2.0,1
918,Apparel,1909.0,39.0,Prepaid_Card,231,3,1,26.7,6,0,3.0,0
919,Apparel,910.0,7.7,COD,418,2,0,102.4,7,1,4.0,0
920,Home,5181.0,21.3,Prepaid_Card,1463,45,11,189.1,6,0,1.0,0
921,Apparel,1402.0,25.7,Prepaid_UPI,7,0,0,318.3,8,0,3.0,0
922,Footwear,4197.0,35.5,Prepaid_UPI,347,5,2,190.3,1,0,3.0,0
923,Home,1681.0,0.0,Prepaid_Card,228,6,4,404.9,6,0,4.0,0
924,Home,1875.0,0.0,Prepaid_Card,84,0,0,474.8,8,0,4.0,0
925,Apparel,2108.0,22.6,COD,128,1,0,220.6,4,0,,1
926,Apparel,576.0,0.0,COD,552,8,0,132.9,3,1,3.0,0
927,Apparel,1542.0,24.4,COD,385,3,1,225.6,4,0,,0
928,Footwear,742.0,30.9,Wallet,89,1,0,397.5,5,0,3.0,0
929,Home,893.0,40.5,COD,233,6,2,125.8,7,0,1.0,1
930,Footwear,2889.0,12.7,Wallet,64,1,0,337.3,5,1,1.0,0
931,Apparel,1392.0,24.4,COD,437,8,5,216.6,7,1,4.0,1
932,Electronics,26299.0,31.8,Prepaid_UPI,59,1,0,350.9,6,1,5.0,1
933,Electronics,21946.0,4.4,Prepaid_Card,372,3,2,303.8,7,0,3.0,0
934,Footwear,3469.0,35.7,Prepaid_UPI,202,4,1,166.6,5,1,5.0,0
935,Footwear,4469.0,26.1,Prepaid_Card,287,3,0,218.8,4,1,3.0,0
936,Apparel,896.0,12.9,Prepaid_UPI,596,5,2,312.2,2,0,4.0,0
937,Beauty,910.0,24.1,Wallet,440,6,1,387.8,1,1,4.0,0
938,Apparel,981.0,19.9,Prepaid_Card,233,3,1,218.0,4,0,3.0,0
939,Footwear,3553.0,33.7,COD,4,0,0,396.6,1,0,2.0,0
940,Apparel,1026.0,16.6,COD,412,6,1,633.5,4,0,4.0,0
941,Apparel,1618.0,25.4,Prepaid_UPI,633,8,1,411.7,6,1,3.0,1
942,Footwear,2284.0,12.7,Prepaid_Card,820,15,2,237.5,5,0,5.0,0
943,Apparel,1494.0,7.9,Prepaid_Card,297,3,0,232.8,1,1,1.0,0
944,Electronics,37511.0,24.6,Prepaid_Card,20,0,0,91.3,4,1,1.0,0
945,Electronics,23716.0,8.5,COD,188,3,1,211.9,6,0,4.0,1
946,Apparel,1255.0,34.0,Prepaid_UPI,72,0,0,340.0,7,0,3.0,0
947,Home,2356.0,30.9,Prepaid_UPI,62,2,1,387.6,6,1,,0
948,Footwear,2564.0,10.5,Prepaid_UPI,640,8,0,121.7,4,0,3.0,1
949,Footwear,1550.0,25.2,Prepaid_UPI,6,0,0,300.8,5,1,4.0,0
950,Electronics,38148.0,10.5,Prepaid_UPI,106,1,0,436.2,9,1,1.0,1
951,Electronics,18232.0,0.0,Prepaid_Card,49,0,0,118.5,5,1,3.0,0
952,Apparel,632.0,13.0,Wallet,535,9,2,278.3,1,0,3.0,0
953,Apparel,832.0,21.2,COD,1144,17,0,170.3,3,0,3.0,0
954,Apparel,1362.0,29.8,Prepaid_Card,131,1,0,103.9,3,1,5.0,1
955,Beauty,2303.0,24.2,Prepaid_UPI,174,2,0,220.8,2,0,1.0,0
956,Footwear,1702.0,35.6,Prepaid_Card,72,1,0,83.8,3,1,1.0,0
957,Footwear,1558.0,7.3,COD,541,4,0,166.9,11,0,3.0,0
958,Electronics,19007.0,16.3,Prepaid_Card,627,159,13,246.4,2,0,1.0,0
959,Electronics,43588.0,46.7,COD,347,3,0,388.8,3,1,3.0,1
960,Electronics,38221.0,0.0,Wallet,99,1,0,125.0,11,0,4.0,1
961,Electronics,7755.0,15.2,COD,75,1,0,203.5,6,0,5.0,0
962,Electronics,28082.0,5.9,COD,368,6,1,392.8,5,0,,1
963,Apparel,1825.0,19.1,Prepaid_Card,796,5,1,149.2,6,1,1.0,0
964,Apparel,1782.0,15.5,COD,2500,19,4,108.3,5,1,,1
965,Beauty,1299.0,31.0,COD,640,13,0,469.1,3,0,4.0,0
966,Electronics,33254.0,25.8,Prepaid_Card,445,8,2,229.3,5,1,5.0,0
967,Beauty,1521.0,2.4,Prepaid_Card,152,1,0,402.6,6,1,2.0,0
968,Apparel,763.0,13.2,COD,249,2,1,163.5,1,0,3.0,0
969,Home,732.0,22.0,Prepaid_Card,557,6,0,344.4,3,0,5.0,1
970,Apparel,1065.0,33.1,Prepaid_Card,1980,12,1,398.2,1,0,2.0,0
971,Apparel,511.0,58.5,Prepaid_UPI,324,5,0,174.1,2,0,1.0,0
972,Apparel,1111.0,32.5,COD,216,3,0,333.9,6,1,3.0,1
973,Apparel,1892.0,6.8,COD,272,2,1,155.7,3,0,3.0,1
974,Beauty,2134.0,20.6,Wallet,206,19,2,463.6,4,0,1.0,0
975,Electronics,2692.0,24.7,Prepaid_Card,208,8,1,156.1,1,0,3.0,0
976,Home,835.0,14.2,COD,114,1,0,479.8,1,1,,1
977,Electronics,30540.0,29.1,Prepaid_UPI,198,4,0,299.1,2,1,1.0,0
978,Electronics,23100.0,0.0,COD,325,10,0,206.9,1,0,3.0,0
979,Electronics,7742.0,30.3,Prepaid_UPI,309,17,0,513.0,5,0,5.0,0
980,Apparel,1850.0,14.9,Prepaid_UPI,192,5,0,168.9,5,0,1.0,0
981,Beauty,659.0,20.4,Wallet,374,8,0,629.1,6,0,1.0,0
982,Footwear,813.0,44.0,Wallet,126,2,0,335.2,7,0,5.0,0
983,Footwear,3498.0,3.1,COD,56,0,0,114.2,8,1,5.0,0
984,Electronics,27836.0,26.1,Prepaid_UPI,111,1,0,188.9,5,0,2.0,0
985,Apparel,1110.0,33.9,COD,244,2,1,213.0,5,1,2.0,1
986,Beauty,1778.0,24.6,Prepaid_Card,318,12,1,639.0,5,1,2.0,0
987,Electronics,41118.0,0.0,Prepaid_Card,149,4,1,448.7,2,0,3.0,0
988,Apparel,462.0,42.3,COD,636,4,0,390.2,5,1,4.0,1
989,Electronics,28692.0,18.8,COD,276,2,1,172.6,3,0,,1
990,Footwear,1373.0,14.1,COD,676,5,0,224.6,2,1,,0
991,Home,3951.0,17.3,COD,664,10,0,340.4,1,1,5.0,0
992,Footwear,2196.0,16.3,COD,734,7,1,350.0,1,0,1.0,1
993,Footwear,2060.0,4.1,Wallet,368,4,0,233.1,4,0,4.0,1
994,Apparel,743.0,24.5,Prepaid_Card,633,16,4,216.9,3,1,,1
995,Beauty,2036.0,13.0,Prepaid_UPI,1701,11,1,342.3,3,0,5.0,0
996,Electronics,17823.0,32.1,Prepaid_UPI,492,8,0,515.3,2,0,4.0,0
997,Home,7131.0,29.8,Prepaid_UPI,28,0,0,13.3,3,0,5.0,1
998,Apparel,1038.0,46.4,COD,82,3,0,85.6,2,1,5.0,0
999,Beauty,2123.0,18.8,Prepaid_UPI,795,7,2,345.0,5,0,5.0,0
1000,Apparel,1380.0,10.0,Prepaid_UPI,95,1,1,185.1,6,0,1.0,0
1001,Apparel,1094.0,0.0,Prepaid_UPI,60,1,0,142.2,3,1,4.0,0
1002,Electronics,32037.0,54.9,Wallet,290,2,0,98.1,7,1,5.0,1
1003,Apparel,1816.0,31.9,Prepaid_Card,584,12,0,150.8,3,1,3.0,0
1004,Apparel,1269.0,11.6,Prepaid_Card,185,1,0,254.2,1,1,1.0,0
1005,Home,3576.0,47.4,Prepaid_UPI,246,2,2,219.0,7,0,1.0,0
1006,Electronics,26491.0,42.3,Prepaid_Card,134,1,0,234.0,1,1,5.0,1
1007,Beauty,1525.0,1.7,Prepaid_UPI,455,3,0,228.9,3,1,5.0,0
1008,Apparel,1166.0,10.7,COD,220,2,0,324.2,6,0,1.0,1
1009,Footwear,3531.0,20.0,COD,159,2,0,340.2,7,1,5.0,0
1010,Electronics,18708.0,5.9,Prepaid_Card,29,0,0,122.3,4,1,4.0,0
1011,Home,3788.0,20.6,COD,475,3,0,197.9,3,1,2.0,0
1012,Home,4961.0,32.7,Wallet,38,0,0,611.9,9,0,2.0,0
1013,Electronics,44424.0,1.4,COD,22,0,0,125.8,7,0,2.0,1
1014,Beauty,763.0,26.4,Prepaid_UPI,1081,13,2,277.5,7,0,2.0,0
1015,Electronics,11360.0,39.5,COD,175,4,2,362.0,6,1,1.0,0
1016,Apparel,718.0,28.0,Wallet,79,7,1,437.1,6,0,2.0,1
1017,Home,5609.0,20.9,COD,725,6,0,318.5,5,1,1.0,0
1018,Footwear,2296.0,12.0,COD,49,0,0,205.9,4,1,4.0,0
1019,Apparel,1099.0,34.5,COD,379,3,0,169.0,1,1,4.0,0
1020,Electronics,10139.0,4.3,Prepaid_Card,307,3,1,314.4,2,0,2.0,0
1021,Footwear,4065.0,25.6,Wallet,875,14,1,380.2,6,0,5.0,0
1022,Footwear,2273.0,22.4,Wallet,107,2,0,501.4,7,1,5.0,1
1023,Beauty,1578.0,38.9,COD,85,6,0,458.8,5,0,4.0,1
1024,Electronics,6129.0,13.3,Prepaid_Card,37,1,0,397.8,2,1,1.0,0
1025,Home,1131.0,14.5,COD,37,0,0,102.9,5,1,3.0,0
1026,Apparel,521.0,3.4,Prepaid_Card,152,1,0,124.0,5,1,1.0,0
1027,Beauty,1013.0,28.6,Prepaid_Card,578,4,0,788.0,1,0,,0
1028,Electronics,21912.0,15.6,COD,843,50,5,232.9,8,0,1.0,0
1029,Footwear,1478.0,9.1,Prepaid_Card,18,0,0,296.1,6,0,4.0,0
1030,Electronics,16516.0,10.5,Prepaid_UPI,444,4,0,52.6,2,0,5.0,0
1031,Home,348.0,30.1,COD,187,3,0,409.8,4,1,,0
1032,Home,3003.0,5.5,COD,18,0,0,261.2,4,0,4.0,0
1033,Electronics,6420.0,6.8,COD,257,1,0,255.1,7,1,3.0,0
1034,Beauty,452.0,35.4,COD,10,0,0,751.5,3,1,4.0,0
1035,Electronics,1397.0,19.5,COD,472,4,0,319.6,2,0,3.0,0
1036,Home,5662.0,36.3,Prepaid_Card,26,1,0,219.9,4,0,5.0,0
1037,Electronics,41990.0,16.6,COD,207,5,1,256.9,2,0,2.0,0
1038,Electronics,28424.0,22.0,Prepaid_UPI,268,9,1,176.3,7,0,3.0,0
1039,Electronics,5414.0,24.3,Prepaid_UPI,265,34,14,132.6,4,0,4.0,0
1040,Apparel,2181.0,42.8,Wallet,125,1,0,230.3,2,1,2.0,0
1041,Apparel,2156.0,41.6,Prepaid_UPI,602,22,2,90.1,3,0,5.0,0
1042,Home,3905.0,39.3,COD,1239,10,6,197.9,3,0,,1
1043,Home,1131.0,12.6,COD,11,0,0,44.7,4,0,4.0,0
1044,Home,5850.0,7.2,COD,23,0,0,402.2,1,1,2.0,0
1045,Apparel,2131.0,33.4,Wallet,18,0,0,653.4,2,0,1.0,0
1046,Electronics,35307.0,42.7,Wallet,9,0,0,229.1,5,1,3.0,0
1047,Apparel,1524.0,39.4,COD,347,4,0,141.9,7,1,3.0,1
1048,Footwear,2943.0,22.2,COD,317,9,2,277.7,3,0,,0
1049,Footwear,4412.0,32.9,Prepaid_Card,148,2,0,433.7,5,1,4.0,0
1050,Apparel,532.0,33.2,COD,409,4,0,160.5,10,0,5.0,0
1051,Home,1452.0,24.2,Wallet,927,8,0,345.5,5,1,1.0,0
1052,Apparel,1895.0,24.9,COD,126,3,1,96.6,1,1,3.0,1
1053,Apparel,661.0,23.5,COD,52,1,0,274.6,6,0,,0
1054,Apparel,1090.0,10.2,Prepaid_Card,4,0,0,361.1,5,0,5.0,0
1055,Apparel,907.0,11.7,COD,830,5,1,82.4,3,0,3.0,0
1056,Home,2175.0,11.5,COD,454,4,0,364.3,2,1,,0
1057,Beauty,210.0,0.0,Prepaid_UPI,271,3,1,215.8,6,1,2.0,1
1058,Apparel,1419.0,24.1,COD,331,3,0,540.6,1,1,4.0,1
1059,Home,3390.0,21.4,Prepaid_Card,20,1,0,271.7,4,0,1.0,0
1060,Home,4547.0,33.4,COD,416,3,1,377.0,4,1,,0
1061,Beauty,866.0,40.9,COD,216,6,0,614.5,3,0,3.0,0
1062,Home,7549.0,41.9,COD,124,1,0,215.9,4,0,4.0,0
1063,Apparel,1464.0,43.3,COD,162,4,0,64.7,2,1,5.0,0
1064,Home,7701.0,10.6,COD,85,1,0,140.7,6,0,,0
1065,Electronics,16530.0,0.5,COD,1459,11,0,250.3,11,0,2.0,1
1066,Beauty,155.0,36.0,Prepaid_UPI,397,3,0,818.5,2,1,4.0,0
1067,Electronics,35419.0,42.7,Prepaid_UPI,269,3,0,533.6,5,0,,1
1068,Home,6671.0,45.3,Wallet,21,0,0,162.2,5,1,5.0,0
1069,Apparel,506.0,29.3,Prepaid_Card,24,0,0,211.6,5,0,3.0,0
1070,Electronics,28591.0,0.0,Prepaid_UPI,847,7,1,353.2,3,0,4.0,0
1071,Footwear,3144.0,27.5,Prepaid_UPI,602,7,5,477.4,5,0,5.0,0
1072,Home,1422.0,30.3,COD,60,1,0,86.7,5,0,4.0,0
1073,Electronics,25401.0,40.8,COD,119,1,0,355.8,6,0,3.0,1
1074,Beauty,722.0,43.4,Prepaid_Card,409,13,3,252.3,6,1,5.0,0
1075,Footwear,566.0,35.6,Prepaid_UPI,382,3,1,73.2,7,0,5.0,1
1076,Electronics,39171.0,13.2,Prepaid_Card,166,6,1,193.3,3,1,2.0,1
1077,Home,4086.0,6.6,COD,287,2,0,170.2,5,1,,0
1078,Electronics,35438.0,30.0,Wallet,419,6,0,167.5,4,1,2.0,0
1079,Home,5866.0,10.1,COD,682,5,2,476.7,6,1,5.0,1
1080,Electronics,44724.0,44.1,Wallet,62,3,0,305.8,1,1,3.0,0
1081,Apparel,1188.0,0.0,Prepaid_UPI,155,2,1,194.9,7,0,1.0,1
1082,Beauty,1155.0,30.5,Prepaid_UPI,412,13,4,168.6,5,0,2.0,0
1083,Beauty,812.0,26.8,Prepaid_UPI,44,0,0,280.5,7,0,2.0,0
1084,Footwear,3001.0,18.9,COD,2500,103,5,187.0,5,1,,0
1085,Beauty,1292.0,8.1,Prepaid_Card,1160,13,2,364.0,4,0,,0
1086,Footwear,3415.0,0.0,Prepaid_UPI,340,16,0,221.6,3,1,4.0,0
1087,Footwear,1926.0,14.0,Prepaid_UPI,127,1,0,60.5,4,1,3.0,0
1088,Footwear,1023.0,14.3,COD,388,7,0,89.8,1,0,1.0,0
1089,Electronics,38975.0,38.7,COD,1637,15,1,154.2,4,1,2.0,1
1090,Electronics,37468.0,10.3,COD,30,1,0,219.7,3,0,,1
1091,Apparel,1032.0,28.8,Prepaid_Card,301,5,2,305.3,5,1,2.0,0
1092,Home,5616.0,2.6,Prepaid_Card,302,14,1,292.3,3,1,1.0,0
1093,Apparel,1286.0,29.2,Prepaid_UPI,84,1,0,566.6,5,1,5.0,0
1094,Apparel,1770.0,0.0,Prepaid_UPI,412,158,19,33.6,4,1,1.0,0
1095,Home,3304.0,53.4,Prepaid_UPI,77,0,0,28.1,1,0,4.0,0
1096,Electronics,24661.0,19.9,COD,358,5,1,80.2,5,1,,0
1097,Apparel,504.0,0.0,Prepaid_Card,38,0,0,130.8,6,0,4.0,0
1098,Footwear,1200.0,11.2,COD,988,19,1,374.1,6,0,,0
1099,Footwear,3627.0,8.9,COD,973,21,0,278.9,3,0,3.0,0
1100,Apparel,1087.0,12.2,COD,1375,9,0,80.7,1,1,5.0,0
1101,Apparel,463.0,16.5,COD,64,0,0,132.3,7,1,,0
1102,Electronics,8542.0,12.1,COD,1002,9,0,138.8,5,0,,0
1103,Footwear,2146.0,9.8,Prepaid_Card,555,4,1,117.9,2,1,5.0,0
1104,Footwear,3372.0,4.6,COD,49,1,0,187.7,3,1,1.0,1
1105,Apparel,1054.0,34.3,COD,119,1,0,160.1,5,0,,0
1106,Footwear,3481.0,40.0,COD,437,5,1,168.6,6,0,,1
1107,Apparel,1945.0,18.2,Prepaid_Card,8,0,0,85.0,4,0,5.0,0
1108,Electronics,16142.0,21.7,Prepaid_Card,20,0,0,304.6,1,0,3.0,0
1109,Beauty,2031.0,5.1,COD,15,0,0,225.7,1,1,1.0,0
1110,Apparel,628.0,23.1,COD,1073,10,2,152.0,3,0,3.0,1
1111,Apparel,1148.0,25.4,Wallet,21,0,0,100.8,3,0,1.0,0
1112,Electronics,5473.0,18.7,Prepaid_Card,94,11,1,177.7,2,0,4.0,0
1113,Home,704.0,27.9,Prepaid_UPI,30,0,0,62.6,8,1,2.0,0
1114,Beauty,302.0,26.6,Prepaid_Card,839,7,0,281.4,1,0,5.0,0
1115,Beauty,396.0,6.2,Prepaid_UPI,419,7,0,295.3,3,1,3.0,1
1116,Apparel,1904.0,39.9,Prepaid_UPI,192,3,0,218.5,9,1,3.0,0
1117,Apparel,1379.0,18.9,COD,647,5,0,551.5,3,0,1.0,1
1118,Footwear,4290.0,47.1,Prepaid_UPI,336,2,0,301.1,4,0,,1
1119,Apparel,1368.0,28.3,COD,544,6,0,353.6,8,1,,0
1120,Footwear,3015.0,51.6,Prepaid_Card,249,1,0,289.3,4,0,1.0,0
1121,Home,1721.0,39.6,COD,397,20,0,291.2,5,0,4.0,1
1122,Apparel,1373.0,25.4,COD,469,11,1,248.1,3,1,,0
1123,Footwear,2041.0,11.2,Wallet,108,6,0,345.6,3,0,5.0,0
1124,Apparel,2077.0,11.5,Prepaid_UPI,308,4,2,235.5,1,0,2.0,0
1125,Electronics,42106.0,30.0,COD,165,1,0,107.8,4,0,3.0,1
1126,Home,1828.0,24.1,Wallet,101,3,1,371.4,5,0,,0
1127,Electronics,28362.0,13.2,COD,157,2,0,285.1,9,1,,0
1128,Home,5214.0,34.5,Prepaid_Card,231,2,1,114.8,3,1,5.0,1
1129,Home,4632.0,22.6,Prepaid_UPI,1287,11,7,210.3,7,1,3.0,0
1130,Beauty,442.0,34.6,COD,762,7,2,73.0,7,0,1.0,0
1131,Beauty,1687.0,7.4,Prepaid_Card,330,3,0,467.7,3,0,5.0,0
1132,Electronics,36200.0,37.0,Prepaid_UPI,1299,7,2,273.8,5,0,5.0,0
1133,Apparel,1021.0,29.5,COD,59,0,0,93.1,5,1,2.0,0
1134,Footwear,2558.0,40.0,Prepaid_Card,9,0,0,195.8,1,1,2.0,0
1135,Beauty,423.0,36.7,COD,86,1,0,109.0,4,1,4.0,0
1136,Apparel,2075.0,20.7,Prepaid_UPI,444,3,0,158.9,3,1,5.0,0
1137,Electronics,5998.0,19.5,COD,706,37,5,292.2,4,0,,0
1138,Electronics,10327.0,48.7,COD,415,4,2,364.9,4,1,2.0,1
1139,Apparel,937.0,17.6,Prepaid_UPI,1,0,0,98.0,4,1,2.0,1
1140,Home,6659.0,33.2,COD,1138,59,7,468.1,3,0,3.0,0
1141,Electronics,31889.0,16.3,Prepaid_Card,133,1,0,414.3,2,0,3.0,0
1142,Footwear,528.0,0.0,Prepaid_UPI,787,20,5,172.7,1,1,4.0,0
1143,Footwear,1234.0,3.6,Prepaid_UPI,127,1,0,139.4,7,1,5.0,0
1144,Footwear,3501.0,28.1,COD,1069,7,1,337.2,5,0,5.0,0
1145,Electronics,18888.0,32.5,Prepaid_UPI,62,1,0,748.4,7,0,3.0,0
1146,Electronics,2348.0,28.1,Prepaid_UPI,174,1,0,224.4,4,1,2.0,0
1147,Footwear,4356.0,39.2,COD,75,1,0,164.1,4,0,,0
1148,Footwear,1105.0,27.9,Prepaid_UPI,37,0,0,151.9,4,1,4.0,0
1149,Electronics,23558.0,10.4,Prepaid_UPI,80,4,0,19.7,4,0,2.0,1
1150,Footwear,1493.0,30.9,Prepaid_Card,205,1,0,127.3,5,0,5.0,1
1151,Apparel,1727.0,24.5,Prepaid_Card,887,109,28,25.4,4,1,2.0,0
1152,Footwear,3607.0,13.4,Prepaid_UPI,1007,7,0,376.5,7,1,2.0,0
1153,Apparel,1115.0,29.1,Wallet,1091,150,23,442.3,8,1,4.0,1
1154,Apparel,1585.0,23.2,Prepaid_Card,15,0,0,170.2,7,1,1.0,1
1155,Electronics,41017.0,12.9,Prepaid_UPI,60,1,0,209.2,8,0,2.0,1
1156,Apparel,1867.0,19.3,Prepaid_UPI,1021,8,0,129.1,2,1,3.0,0
1157,Apparel,1147.0,43.2,Prepaid_UPI,755,5,1,134.4,7,0,3.0,0
1158,Apparel,1195.0,42.7,Wallet,543,5,0,214.4,5,1,2.0,0
1159,Electronics,40045.0,24.8,COD,1248,9,1,263.7,5,0,2.0,0
1160,Footwear,637.0,22.9,COD,796,15,0,568.3,3,1,1.0,0
1161,Apparel,441.0,0.5,Prepaid_Card,555,3,2,76.1,4,1,5.0,1
1162,Home,1885.0,47.8,Prepaid_Card,565,8,1,198.8,1,1,4.0,0
1163,Footwear,3810.0,37.5,Prepaid_Card,63,0,0,255.9,6,0,5.0,0
1164,Apparel,676.0,33.3,Prepaid_UPI,5,0,0,184.2,4,1,,0
1165,Apparel,914.0,0.0,Wallet,781,12,0,304.5,3,1,5.0,0
1166,Footwear,3016.0,22.6,COD,58,1,0,393.9,7,0,,1
1167,Footwear,1237.0,20.1,Prepaid_UPI,282,2,1,186.8,5,0,2.0,0
1168,Electronics,14476.0,32.2,COD,79,0,0,205.2,2,1,5.0,0
1169,Footwear,2368.0,15.2,Prepaid_Card,342,3,1,156.3,4,0,2.0,0
1170,Apparel,811.0,18.5,COD,64,0,0,314.3,8,1,1.0,1
1171,Electronics,44668.0,31.3,Prepaid_Card,1341,8,0,120.6,4,1,4.0,0
1172,Footwear,1154.0,10.4,Prepaid_Card,388,6,0,375.3,6,0,3.0,0
1173,Apparel,1930.0,13.4,Prepaid_UPI,330,3,0,142.5,3,1,5.0,1
1174,Footwear,2380.0,24.9,Prepaid_Card,29,0,0,273.8,6,0,4.0,0
1175,Electronics,6856.0,42.1,COD,669,16,3,271.1,5,0,,0
1176,Footwear,974.0,34.1,COD,126,1,0,482.1,5,1,4.0,0
1177,Electronics,23113.0,38.1,COD,163,3,0,65.3,3,1,1.0,0
1178,Electronics,16684.0,22.9,Wallet,1133,9,0,398.0,4,0,4.0,0
1179,Apparel,822.0,44.4,Wallet,37,0,0,122.4,1,0,3.0,0
1180,Apparel,2126.0,0.0,COD,981,6,1,390.7,1,0,5.0,0
1181,Footwear,2354.0,52.3,COD,659,7,0,111.1,1,1,1.0,0
1182,Apparel,2072.0,54.3,Prepaid_Card,685,6,1,231.4,1,1,,0
1183,Apparel,695.0,28.8,Prepaid_UPI,900,26,11,164.7,4,0,1.0,0
1184,Apparel,730.0,34.5,COD,334,2,2,371.1,3,0,3.0,1
1185,Apparel,1473.0,21.4,COD,516,7,1,106.2,2,1,5.0,1
1186,Footwear,1580.0,18.9,COD,1184,11,1,79.2,7,0,,1
1187,Electronics,9300.0,12.8,COD,13,0,0,256.4,4,1,,0
1188,Beauty,373.0,21.3,COD,1140,13,2,115.6,6,1,2.0,1
1189,Apparel,537.0,30.3,COD,246,5,1,292.7,1,0,4.0,0
1190,Home,6099.0,28.3,Prepaid_Card,73,1,0,273.7,5,1,2.0,0
1191,Electronics,13559.0,51.8,Prepaid_Card,218,2,0,221.7,7,0,,0
1192,Electronics,44055.0,23.5,COD,77,1,0,229.0,5,0,2.0,1
1193,Footwear,1232.0,0.0,Prepaid_Card,14,0,0,291.0,4,0,4.0,0
1194,Beauty,983.0,46.7,Prepaid_Card,129,3,0,209.2,4,0,3.0,0
1195,Footwear,2000.0,3.7,Prepaid_UPI,120,1,0,151.4,5,0,2.0,0
1196,Apparel,1300.0,13.6,Wallet,40,0,0,201.3,5,1,5.0,1
1197,Apparel,1967.0,26.1,COD,147,2,0,200.6,7,1,3.0,0
1198,Home,6728.0,28.3,Prepaid_UPI,1011,9,2,234.4,2,0,2.0,0
1199,Apparel,418.0,0.3,Prepaid_UPI,426,4,1,656.6,7,0,5.0,0
1200,Footwear,2137.0,10.8,Prepaid_UPI,946,14,1,199.3,5,0,3.0,0
1201,Home,6675.0,0.0,COD,206,1,0,473.9,5,0,2.0,1
1202,Home,302.0,31.3,COD,108,1,0,398.4,4,0,3.0,0
1203,Footwear,2635.0,39.8,COD,1499,10,1,122.8,7,0,4.0,1
1204,Home,2298.0,3.7,Wallet,260,3,0,105.7,3,1,2.0,0
1205,Apparel,1143.0,36.9,Prepaid_Card,246,4,2,253.6,2,0,1.0,1
1206,Apparel,1157.0,36.0,COD,161,1,0,391.6,5,1,3.0,0
1207,Home,3317.0,12.1,Prepaid_Card,654,20,4,212.7,3,1,5.0,0
1208,Electronics,40267.0,0.0,COD,15,0,0,256.5,5,0,5.0,1
1209,Apparel,1366.0,5.9,COD,64,1,0,247.4,9,1,5.0,0
1210,Electronics,40784.0,13.1,Prepaid_Card,81,4,0,538.3,5,1,2.0,1
1211,Footwear,3407.0,45.1,Prepaid_Card,133,2,1,373.2,5,1,5.0,1
1212,Footwear,1904.0,20.2,Prepaid_UPI,808,6,2,168.0,8,0,3.0,0
1213,Home,4100.0,6.9,Prepaid_Card,310,22,4,81.7,5,0,2.0,1
1214,Electronics,18276.0,24.2,Prepaid_Card,671,14,0,223.2,7,0,3.0,0
1215,Apparel,1891.0,2.6,Prepaid_UPI,834,5,1,214.0,4,0,4.0,0
1216,Electronics,9417.0,29.7,COD,108,2,1,830.5,4,0,,0
1217,Apparel,2086.0,7.3,Prepaid_UPI,196,6,0,234.3,3,0,4.0,0
1218,Home,4769.0,9.5,Prepaid_UPI,433,22,1,237.2,5,1,3.0,0
1219,Home,5011.0,27.6,COD,444,4,0,187.0,6,0,,1
1220,Apparel,1330.0,48.3,COD,10,0,0,180.4,6,0,2.0,1
1221,Apparel,1398.0,55.0,COD,165,1,0,371.9,5,1,2.0,1
1222,Apparel,1602.0,6.4,COD,105,1,0,351.7,4,0,2.0,0
1223,Footwear,3120.0,13.1,Prepaid_Card,43,3,0,201.0,6,1,1.0,0
1224,Home,1949.0,29.7,COD,342,9,0,319.6,8,0,1.0,0
1225,Apparel,1448.0,39.5,Prepaid_Card,96,2,0,246.6,5,1,4.0,0
1226,Footwear,1919.0,0.0,COD,359,5,0,258.4,2,1,,0
1227,Electronics,29102.0,23.3,COD,300,13,3,129.5,2,0,,1
1228,Electronics,25195.0,14.7,COD,156,2,0,335.4,5,0,1.0,0
1229,Beauty,572.0,0.0,COD,126,1,1,200.1,3,0,,1
1230,Apparel,1723.0,1.9,Wallet,38,1,0,444.7,3,1,1.0,0
1231,Apparel,1223.0,13.5,COD,17,0,0,92.3,3,1,3.0,0
1232,Home,4546.0,22.9,COD,199,1,1,189.7,5,0,1.0,0
1233,Apparel,1611.0,37.1,COD,169,2,1,96.5,8,1,,1
1234,Home,5327.0,27.3,COD,197,1,0,385.1,1,0,1.0,1
1235,Apparel,1748.0,36.2,Prepaid_Card,279,2,0,279.0,7,0,2.0,1
1236,Apparel,772.0,22.4,Prepaid_UPI,279,4,1,92.5,7,0,2.0,0
1237,Apparel,599.0,11.4,COD,672,7,4,247.6,5,0,,0
1238,Electronics,30510.0,19.2,Prepaid_Card,718,32,7,202.1,4,1,1.0,1
1239,Apparel,825.0,32.4,Prepaid_Card,400,4,0,186.2,6,0,3.0,0
1240,Apparel,606.0,37.5,Prepaid_UPI,53,0,0,230.2,5,1,3.0,0
1241,Footwear,1025.0,19.8,Prepaid_Card,214,2,0,604.9,4,1,3.0,0
1242,Electronics,14901.0,8.1,COD,132,2,0,611.1,1,1,,0
1243,Electronics,44640.0,27.0,Prepaid_UPI,91,1,0,250.8,6,0,5.0,1
1244,Apparel,683.0,29.2,Prepaid_UPI,751,4,1,209.4,8,0,5.0,0
1245,Electronics,14276.0,40.5,Prepaid_Card,135,10,2,85.9,1,1,2.0,0
1246,Apparel,2057.0,11.8,Wallet,35,1,0,256.5,3,0,1.0,0
1247,Home,7717.0,12.0,Prepaid_UPI,29,1,0,620.1,3,1,3.0,0
1248,Apparel,812.0,33.3,COD,253,1,0,294.1,4,0,4.0,0
1249,Footwear,4022.0,15.9,Prepaid_UPI,1732,17,0,193.6,3,0,5.0,0
1250,Beauty,476.0,15.3,Prepaid_Card,27,1,0,123.1,7,0,1.0,0
1251,Apparel,1771.0,40.8,Prepaid_Card,641,6,1,235.3,9,1,2.0,0
1252,Apparel,423.0,1.4,Prepaid_Card,598,7,1,579.8,5,0,5.0,1
1253,Apparel,1132.0,52.8,Prepaid_UPI,120,10,2,201.6,3,0,2.0,0
1254,Home,2204.0,12.8,Prepaid_Card,136,1,0,432.4,5,0,4.0,0
1255,Apparel,1667.0,35.0,Prepaid_Card,819,6,0,213.3,2,1,4.0,0
1256,Footwear,564.0,20.4,COD,355,121,14,60.6,4,1,5.0,0
1257,Footwear,2360.0,26.1,Prepaid_Card,1919,11,1,77.2,6,0,5.0,1
1258,Footwear,3287.0,18.1,Wallet,556,18,4,337.0,6,1,1.0,0
1259,Electronics,3246.0,34.8,Prepaid_UPI,1164,569,43,247.2,6,1,2.0,0
1260,Beauty,2259.0,16.8,COD,398,5,2,406.6,3,0,4.0,0
1261,Apparel,1050.0,13.4,Prepaid_UPI,334,12,0,222.9,5,1,1.0,0
1262,Electronics,8439.0,49.2,Prepaid_UPI,499,5,0,425.0,4,0,1.0,0
1263,Electronics,11075.0,22.4,Prepaid_Card,219,4,0,323.3,6,1,3.0,0
1264,Beauty,946.0,11.9,COD,442,13,1,97.9,5,1,2.0,1
1265,Home,1827.0,0.0,Prepaid_Card,61,0,0,198.6,8,1,1.0,0
1266,Footwear,2542.0,50.0,COD,498,8,1,159.2,5,1,5.0,0
1267,Apparel,1539.0,13.7,COD,177,2,0,119.5,3,0,3.0,0
1268,Beauty,1169.0,52.9,Prepaid_Card,130,2,0,214.0,2,1,2.0,0
1269,Electronics,19904.0,28.0,Wallet,109,1,0,422.1,5,0,5.0,0
1270,Electronics,35438.0,24.1,COD,304,8,4,168.1,1,0,3.0,1
1271,Beauty,857.0,24.5,Prepaid_UPI,1167,47,4,112.3,4,1,2.0,0
1272,Electronics,28477.0,55.2,Wallet,126,1,0,380.5,3,0,3.0,0
1273,Electronics,40310.0,0.0,COD,257,7,2,248.0,3,1,4.0,0
1274,Home,2006.0,25.2,COD,447,3,1,66.8,5,0,2.0,0
1275,Apparel,1516.0,18.0,Prepaid_UPI,164,2,1,306.1,2,1,2.0,0
1276,Electronics,42721.0,18.8,Prepaid_UPI,7,0,0,310.4,1,1,1.0,1
1277,Apparel,1354.0,24.2,COD,134,9,1,223.4,6,1,3.0,0
1278,Apparel,2158.0,18.0,Prepaid_Card,296,2,0,92.4,4,0,5.0,0
1279,Footwear,1740.0,24.8,Prepaid_Card,196,4,0,154.5,5,1,1.0,0
1280,Home,4645.0,21.6,Prepaid_UPI,35,3,0,184.8,5,1,4.0,0
1281,Electronics,14823.0,2.3,Prepaid_UPI,318,2,0,224.7,6,1,1.0,0
1282,Electronics,1363.0,27.7,COD,906,27,2,110.9,5,0,5.0,1
1283,Electronics,44882.0,32.7,COD,604,9,2,351.9,6,1,,1
1284,Home,2148.0,13.9,COD,57,1,1,628.7,8,0,4.0,0
1285,Beauty,2437.0,50.0,Wallet,20,1,0,127.1,5,1,5.0,0
1286,Beauty,1685.0,42.0,Wallet,32,1,1,153.8,6,1,1.0,0
1287,Electronics,40792.0,34.7,Prepaid_UPI,1178,13,6,145.9,5,1,3.0,1
1288,Electronics,43563.0,34.5,COD,5,0,0,890.0,1,1,3.0,0
1289,Electronics,26071.0,22.5,Prepaid_Card,24,0,0,270.5,4,1,1.0,0
1290,Home,7998.0,39.1,COD,178,1,0,432.2,7,0,,0
1291,Electronics,34809.0,45.6,COD,128,2,0,289.9,6,0,4.0,1
1292,Home,4333.0,34.1,COD,39,1,0,98.7,3,0,5.0,0
1293,Home,5343.0,13.4,Prepaid_UPI,514,10,0,122.4,5,1,4.0,0
1294,Electronics,9709.0,21.4,COD,385,6,1,145.4,2,0,2.0,0
1295,Electronics,1683.0,30.6,Prepaid_Card,334,30,9,156.6,6,0,3.0,0
1296,Electronics,12447.0,34.6,Wallet,63,1,0,355.3,3,1,3.0,0
1297,Apparel,1183.0,20.8,Prepaid_UPI,107,3,2,775.4,5,0,2.0,0
1298,Apparel,810.0,13.5,COD,85,1,0,203.8,2,1,5.0,0
1299,Footwear,2556.0,45.8,Wallet,25,3,0,250.4,5,1,1.0,0
1300,Electronics,30018.0,5.9,Prepaid_Card,191,15,2,227.0,1,0,1.0,0
1301,Apparel,1580.0,7.9,Prepaid_Card,178,3,0,84.7,4,1,2.0,1
1302,Home,7182.0,2.1,Prepaid_Card,5,0,0,495.1,3,1,4.0,0
1303,Footwear,4365.0,7.8,Prepaid_UPI,795,6,1,327.9,3,0,2.0,1
1304,Apparel,2003.0,40.7,Prepaid_Card,963,8,1,211.8,1,1,4.0,0
1305,Footwear,2981.0,41.2,Prepaid_Card,24,0,0,676.0,3,1,3.0,0
1306,Beauty,634.0,20.9,Prepaid_Card,1175,18,0,69.1,5,1,3.0,1
1307,Home,7565.0,29.4,COD,2050,163,28,368.0,3,1,2.0,1
1308,Home,1646.0,21.8,Prepaid_UPI,492,3,0,221.4,6,1,1.0,0
1309,Apparel,673.0,4.1,COD,68,1,0,178.2,6,1,,1
1310,Beauty,896.0,55.3,COD,960,68,25,169.6,5,0,,0
1311,Electronics,26324.0,42.6,COD,1,0,0,205.9,5,1,5.0,1
1312,Beauty,1751.0,27.3,COD,311,4,0,191.8,5,1,1.0,0
1313,Home,402.0,9.2,COD,843,13,3,302.6,6,0,3.0,0
1314,Apparel,1800.0,18.6,Prepaid_Card,511,5,0,266.5,3,0,4.0,0
1315,Apparel,715.0,11.6,COD,23,1,0,473.6,3,1,4.0,1
1316,Home,2583.0,23.5,COD,1180,7,2,190.9,3,0,4.0,1
1317,Home,2780.0,26.6,Prepaid_UPI,695,7,1,569.6,6,1,3.0,0
1318,Apparel,998.0,16.9,Wallet,156,1,0,537.2,3,0,1.0,0
1319,Footwear,3541.0,0.2,Prepaid_Card,162,7,0,168.8,4,1,1.0,0
1320,Footwear,664.0,54.0,COD,83,1,0,586.4,4,1,,0
1321,Electronics,9807.0,25.6,COD,445,3,1,137.8,5,1,4.0,0
1322,Electronics,2178.0,28.8,COD,226,37,3,370.0,6,1,,0
1323,Apparel,1801.0,15.7,COD,137,1,0,294.3,6,0,3.0,0
1324,Footwear,4435.0,0.0,Wallet,325,7,1,160.0,1,1,2.0,0
1325,Electronics,30088.0,20.8,Prepaid_UPI,106,1,0,293.7,5,1,5.0,1
1326,Footwear,2861.0,17.2,COD,282,2,1,158.5,4,0,5.0,1
1327,Electronics,40973.0,32.6,Wallet,156,1,0,267.9,5,1,1.0,0
1328,Home,2263.0,35.6,Prepaid_Card,29,0,0,245.2,4,1,5.0,1
1329,Apparel,520.0,33.5,COD,56,1,0,174.2,3,1,1.0,0
1330,Apparel,1318.0,36.8,Prepaid_Card,11,0,0,582.3,7,0,4.0,0
1331,Footwear,1541.0,49.1,COD,43,0,0,605.5,4,1,4.0,1
1332,Electronics,20957.0,27.8,Prepaid_UPI,62,4,1,197.2,7,0,1.0,1
1333,Electronics,21186.0,38.5,COD,719,5,1,507.9,4,0,,0
1334,Beauty,899.0,29.4,Prepaid_Card,12,1,0,151.7,4,1,2.0,1
1335,Beauty,1293.0,0.0,COD,94,13,0,67.4,3,0,1.0,0
1336,Footwear,2021.0,19.7,Wallet,428,3,0,214.8,4,1,5.0,0
1337,Apparel,604.0,9.0,Prepaid_Card,455,105,6,205.1,7,0,3.0,0
1338,Home,6974.0,25.5,Prepaid_Card,704,40,6,104.2,4,1,2.0,0
1339,Footwear,3305.0,10.1,COD,466,93,12,153.1,5,0,1.0,0
1340,Electronics,3009.0,31.1,Wallet,228,1,0,521.6,8,0,1.0,0
1341,Apparel,608.0,36.7,Prepaid_Card,1,0,0,256.4,2,0,3.0,1
1342,Footwear,886.0,40.1,COD,5,0,0,537.9,2,1,1.0,1
1343,Electronics,3904.0,46.3,Prepaid_UPI,36,1,0,303.8,5,0,1.0,0
1344,Home,755.0,0.0,COD,1352,22,1,357.6,1,0,5.0,0
1345,Beauty,519.0,4.0,COD,178,3,0,309.5,6,0,1.0,0
1346,Home,6829.0,65.9,Prepaid_Card,952,6,0,284.4,3,0,2.0,0
1347,Electronics,37477.0,37.1,COD,593,4,0,198.5,4,0,2.0,1
1348,Electronics,35502.0,25.4,Prepaid_Card,921,6,1,331.5,6,0,3.0,1
1349,Electronics,28124.0,22.5,COD,227,2,0,342.6,2,1,4.0,1
1350,Apparel,1702.0,21.1,COD,316,5,0,399.0,1,0,3.0,1
1351,Footwear,3454.0,0.0,COD,228,6,0,445.1,1,0,1.0,0
1352,Footwear,4057.0,10.4,COD,17,0,0,555.7,5,1,,1
1353,Apparel,1718.0,20.3,Wallet,202,3,0,290.7,6,1,4.0,0
1354,Apparel,1726.0,11.3,Prepaid_Card,768,7,0,314.8,2,1,4.0,0
1355,Footwear,3716.0,13.2,Prepaid_Card,1235,138,1,276.5,7,0,4.0,0
1356,Apparel,1401.0,60.4,COD,327,3,0,543.6,4,1,5.0,0
1357,Electronics,10531.0,18.2,Prepaid_UPI,414,7,0,297.2,5,0,5.0,0
1358,Electronics,4903.0,26.2,COD,435,5,0,295.7,7,0,2.0,1
1359,Home,3527.0,25.6,COD,136,1,0,323.9,1,0,3.0,1
1360,Apparel,565.0,30.8,Prepaid_Card,352,9,4,322.9,6,1,5.0,0
1361,Home,1604.0,14.8,Prepaid_Card,42,2,0,277.4,1,1,4.0,1
1362,Electronics,2244.0,40.7,Prepaid_UPI,35,1,0,174.4,1,0,2.0,0
1363,Home,2612.0,28.7,Prepaid_UPI,1162,18,1,172.1,1,1,3.0,0
1364,Apparel,2146.0,2.7,Prepaid_UPI,667,7,1,104.4,6,0,2.0,0
1365,Electronics,17797.0,20.4,COD,121,1,0,218.3,6,1,3.0,0
1366,Electronics,11751.0,19.4,COD,34,0,0,100.7,6,1,5.0,1
1367,Apparel,1126.0,18.7,COD,55,0,0,57.6,4,1,,0
1368,Apparel,942.0,29.6,Prepaid_UPI,368,3,0,426.4,4,0,3.0,0
1369,Apparel,1613.0,31.5,Wallet,311,6,1,173.6,5,0,5.0,1
1370,Electronics,28990.0,29.7,Wallet,916,5,0,38.1,4,1,2.0,0
1371,Apparel,449.0,27.1,COD,31,0,0,453.3,5,1,5.0,0
1372,Beauty,1352.0,23.3,Prepaid_UPI,71,2,1,130.8,4,1,4.0,1
1373,Electronics,2786.0,0.0,Prepaid_Card,778,5,2,213.1,4,0,1.0,0
1374,Footwear,3209.0,33.7,Prepaid_UPI,324,4,0,419.0,9,0,4.0,0
1375,Beauty,2349.0,29.3,Prepaid_Card,9,0,0,336.6,6,0,2.0,1
1376,Apparel,2033.0,7.2,COD,109,1,0,88.6,5,1,3.0,1
1377,Home,1884.0,26.2,COD,213,5,1,108.6,4,0,1.0,0
1378,Footwear,3471.0,31.7,Wallet,38,1,0,244.9,4,1,5.0,0
1379,Home,6407.0,39.6,Prepaid_Card,82,2,1,120.2,7,0,2.0,0
1380,Electronics,39059.0,29.7,COD,1010,10,1,300.1,5,1,4.0,1
1381,Electronics,12570.0,26.8,COD,204,4,2,261.2,3,1,1.0,1
1382,Apparel,1212.0,36.2,COD,372,40,2,594.6,1,1,5.0,1
1383,Electronics,10902.0,17.4,Wallet,367,5,1,257.5,4,1,4.0,0
1384,Beauty,207.0,28.2,COD,119,3,1,166.7,6,1,,1
1385,Beauty,1699.0,12.7,COD,505,5,0,140.8,2,0,,0
1386,Apparel,1177.0,38.7,Prepaid_UPI,517,6,1,162.9,8,1,4.0,0
1387,Home,2210.0,0.0,Prepaid_Card,209,13,0,458.9,5,0,4.0,0
1388,Apparel,1925.0,34.3,COD,573,13,3,250.3,7,1,4.0,1
1389,Beauty,1315.0,22.3,COD,47,1,0,212.1,4,0,,0
1390,Apparel,2190.0,36.5,COD,85,1,0,286.5,1,0,1.0,0
1391,Beauty,2014.0,10.3,COD,72,0,0,97.2,3,0,3.0,0
1392,Footwear,3977.0,23.3,COD,354,9,0,293.9,3,1,4.0,0
1393,Apparel,1792.0,22.9,COD,104,3,0,218.0,2,1,1.0,0
1394,Apparel,591.0,28.5,Prepaid_UPI,62,28,17,203.6,5,0,5.0,0
1395,Footwear,760.0,6.3,Prepaid_UPI,137,1,0,541.7,2,0,4.0,0
1396,Apparel,2047.0,31.5,Prepaid_UPI,386,6,2,205.3,1,0,3.0,0
1397,Electronics,7253.0,0.0,COD,20,0,0,227.9,3,1,1.0,0
1398,Beauty,1069.0,12.0,COD,34,0,0,156.8,6,0,3.0,0
1399,Home,4996.0,0.0,Wallet,275,28,12,357.0,4,1,5.0,1
1400,Electronics,10481.0,34.4,Prepaid_UPI,35,0,0,853.3,2,0,4.0,1
1401,Electronics,11067.0,28.0,Prepaid_Card,296,2,0,115.5,3,0,4.0,0
1402,Apparel,1239.0,28.8,COD,663,13,4,229.8,7,1,2.0,1
1403,Beauty,998.0,44.1,COD,269,3,0,148.6,5,0,2.0,0
1404,Apparel,1618.0,17.3,Prepaid_Card,990,10,1,431.8,5,0,1.0,0
1405,Apparel,535.0,31.1,Prepaid_Card,61,1,0,439.5,5,1,4.0,0
1406,Apparel,1280.0,23.0,COD,75,1,0,177.7,1,0,,0
1407,Beauty,560.0,20.7,Wallet,117,44,7,286.1,4,1,3.0,0
1408,Apparel,1492.0,41.6,Prepaid_Card,410,10,0,238.9,6,1,,1
1409,Footwear,965.0,53.2,Prepaid_Card,334,3,0,189.8,1,0,5.0,0
1410,Home,1822.0,15.5,COD,307,2,0,385.8,1,1,4.0,1
1411,Footwear,3716.0,34.5,Prepaid_UPI,151,41,7,171.5,2,0,3.0,1
1412,Beauty,703.0,26.8,Prepaid_UPI,100,1,0,304.9,3,1,2.0,0
1413,Footwear,3448.0,27.0,COD,10,4,0,130.9,4,1,2.0,1
1414,Beauty,792.0,25.7,Prepaid_Card,170,2,0,734.4,1,1,1.0,0
1415,Apparel,823.0,17.0,Prepaid_Card,248,3,0,240.7,5,0,4.0,0
1416,Footwear,1697.0,0.0,Prepaid_UPI,97,1,0,177.6,9,0,2.0,0
1417,Home,7083.0,45.0,COD,432,2,0,185.3,3,1,1.0,0
1418,Home,3358.0,11.6,Prepaid_UPI,190,2,0,224.9,1,0,5.0,0
1419,Footwear,1475.0,18.4,Prepaid_Card,53,1,0,221.7,3,0,2.0,0
1420,Beauty,1411.0,18.7,COD,342,2,1,91.2,5,0,1.0,1
1421,Home,3269.0,10.2,COD,42,1,1,440.2,5,0,3.0,0
1422,Electronics,35811.0,25.6,COD,319,3,1,176.7,6,0,2.0,1
1423,Electronics,44582.0,21.3,COD,280,2,0,643.0,4,1,4.0,1
1424,Electronics,24264.0,11.3,Prepaid_Card,547,4,1,292.8,5,0,,0
1425,Electronics,20987.0,24.2,Prepaid_UPI,450,6,1,168.1,10,1,3.0,0
1426,Electronics,16225.0,21.5,COD,1728,14,2,347.0,3,1,5.0,0
1427,Apparel,2152.0,35.9,Wallet,1621,14,3,243.4,4,0,4.0,0
1428,Apparel,1270.0,1.9,COD,71,1,0,651.9,5,1,4.0,0
1429,Footwear,1212.0,9.9,Prepaid_Card,609,4,1,289.6,10,1,2.0,0
1430,Electronics,43652.0,32.9,Wallet,48,1,1,434.0,6,1,3.0,1
1431,Beauty,2408.0,12.4,Prepaid_UPI,194,5,0,347.5,4,1,2.0,0
1432,Home,3655.0,8.4,Prepaid_Card,220,2,0,135.9,3,0,2.0,0
1433,Apparel,1027.0,13.1,Prepaid_UPI,6,0,0,631.8,7,1,4.0,0
1434,Apparel,1625.0,20.5,COD,535,4,1,100.2,4,1,4.0,0
1435,Apparel,1892.0,20.5,COD,60,1,0,228.3,8,1,3.0,0
1436,Beauty,1322.0,18.9,Prepaid_Card,45,1,0,300.5,4,1,2.0,0
1437,Apparel,995.0,6.6,COD,447,4,0,55.3,3,0,3.0,1
1438,Electronics,14401.0,33.6,COD,428,3,2,164.6,1,1,1.0,0
1439,Beauty,918.0,41.9,COD,264,2,0,278.0,5,1,2.0,0
1440,Beauty,427.0,0.0,Wallet,709,38,16,286.6,1,0,4.0,1
1441,Apparel,1802.0,0.0,Prepaid_UPI,121,2,1,697.6,7,1,,0
1442,Apparel,589.0,37.0,Prepaid_UPI,97,1,1,468.6,1,0,5.0,0
1443,Apparel,1117.0,45.5,Prepaid_UPI,125,1,0,185.0,1,1,4.0,1
1444,Apparel,1903.0,0.0,COD,686,6,2,55.1,4,1,5.0,1
1445,Apparel,1127.0,34.2,COD,106,1,0,83.8,6,1,2.0,0
1446,Home,2570.0,46.6,Prepaid_Card,439,6,1,240.4,4,0,2.0,0
1447,Beauty,2378.0,9.1,Prepaid_Card,774,9,1,369.7,6,1,1.0,1
1448,Electronics,6743.0,45.7,COD,18,0,0,155.3,5,0,5.0,0
1449,Home,7113.0,19.3,Prepaid_Card,198,17,2,683.8,6,0,2.0,0
1450,Apparel,512.0,26.7,Prepaid_Card,524,89,15,248.8,8,0,1.0,0
1451,Footwear,2154.0,11.2,COD,116,1,0,213.4,3,0,1.0,0
1452,Home,5164.0,37.0,COD,67,1,0,736.8,5,1,1.0,0
1453,Footwear,1980.0,34.5,COD,621,14,2,656.8,1,1,1.0,0
1454,Beauty,1406.0,47.9,Prepaid_Card,803,5,0,444.2,7,0,3.0,1
1455,Electronics,10135.0,43.6,Wallet,64,2,0,198.5,4,1,2.0,0
1456,Apparel,1424.0,21.9,Prepaid_Card,168,1,0,695.8,4,0,4.0,0
1457,Apparel,642.0,68.6,Prepaid_UPI,1244,9,3,479.4,4,1,1.0,1
1458,Electronics,36069.0,42.3,Prepaid_UPI,394,3,0,242.3,3,0,,1
1459,Beauty,1522.0,30.1,COD,445,3,1,589.7,6,1,3.0,0
1460,Electronics,22309.0,7.0,Prepaid_Card,1260,9,0,189.6,6,1,3.0,0
1461,Footwear,719.0,0.0,Prepaid_Card,374,4,2,101.1,3,1,5.0,0
1462,Home,4148.0,0.3,Prepaid_Card,137,1,1,204.6,8,1,1.0,0
1463,Apparel,1414.0,8.0,COD,3,0,0,93.7,6,1,3.0,1
1464,Electronics,12836.0,42.7,Wallet,300,4,0,252.4,8,1,5.0,0
1465,Home,5517.0,29.3,Wallet,497,4,2,242.7,1,0,4.0,1
1466,Home,891.0,12.8,COD,121,4,0,167.9,3,0,3.0,0
1467,Electronics,10341.0,20.0,COD,179,2,2,475.8,6,1,5.0,1
1468,Apparel,1728.0,18.1,COD,4,0,0,295.1,2,1,5.0,1
1469,Footwear,1089.0,34.0,Prepaid_UPI,432,4,0,183.4,3,1,3.0,0
1470,Apparel,842.0,8.8,Prepaid_Card,1574,23,0,215.0,2,0,3.0,0
1471,Beauty,1680.0,27.2,COD,18,0,0,388.3,5,1,5.0,0
1472,Apparel,1712.0,26.5,Prepaid_UPI,535,8,2,463.2,4,1,5.0,0
1473,Apparel,493.0,9.3,COD,47,0,0,279.7,2,0,3.0,0
1474,Electronics,6745.0,45.8,Prepaid_Card,473,3,0,146.1,8,0,5.0,0
1475,Electronics,20740.0,17.6,COD,207,52,4,224.8,6,1,1.0,1
1476,Electronics,27164.0,7.1,Prepaid_Card,1407,44,7,362.8,6,0,3.0,0
1477,Electronics,21076.0,34.8,Prepaid_Card,473,4,0,527.3,5,1,5.0,0
1478,Beauty,1671.0,22.8,COD,1344,13,2,200.1,6,0,2.0,0
1479,Electronics,34312.0,28.1,Prepaid_Card,474,8,2,133.2,6,1,5.0,0
1480,Electronics,42790.0,4.2,Wallet,607,5,0,404.7,1,1,2.0,0
1481,Electronics,16525.0,34.2,Prepaid_Card,15,0,0,514.2,9,1,4.0,0
1482,Apparel,694.0,54.6,Wallet,853,18,2,268.2,8,0,2.0,0
1483,Home,2333.0,3.1,Prepaid_Card,1527,17,1,158.3,3,1,4.0,0
1484,Apparel,667.0,27.3,Prepaid_UPI,983,173,8,202.9,1,1,2.0,0
1485,Home,3336.0,10.2,COD,115,1,0,276.9,2,1,,0
1486,Apparel,1971.0,62.3,Prepaid_UPI,575,4,0,177.0,2,1,5.0,0
1487,Beauty,966.0,40.6,COD,1328,14,6,113.0,5,0,4.0,0
1488,Electronics,7718.0,26.2,COD,555,3,0,175.3,4,1,3.0,1
1489,Footwear,2591.0,3.6,COD,383,9,2,202.0,3,1,1.0,0
1490,Electronics,44647.0,7.2,COD,561,4,0,200.5,6,1,4.0,1
1491,Apparel,739.0,33.2,Wallet,62,0,0,47.7,4,1,3.0,1
1492,Footwear,3611.0,1.6,Wallet,266,2,1,1061.2,7,0,1.0,1
1493,Home,6640.0,2.0,Prepaid_UPI,642,5,0,179.3,4,1,2.0,0
1494,Footwear,2105.0,22.1,COD,336,9,0,126.0,8,1,5.0,1
1495,Electronics,28336.0,24.0,Prepaid_UPI,271,15,0,215.0,9,1,4.0,1
1496,Home,3629.0,27.7,Prepaid_UPI,360,11,1,489.1,5,0,1.0,0
1497,Footwear,1549.0,15.4,COD,231,1,0,476.1,4,1,,0
1498,Home,3581.0,35.8,Prepaid_Card,897,12,0,429.3,4,1,3.0,0
1499,Electronics,5374.0,9.1,Prepaid_UPI,7,0,0,607.8,7,1,5.0,0
1500,Home,5744.0,31.4,COD,267,41,3,146.0,6,0,5.0,0
1501,Home,6685.0,25.2,Prepaid_Card,70,1,0,115.5,1,0,4.0,0
1502,Beauty,872.0,31.0,Prepaid_UPI,173,2,0,362.8,6,1,1.0,0
1503,Electronics,26012.0,39.7,COD,65,1,0,194.7,4,1,1.0,0
1504,Electronics,11368.0,15.2,Prepaid_Card,544,8,2,418.8,5,0,5.0,0
1505,Footwear,1010.0,12.1,Prepaid_Card,228,15,3,463.4,4,0,2.0,0
1506,Electronics,30266.0,0.0,Prepaid_UPI,904,92,24,300.1,4,1,4.0,0
1507,Footwear,1036.0,0.0,Wallet,1020,6,0,235.0,1,1,,0
1508,Electronics,35451.0,19.4,Prepaid_UPI,684,6,3,561.1,1,0,3.0,1
1509,Apparel,889.0,20.4,Prepaid_Card,661,6,0,285.4,4,0,4.0,0
1510,Footwear,3774.0,5.7,Prepaid_Card,365,2,0,182.7,4,0,2.0,1
1511,Apparel,1063.0,8.9,Prepaid_Card,270,3,0,239.3,4,1,,0
1512,Apparel,1064.0,44.9,Prepaid_Card,595,5,0,270.3,5,1,4.0,0
1513,Home,6079.0,35.1,COD,123,1,0,64.6,3,0,4.0,0
1514,Footwear,2541.0,3.1,Prepaid_UPI,429,13,3,638.6,1,1,5.0,1
1515,Footwear,1304.0,15.4,Prepaid_UPI,20,0,0,157.9,7,1,1.0,0
1516,Apparel,1931.0,28.1,Prepaid_Card,379,2,0,84.0,6,0,,0
1517,Apparel,1012.0,12.6,Prepaid_UPI,116,1,0,281.1,3,1,5.0,0
1518,Beauty,392.0,9.9,Prepaid_UPI,491,13,4,308.1,6,0,1.0,1
1519,Apparel,1149.0,16.9,COD,472,3,1,162.8,2,0,5.0,0
1520,Apparel,1433.0,38.4,COD,353,20,4,201.1,5,0,,0
1521,Apparel,1498.0,39.7,COD,259,2,0,281.0,5,0,,0
1522,Electronics,37800.0,11.0,COD,94,1,0,273.9,3,1,,1
1523,Footwear,2666.0,28.9,Prepaid_Card,348,6,0,411.0,6,1,3.0,0
1524,Footwear,1395.0,21.9,COD,7,0,0,283.7,2,0,,0
1525,Home,2315.0,6.9,COD,193,2,0,75.9,4,0,,1
1526,Apparel,582.0,17.5,COD,230,2,1,234.2,4,1,3.0,0
1527,Electronics,33433.0,3.0,Prepaid_UPI,40,0,0,349.8,2,1,1.0,0
1528,Electronics,5840.0,39.4,Prepaid_UPI,131,1,0,174.3,6,0,1.0,0
1529,Apparel,1490.0,45.3,COD,687,32,3,228.3,7,1,4.0,0
1530,Apparel,1475.0,15.8,COD,918,22,0,390.1,4,0,2.0,0
1531,Apparel,1814.0,12.3,COD,223,2,0,275.6,5,1,,1
1532,Apparel,534.0,37.8,COD,1640,13,4,345.9,4,1,4.0,0
1533,Home,1862.0,40.2,COD,140,39,0,299.8,4,0,1.0,0
1534,Home,7304.0,5.3,COD,428,16,2,220.0,3,0,,0
1535,Apparel,1430.0,19.8,COD,53,3,1,750.3,4,0,4.0,0
1536,Electronics,21247.0,21.1,Wallet,1574,25,4,136.8,4,0,3.0,0
1537,Footwear,3491.0,10.4,Prepaid_Card,308,3,0,88.6,8,1,4.0,1
1538,Footwear,4110.0,27.8,Prepaid_UPI,240,1,0,256.9,4,1,1.0,0
1539,Footwear,1552.0,11.5,COD,335,19,4,222.2,2,1,4.0,0
1540,Electronics,40685.0,13.9,COD,1067,12,0,257.7,1,0,,1
1541,Footwear,935.0,20.5,Wallet,800,12,3,438.4,7,0,5.0,1
1542,Apparel,2160.0,0.0,COD,161,2,2,151.3,8,0,2.0,0
1543,Electronics,8421.0,0.0,Prepaid_Card,115,8,1,47.3,2,0,4.0,0
1544,Apparel,879.0,35.8,Wallet,21,0,0,954.2,6,0,5.0,0
1545,Electronics,5431.0,10.9,Prepaid_Card,802,17,6,224.9,6,0,2.0,0
1546,Electronics,36401.0,54.0,COD,95,1,0,340.8,4,0,5.0,0
1547,Apparel,2172.0,51.6,Prepaid_Card,129,1,0,232.1,2,0,3.0,0
1548,Footwear,1688.0,14.4,COD,155,1,0,200.1,6,0,1.0,0
1549,Apparel,986.0,57.1,COD,45,0,0,234.2,7,1,4.0,1
1550,Apparel,902.0,36.1,COD,178,3,0,351.9,8,0,3.0,1
1551,Apparel,679.0,12.3,Prepaid_UPI,552,12,0,426.5,6,1,1.0,0
1552,Electronics,35690.0,0.0,Prepaid_UPI,393,98,33,553.5,6,0,2.0,0
1553,Apparel,509.0,32.3,COD,240,8,1,375.3,1,1,3.0,0
1554,Electronics,43589.0,22.5,COD,391,10,2,227.4,6,1,3.0,0
1555,Apparel,2069.0,28.5,Prepaid_UPI,648,4,2,734.6,6,1,3.0,1
1556,Footwear,974.0,18.6,Wallet,47,0,0,348.7,4,0,3.0,0
1557,Beauty,1394.0,4.8,COD,208,2,1,381.9,5,0,4.0,1
1558,Electronics,44687.0,15.6,COD,197,2,0,557.7,3,1,4.0,1
1559,Home,6865.0,32.6,Prepaid_UPI,421,3,1,253.8,1,1,3.0,0
1560,Footwear,3361.0,16.7,Prepaid_UPI,18,0,0,530.8,6,0,4.0,0
1561,Beauty,203.0,16.6,Wallet,631,5,0,87.6,9,1,5.0,0
1562,Home,827.0,0.0,COD,128,3,1,238.7,3,0,1.0,1
1563,Footwear,3676.0,23.4,COD,122,1,0,593.8,5,0,2.0,1
1564,Beauty,1035.0,5.3,Prepaid_Card,167,1,0,471.1,2,1,3.0,0
1565,Footwear,3174.0,35.8,COD,222,5,2,315.9,5,0,,0
1566,Electronics,33576.0,11.0,Prepaid_UPI,772,8,0,121.3,3,0,5.0,1
1567,Apparel,1160.0,17.6,COD,55,0,0,70.0,4,0,3.0,1
1568,Apparel,658.0,54.5,Prepaid_Card,63,0,0,247.0,7,0,1.0,0
1569,Electronics,18137.0,17.4,Wallet,921,13,3,232.1,5,1,1.0,0
1570,Electronics,39352.0,15.4,Wallet,943,11,2,422.2,4,1,1.0,1
1571,Electronics,15702.0,30.8,Prepaid_Card,657,11,0,280.2,2,0,2.0,1
1572,Home,782.0,0.0,Wallet,45,1,0,457.8,6,0,2.0,0
1573,Home,7685.0,40.8,COD,190,4,0,306.8,2,0,1.0,0
1574,Footwear,3223.0,36.9,COD,106,14,3,138.5,7,1,4.0,0
1575,Apparel,1374.0,29.9,COD,15,0,0,335.2,5,0,2.0,0
1576,Apparel,1892.0,0.0,Wallet,169,2,2,266.5,2,1,5.0,0
1577,Footwear,2145.0,18.1,Wallet,1945,14,4,249.4,1,1,1.0,0
1578,Footwear,4440.0,2.9,COD,313,3,1,274.4,4,0,1.0,1
1579,Beauty,2165.0,38.9,COD,160,3,2,314.6,4,0,4.0,0
1580,Footwear,1622.0,37.8,COD,60,1,0,256.8,6,0,2.0,0
1581,Footwear,1984.0,27.8,COD,7,0,0,93.9,2,0,,1
1582,Apparel,896.0,4.0,Prepaid_UPI,70,1,0,108.4,6,1,5.0,0
1583,Electronics,30079.0,44.4,COD,42,0,0,199.5,1,0,2.0,1
1584,Apparel,1551.0,18.1,Prepaid_UPI,402,12,1,506.3,5,0,4.0,0
1585,Home,4323.0,49.1,Prepaid_Card,113,34,7,288.5,3,0,,0
1586,Beauty,2420.0,26.0,COD,455,3,0,252.4,5,0,2.0,1
1587,Electronics,21886.0,29.6,COD,1115,22,3,721.4,7,1,,0
1588,Home,6335.0,15.1,Wallet,279,4,1,306.5,6,0,4.0,0
1589,Apparel,1585.0,43.1,Prepaid_Card,102,5,0,257.0,5,1,2.0,0
1590,Apparel,1333.0,31.1,Prepaid_Card,128,1,0,211.5,7,0,1.0,1
1591,Apparel,476.0,43.6,COD,486,4,0,192.5,8,1,,0
1592,Apparel,1583.0,24.7,Wallet,25,0,0,80.0,8,0,,0
1593,Beauty,1660.0,21.3,Prepaid_UPI,52,0,0,254.2,3,1,2.0,0
1594,Electronics,6669.0,30.9,Prepaid_UPI,332,6,0,116.0,6,1,1.0,0
1595,Footwear,3684.0,43.6,Prepaid_Card,399,7,1,154.8,6,1,3.0,0
1596,Home,3896.0,37.3,Prepaid_UPI,780,4,2,112.6,5,0,,1
1597,Apparel,983.0,24.1,COD,741,9,0,690.1,7,0,5.0,0
1598,Apparel,1883.0,0.0,Prepaid_UPI,58,0,0,300.3,5,1,3.0,0
1599,Footwear,1873.0,34.2,COD,186,2,1,524.5,1,0,1.0,1
1600,Apparel,1519.0,0.4,Prepaid_Card,19,1,0,405.6,7,0,3.0,0
1601,Beauty,1602.0,22.5,Wallet,85,0,0,222.8,3,0,4.0,0
1602,Apparel,495.0,20.3,Wallet,224,4,0,170.9,1,1,3.0,0
1603,Home,3556.0,0.7,Prepaid_Card,221,2,1,220.8,12,0,2.0,1
1604,Footwear,1391.0,27.6,Prepaid_Card,155,3,1,142.2,2,1,5.0,0
1605,Apparel,759.0,54.3,Prepaid_UPI,232,2,1,49.4,6,1,5.0,0
1606,Apparel,1579.0,17.3,Wallet,241,2,1,86.3,2,1,3.0,0
1607,Beauty,177.0,33.5,Prepaid_UPI,223,5,0,364.8,4,0,5.0,0
1608,Apparel,2144.0,57.3,COD,928,5,0,93.5,3,1,,0
1609,Electronics,18518.0,34.9,COD,88,3,0,154.7,2,0,4.0,1
1610,Electronics,14288.0,12.3,Prepaid_UPI,233,3,0,213.6,6,0,1.0,0
1611,Apparel,2056.0,25.6,Prepaid_UPI,266,35,3,117.5,9,0,5.0,1
1612,Footwear,2447.0,29.2,Prepaid_UPI,287,2,0,344.5,5,0,2.0,1
1613,Footwear,2957.0,43.5,Prepaid_UPI,26,0,0,448.8,1,1,3.0,0
1614,Electronics,31678.0,40.2,COD,1085,11,0,96.6,2,1,,1
1615,Footwear,3986.0,0.0,COD,751,6,2,90.8,3,0,1.0,0
1616,Apparel,634.0,9.2,Prepaid_UPI,199,1,0,176.3,5,0,1.0,0
1617,Apparel,547.0,20.9,COD,103,1,0,380.3,4,1,,1
1618,Home,7952.0,6.8,Prepaid_UPI,364,2,0,375.1,9,0,,0
1619,Beauty,171.0,0.0,Prepaid_UPI,688,12,4,84.1,4,0,,0
1620,Apparel,1675.0,11.1,Prepaid_UPI,1534,12,5,317.4,6,0,5.0,1
1621,Apparel,1500.0,21.9,COD,16,1,0,220.2,4,0,,1
1622,Electronics,25402.0,14.1,Prepaid_UPI,57,2,0,484.0,4,0,4.0,0
1623,Footwear,3643.0,7.0,COD,720,9,0,134.5,4,1,2.0,0
1624,Apparel,2186.0,22.6,COD,658,8,2,114.5,4,0,,1
1625,Electronics,3254.0,27.1,COD,43,0,0,390.0,3,1,1.0,0
1626,Footwear,2958.0,15.0,COD,1289,15,1,85.6,5,0,,0
1627,Electronics,32595.0,42.6,Wallet,1612,14,3,268.9,3,1,2.0,0
1628,Apparel,951.0,22.9,Wallet,903,5,0,232.1,9,0,3.0,0
1629,Apparel,2007.0,8.9,COD,316,10,6,180.3,5,1,,1
1630,Electronics,21216.0,5.1,Prepaid_UPI,296,5,0,202.7,6,0,4.0,1
1631,Electronics,8404.0,18.8,Prepaid_Card,20,1,0,268.8,4,0,3.0,0
1632,Footwear,3918.0,38.7,Prepaid_UPI,840,22,10,55.4,1,1,5.0,0
1633,Home,7561.0,9.6,Prepaid_UPI,716,4,0,136.3,2,0,5.0,0
1634,Home,1066.0,30.9,Prepaid_Card,147,16,1,66.6,4,1,4.0,0
1635,Beauty,1916.0,23.4,COD,1005,25,0,34.1,4,1,1.0,0
1636,Electronics,10618.0,51.9,COD,94,1,1,80.2,5,0,3.0,1
1637,Electronics,1494.0,27.9,Prepaid_Card,82,2,1,226.9,5,1,5.0,0
1638,Beauty,762.0,11.5,Wallet,614,6,0,346.3,3,1,1.0,0
1639,Apparel,1939.0,33.0,Prepaid_Card,437,2,1,447.4,10,0,3.0,0
1640,Footwear,1065.0,33.6,COD,166,1,0,428.2,5,1,1.0,0
1641,Footwear,1023.0,16.0,COD,826,11,1,273.4,4,1,4.0,0
1642,Apparel,1730.0,4.5,Wallet,657,5,2,48.7,4,0,3.0,0
1643,Electronics,18999.0,30.0,COD,105,1,0,59.2,6,1,2.0,1
1644,Apparel,667.0,23.0,Prepaid_UPI,680,16,2,81.9,4,1,1.0,1
1645,Apparel,814.0,0.0,Prepaid_UPI,375,3,1,339.6,7,1,1.0,0
1646,Electronics,36004.0,25.8,COD,220,2,1,124.1,4,1,5.0,0
1647,Apparel,1522.0,12.4,COD,617,5,0,436.9,4,1,5.0,0
1648,Footwear,3544.0,0.0,COD,7,0,0,149.1,1,0,,1
1649,Beauty,380.0,16.7,COD,79,1,0,324.6,7,1,5.0,1
1650,Footwear,2332.0,41.2,Prepaid_UPI,301,2,0,318.1,2,1,1.0,0
1651,Apparel,1835.0,40.1,Prepaid_UPI,306,2,0,503.9,6,1,1.0,0
1652,Apparel,878.0,36.2,COD,310,8,1,237.5,3,0,2.0,0
1653,Apparel,705.0,26.0,Prepaid_Card,160,5,1,238.0,6,0,3.0,0
1654,Apparel,1087.0,30.9,COD,264,2,0,256.6,7,0,2.0,0
1655,Beauty,933.0,23.5,COD,853,7,3,427.9,3,0,,0
1656,Electronics,9324.0,5.4,Prepaid_UPI,106,1,0,130.9,3,0,3.0,0
1657,Apparel,2117.0,8.4,Prepaid_UPI,163,2,0,205.8,9,0,2.0,1
1658,Footwear,2432.0,12.9,Prepaid_UPI,187,4,1,242.6,6,0,3.0,0
1659,Electronics,27834.0,43.0,COD,390,3,0,85.8,6,1,5.0,1
1660,Apparel,618.0,38.2,Prepaid_Card,167,1,0,191.6,2,0,4.0,0
1661,Apparel,1498.0,5.8,Prepaid_Card,35,0,0,316.6,2,1,1.0,1
1662,Home,4576.0,22.8,Wallet,58,0,0,101.2,5,1,,0
1663,Footwear,4228.0,16.0,Prepaid_Card,142,2,0,377.1,4,1,5.0,0
1664,Apparel,1142.0,19.7,Wallet,199,5,0,256.0,2,1,4.0,0
1665,Beauty,1988.0,14.0,COD,1690,69,7,469.4,5,1,4.0,0
1666,Footwear,1717.0,43.1,Prepaid_Card,1821,34,1,466.0,1,1,2.0,1
1667,Footwear,2816.0,21.7,Prepaid_UPI,998,8,3,578.0,5,0,5.0,0
1668,Apparel,2069.0,25.2,COD,893,19,1,256.5,3,1,,1
1669,Apparel,1525.0,25.4,Prepaid_Card,271,2,0,350.8,6,1,1.0,1
1670,Footwear,3345.0,6.6,Prepaid_Card,112,2,0,273.2,5,1,1.0,0
1671,Apparel,1977.0,23.6,Wallet,580,5,0,206.3,6,0,,1
1672,Home,7426.0,37.9,COD,1151,12,3,227.9,7,0,4.0,0
1673,Footwear,1333.0,44.1,Wallet,348,9,2,169.9,3,1,1.0,0
1674,Apparel,753.0,4.8,COD,332,3,2,113.3,2,1,3.0,0
1675,Footwear,2702.0,0.0,Prepaid_Card,144,1,0,243.7,7,1,2.0,0
1676,Beauty,2489.0,22.9,Prepaid_Card,209,1,0,285.6,8,1,1.0,0
1677,Footwear,2461.0,38.6,COD,415,8,1,177.4,7,1,5.0,1
1678,Electronics,15694.0,27.4,Wallet,66,1,0,182.4,1,1,3.0,0
1679,Footwear,2649.0,32.2,Wallet,926,32,1,586.5,6,0,4.0,0
1680,Electronics,4021.0,1.6,Wallet,68,1,1,201.6,2,1,2.0,0
1681,Footwear,1209.0,13.4,Wallet,704,12,4,92.3,6,1,4.0,1
1682,Footwear,1096.0,0.0,Prepaid_UPI,56,0,0,240.7,4,1,2.0,1
1683,Footwear,612.0,19.9,Prepaid_Card,188,2,0,232.7,4,0,3.0,0
1684,Apparel,1700.0,0.0,Prepaid_UPI,943,27,4,233.0,4,0,4.0,0
1685,Apparel,986.0,42.0,COD,1235,7,2,253.1,3,1,1.0,1
1686,Apparel,703.0,45.3,Prepaid_UPI,1009,8,0,189.7,2,0,3.0,0
1687,Electronics,23636.0,24.1,Prepaid_Card,136,5,0,147.1,4,1,3.0,1
1688,Electronics,15367.0,0.0,Prepaid_UPI,273,2,1,57.0,5,1,3.0,0
1689,Home,3326.0,27.6,COD,697,7,0,110.0,8,1,,0
1690,Electronics,15020.0,49.9,COD,1631,22,2,322.9,6,0,3.0,0
1691,Footwear,516.0,29.1,COD,41,1,0,576.4,4,1,,0
1692,Beauty,1768.0,39.8,Prepaid_Card,3,0,0,147.1,4,0,,0
1693,Apparel,599.0,14.7,COD,369,12,2,187.4,1,0,2.0,0
1694,Footwear,1377.0,8.9,COD,29,0,0,237.5,4,1,4.0,0
1695,Home,1765.0,20.9,COD,554,11,1,687.8,5,0,2.0,1
1696,Electronics,15714.0,0.0,Prepaid_Card,742,9,0,235.5,3,0,3.0,0
1697,Apparel,688.0,56.0,COD,272,2,0,727.2,3,0,3.0,0
1698,Footwear,1888.0,24.1,Prepaid_UPI,216,1,0,56.6,1,1,3.0,1
1699,Beauty,722.0,35.0,COD,1223,9,1,66.5,1,0,1.0,0
1700,Footwear,745.0,15.1,Prepaid_Card,686,5,3,534.2,2,1,4.0,1
1701,Beauty,2196.0,0.0,COD,204,1,0,116.8,3,1,3.0,1
1702,Beauty,868.0,43.4,Prepaid_Card,568,4,2,209.4,1,1,1.0,0
1703,Electronics,5373.0,5.1,Prepaid_Card,814,10,0,201.3,4,0,4.0,0
1704,Home,4316.0,27.2,Prepaid_Card,244,19,2,77.2,4,1,4.0,0
1705,Electronics,6599.0,28.6,Prepaid_Card,402,10,2,213.9,5,0,3.0,0
1706,Beauty,1967.0,23.1,Prepaid_Card,798,10,2,826.2,4,1,1.0,0
1707,Apparel,511.0,10.2,COD,566,11,1,416.8,6,1,,0
1708,Electronics,21551.0,19.8,Prepaid_Card,138,2,0,88.0,8,0,2.0,1
1709,Footwear,4275.0,7.7,COD,149,12,0,71.9,1,1,4.0,0
1710,Apparel,686.0,34.1,Prepaid_UPI,543,5,1,334.5,2,0,,0
1711,Footwear,1305.0,30.6,Prepaid_Card,301,5,1,597.4,5,0,2.0,1
1712,Electronics,27500.0,21.7,Prepaid_UPI,670,14,4,714.7,6,0,4.0,1
1713,Beauty,2453.0,13.5,Prepaid_Card,508,5,0,312.5,2,1,5.0,0
1714,Footwear,2043.0,53.6,COD,605,12,3,87.3,8,1,3.0,1
1715,Apparel,1568.0,2.5,COD,398,5,1,311.1,2,1,3.0,1
1716,Footwear,1109.0,0.0,COD,817,18,0,117.0,4,1,4.0,0
1717,Electronics,29293.0,20.8,Prepaid_Card,347,3,0,285.9,6,0,5.0,0
1718,Home,2245.0,18.1,Prepaid_UPI,23,0,0,373.9,8,0,2.0,0
1719,Home,5022.0,38.5,Prepaid_UPI,186,11,1,150.8,2,0,3.0,0
1720,Footwear,855.0,31.7,Prepaid_Card,974,7,0,505.5,6,1,2.0,0
1721,Apparel,1345.0,22.4,COD,83,1,0,217.9,4,0,2.0,1
1722,Apparel,827.0,29.5,Prepaid_UPI,670,4,0,206.0,1,0,4.0,0
1723,Home,5549.0,29.2,COD,242,2,0,146.9,3,1,1.0,0
1724,Home,6057.0,53.6,COD,99,1,0,327.1,2,1,,0
1725,Electronics,38349.0,25.8,Prepaid_UPI,66,5,0,359.5,6,1,4.0,1
1726,Apparel,2186.0,11.8,COD,790,52,15,29.1,1,1,3.0,0
1727,Electronics,21320.0,25.0,COD,759,21,2,524.6,5,1,1.0,0
1728,Footwear,3182.0,0.0,COD,319,4,0,197.8,4,0,,0
1729,Apparel,433.0,21.5,Prepaid_Card,368,2,1,278.0,5,0,2.0,1
1730,Electronics,40843.0,38.4,COD,448,13,1,207.4,4,1,5.0,1
1731,Beauty,1597.0,31.0,Prepaid_Card,677,7,1,302.2,3,1,2.0,0
1732,Apparel,1158.0,26.5,Prepaid_Card,239,1,1,385.4,5,0,2.0,1
1733,Footwear,2237.0,31.7,COD,474,106,8,240.7,5,1,5.0,1
1734,Apparel,1764.0,38.5,COD,57,6,2,201.0,3,1,3.0,0
1735,Footwear,3834.0,43.4,Prepaid_UPI,308,6,0,231.6,10,0,,0
1736,Footwear,3732.0,28.7,COD,147,3,2,306.1,2,1,,0
1737,Footwear,2542.0,17.3,Prepaid_UPI,111,1,0,243.0,6,0,3.0,1
1738,Apparel,1068.0,0.0,Prepaid_Card,562,7,3,300.4,6,0,4.0,0
1739,Electronics,42615.0,36.7,COD,124,1,0,272.0,4,1,,0
1740,Footwear,3037.0,29.7,Prepaid_Card,278,10,3,240.6,5,0,3.0,0
1741,Apparel,1379.0,24.3,Prepaid_Card,594,5,0,232.1,5,1,3.0,0
1742,Apparel,1477.0,11.7,Prepaid_Card,193,5,2,233.3,4,1,5.0,0
1743,Apparel,1534.0,36.5,Prepaid_UPI,95,1,0,199.1,3,1,2.0,0
1744,Beauty,1826.0,18.1,Wallet,44,6,0,156.6,4,1,5.0,0
1745,Home,4560.0,21.5,Prepaid_UPI,770,5,0,207.5,3,0,4.0,0
1746,Home,7040.0,21.2,Prepaid_Card,569,5,2,238.7,8,1,1.0,0
1747,Footwear,3939.0,28.7,Prepaid_Card,346,9,3,355.8,6,1,4.0,1
1748,Electronics,20571.0,4.8,Prepaid_Card,41,0,0,371.0,5,0,5.0,0
1749,Electronics,8582.0,30.4,COD,80,1,0,556.5,3,1,1.0,0
1750,Electronics,26458.0,11.2,Prepaid_UPI,41,0,0,293.7,4,1,3.0,0
1751,Home,5080.0,11.7,Prepaid_UPI,20,0,0,48.0,3,1,5.0,0
1752,Apparel,1342.0,35.3,COD,686,28,6,221.5,4,0,,0
1753,Footwear,4062.0,7.1,Wallet,94,1,0,229.1,1,1,3.0,0
1754,Footwear,872.0,35.3,Prepaid_UPI,46,1,1,193.1,3,1,4.0,1
1755,Electronics,13789.0,23.5,Prepaid_Card,745,6,0,49.7,2,0,1.0,1
1756,Home,6967.0,0.0,Wallet,133,16,5,359.8,3,1,3.0,1
1757,Apparel,2091.0,42.5,COD,986,10,0,272.4,9,1,1.0,1
1758,Beauty,1151.0,26.7,COD,505,3,2,185.8,4,1,4.0,1
1759,Beauty,603.0,27.9,COD,142,2,0,115.4,5,1,3.0,0
1760,Beauty,1138.0,37.1,Prepaid_Card,19,0,0,235.9,4,0,3.0,0
1761,Electronics,21180.0,44.5,COD,93,3,1,791.9,6,1,,0
1762,Apparel,1335.0,25.0,Wallet,165,1,0,272.2,4,0,4.0,0
1763,Apparel,894.0,31.3,COD,112,1,0,248.4,3,1,5.0,1
1764,Apparel,963.0,27.6,COD,42,1,0,118.6,3,0,3.0,1
1765,Apparel,1580.0,16.9,Prepaid_Card,135,5,0,318.1,3,0,5.0,0
1766,Apparel,1519.0,0.0,COD,120,1,0,172.3,8,1,1.0,1
1767,Beauty,1706.0,25.2,Prepaid_UPI,133,1,0,325.8,5,0,5.0,0
1768,Apparel,1079.0,42.7,COD,374,15,0,64.7,3,1,3.0,0
1769,Apparel,1006.0,30.7,Wallet,1059,6,0,129.8,6,0,1.0,0
1770,Footwear,1906.0,6.0,Prepaid_UPI,214,2,0,168.7,7,0,4.0,0
1771,Home,7624.0,38.5,COD,32,0,0,203.7,3,1,4.0,0
1772,Footwear,2081.0,17.4,COD,616,11,0,537.0,4,0,2.0,1
1773,Home,4967.0,0.0,COD,366,5,1,456.1,5,1,5.0,0
1774,Footwear,2591.0,37.3,Wallet,73,2,0,295.6,3,1,4.0,0
1775,Home,7047.0,7.8,Prepaid_UPI,404,8,0,118.6,3,1,1.0,0
1776,Electronics,17367.0,48.7,Prepaid_Card,462,17,3,121.7,3,0,5.0,1
1777,Home,3643.0,39.2,COD,57,2,0,429.2,4,0,5.0,1
1778,Electronics,38114.0,18.6,Prepaid_UPI,154,1,0,195.5,11,1,3.0,1
1779,Electronics,8250.0,28.9,COD,263,9,0,153.2,3,0,5.0,0
1780,Electronics,27230.0,58.4,Prepaid_UPI,177,7,1,181.5,1,0,2.0,0
1781,Apparel,1120.0,37.0,Prepaid_UPI,47,0,0,221.7,7,0,2.0,0
1782,Footwear,4443.0,25.6,COD,812,6,0,281.5,5,0,1.0,1
1783,Apparel,1698.0,65.3,Prepaid_Card,67,0,0,215.3,4,0,4.0,0
1784,Apparel,419.0,23.8,COD,33,0,0,51.8,6,1,1.0,1
1785,Apparel,1911.0,30.7,COD,314,8,1,254.5,2,0,,0
1786,Footwear,3313.0,8.0,Wallet,1327,13,0,291.5,5,0,2.0,0
1787,Electronics,25770.0,0.0,Prepaid_UPI,520,5,2,286.2,4,0,4.0,1
1788,Home,2118.0,17.7,Prepaid_UPI,222,5,0,216.7,5,0,2.0,0
1789,Footwear,1097.0,22.6,Prepaid_Card,221,8,0,112.6,5,0,3.0,0
1790,Apparel,1531.0,26.9,COD,372,2,0,86.2,10,1,1.0,1
1791,Footwear,2260.0,0.7,Prepaid_UPI,757,40,6,181.3,3,1,3.0,1
1792,Apparel,1951.0,31.9,Prepaid_Card,1234,24,3,361.4,3,0,3.0,0
1793,Apparel,872.0,9.5,COD,49,1,0,155.3,6,0,1.0,1
1794,Home,5209.0,31.1,COD,67,0,0,1028.0,7,0,5.0,1
1795,Beauty,735.0,36.0,Prepaid_Card,228,2,1,400.9,2,0,5.0,0
1796,Apparel,1545.0,16.1,Prepaid_UPI,321,2,0,189.4,5,1,3.0,0
1797,Home,672.0,7.5,COD,557,4,0,178.0,2,0,1.0,1
1798,Apparel,1105.0,45.2,Prepaid_UPI,262,2,0,203.1,2,0,3.0,0
1799,Home,1630.0,35.1,COD,407,12,1,238.0,4,0,1.0,1
1800,Home,4966.0,24.3,COD,772,12,6,102.4,3,1,3.0,0
1801,Home,2739.0,44.0,COD,690,5,1,164.7,2,1,2.0,0
1802,Home,6241.0,23.2,Prepaid_UPI,579,3,1,534.0,3,1,5.0,0
1803,Apparel,606.0,12.7,COD,34,0,0,315.6,3,0,,0
1804,Home,4583.0,7.0,Prepaid_Card,756,4,0,200.3,6,1,2.0,0
1805,Home,4871.0,20.4,COD,227,2,0,290.6,2,1,4.0,0
1806,Home,470.0,33.6,Prepaid_UPI,34,0,0,207.7,5,1,5.0,1
1807,Apparel,465.0,42.8,Prepaid_UPI,61,1,0,381.5,1,1,2.0,0
1808,Electronics,14701.0,22.4,COD,148,2,0,639.5,4,1,4.0,1
1809,Electronics,27878.0,40.2,Wallet,174,6,0,236.1,6,0,5.0,1
1810,Apparel,2133.0,18.8,COD,357,6,0,105.7,3,1,3.0,0
1811,Apparel,563.0,10.3,COD,1966,109,4,118.9,6,0,5.0,0
1812,Electronics,31999.0,2.4,Prepaid_Card,98,6,1,426.9,1,1,5.0,1
1813,Footwear,3271.0,14.4,Prepaid_UPI,500,9,4,625.6,2,1,3.0,1
1814,Apparel,1605.0,3.0,COD,541,4,1,157.4,6,1,5.0,0
1815,Footwear,2565.0,52.1,Prepaid_Card,879,8,2,153.1,6,1,1.0,0
1816,Home,7745.0,28.6,COD,190,2,0,319.9,9,0,5.0,0
1817,Footwear,2507.0,20.6,Prepaid_Card,390,3,0,100.2,6,0,2.0,0
1818,Electronics,37917.0,47.8,Prepaid_Card,99,1,0,319.7,7,0,3.0,0
1819,Electronics,12698.0,2.5,Wallet,145,2,1,344.8,2,0,2.0,1
1820,Home,6509.0,19.9,Prepaid_Card,108,1,0,145.6,4,1,5.0,0
1821,Beauty,2492.0,52.0,Prepaid_Card,509,37,19,67.3,1,1,2.0,0
1822,Electronics,41062.0,19.8,Prepaid_Card,892,8,0,143.4,7,0,4.0,1
1823,Electronics,14518.0,58.7,COD,318,2,2,364.8,4,1,,1
1824,Home,6815.0,33.8,COD,70,1,0,302.2,6,1,1.0,0
1825,Footwear,881.0,41.6,Wallet,584,4,2,218.8,1,1,4.0,0
1826,Apparel,1620.0,42.0,COD,560,11,2,440.7,1,0,1.0,0
1827,Electronics,16186.0,22.0,Prepaid_UPI,39,0,0,288.0,8,1,,0
1828,Electronics,30050.0,14.7,COD,1056,7,0,269.0,12,1,2.0,1
1829,Beauty,1119.0,20.3,Prepaid_UPI,226,2,2,87.1,5,0,3.0,0
1830,Electronics,1596.0,7.2,COD,13,0,0,298.5,8,1,4.0,1
1831,Electronics,11330.0,21.0,Wallet,569,5,0,362.5,3,0,1.0,0
1832,Beauty,250.0,21.9,Prepaid_UPI,79,4,0,614.0,1,0,5.0,0
1833,Electronics,19914.0,47.3,COD,1075,8,3,162.1,8,0,1.0,0
1834,Apparel,1912.0,30.9,Prepaid_UPI,72,1,0,219.5,4,1,1.0,0
1835,Apparel,1728.0,57.4,Prepaid_Card,336,20,2,485.6,4,1,4.0,0
1836,Apparel,1820.0,0.0,COD,594,25,6,341.6,8,1,2.0,0
1837,Apparel,1853.0,3.7,COD,29,0,0,326.2,4,0,2.0,0
1838,Electronics,17491.0,16.7,Prepaid_UPI,1051,31,8,124.8,2,1,4.0,0
1839,Footwear,2524.0,44.4,Prepaid_UPI,684,4,1,220.5,1,0,4.0,0
1840,Footwear,2534.0,20.4,COD,24,0,0,354.5,4,0,2.0,0
1841,Apparel,604.0,0.0,Prepaid_UPI,1114,15,1,143.1,6,1,2.0,0
1842,Home,4906.0,18.3,COD,125,1,0,254.4,4,0,,1
1843,Apparel,1696.0,4.0,COD,699,6,0,212.4,4,1,5.0,0
1844,Beauty,1586.0,1.1,Prepaid_Card,1017,11,6,335.6,3,0,2.0,0
1845,Apparel,1743.0,52.0,COD,347,5,0,288.5,3,0,3.0,0
1846,Home,1215.0,16.7,COD,23,0,0,54.2,8,0,2.0,1
1847,Electronics,34550.0,24.6,Prepaid_Card,844,7,1,215.2,4,0,3.0,1
1848,Home,1903.0,20.6,COD,1560,21,2,571.2,3,0,,0
1849,Electronics,39605.0,18.2,COD,208,2,0,409.4,8,1,5.0,1
1850,Footwear,1480.0,9.4,Prepaid_UPI,179,3,1,208.9,4,0,,0
1851,Apparel,1286.0,17.3,Prepaid_Card,76,1,0,377.4,4,0,2.0,0
1852,Beauty,1295.0,27.1,Prepaid_UPI,603,11,1,186.8,4,0,1.0,0
1853,Electronics,12976.0,43.3,Prepaid_Card,356,9,0,334.5,1,1,2.0,0
1854,Footwear,1947.0,36.2,Prepaid_Card,51,0,0,157.5,4,0,1.0,0
1855,Footwear,1242.0,3.7,COD,109,1,0,658.2,5,0,5.0,1
1856,Beauty,1490.0,36.8,Prepaid_UPI,138,19,1,214.1,4,1,2.0,0
1857,Apparel,2043.0,29.1,COD,1,0,0,250.5,7,1,5.0,1
1858,Apparel,970.0,12.6,COD,298,2,1,440.4,2,1,5.0,1
1859,Apparel,1315.0,24.7,Prepaid_UPI,40,1,0,246.7,5,0,1.0,0
1860,Apparel,1951.0,30.6,Prepaid_UPI,405,6,1,272.2,3,0,3.0,0
1861,Home,3784.0,22.7,Prepaid_Card,156,1,0,269.8,7,0,4.0,0
1862,Beauty,2103.0,29.2,COD,101,2,0,299.4,8,0,2.0,0
1863,Beauty,1199.0,9.1,COD,247,3,0,122.0,7,0,5.0,0
1864,Electronics,20483.0,51.9,Prepaid_Card,23,0,0,315.1,5,0,4.0,0
1865,Home,1511.0,0.0,Prepaid_UPI,94,1,0,179.7,4,0,4.0,0
1866,Footwear,1000.0,30.7,Prepaid_Card,55,0,0,165.5,4,1,,1
1867,Beauty,1587.0,27.5,COD,791,19,4,204.6,2,1,1.0,0
1868,Apparel,1889.0,31.6,COD,717,15,3,100.7,6,0,5.0,0
1869,Electronics,7131.0,11.4,Prepaid_Card,162,1,0,203.2,1,1,1.0,0
1870,Footwear,4140.0,39.5,Prepaid_UPI,26,0,0,115.9,4,1,5.0,1
1871,Apparel,1046.0,20.4,COD,490,3,0,50.8,8,1,4.0,0
1872,Electronics,19826.0,4.2,COD,229,10,2,374.8,1,0,,0
1873,Beauty,2252.0,5.6,COD,138,1,0,202.5,6,1,5.0,0
1874,Beauty,2256.0,23.9,COD,77,14,0,280.4,6,1,,1
1875,Beauty,1383.0,0.0,Prepaid_Card,118,1,0,339.6,3,0,3.0,0
1876,Footwear,1607.0,49.0,COD,1060,9,1,493.7,2,0,,0
1877,Apparel,709.0,37.7,Prepaid_Card,368,5,0,206.0,1,0,2.0,1
1878,Electronics,13095.0,49.4,Prepaid_UPI,278,3,1,243.1,3,1,1.0,1
1879,Home,6311.0,47.8,Wallet,320,2,0,325.6,3,1,5.0,0
1880,Home,2799.0,16.7,Wallet,30,0,0,80.8,1,0,4.0,1
1881,Electronics,31622.0,9.0,COD,735,21,2,189.0,7,1,3.0,0
1882,Home,1803.0,0.0,COD,210,8,0,237.3,3,0,2.0,1
1883,Electronics,22158.0,15.9,COD,616,5,2,167.6,5,0,4.0,0
1884,Footwear,1908.0,48.5,Prepaid_UPI,181,4,0,168.4,3,0,,0
1885,Electronics,23258.0,9.6,COD,245,7,0,145.5,6,1,3.0,0
1886,Electronics,26164.0,18.9,COD,247,6,0,948.1,5,1,,1
1887,Apparel,2184.0,13.7,COD,10,0,0,236.9,7,1,5.0,0
1888,Apparel,2020.0,27.6,COD,154,2,0,139.3,1,1,2.0,1
1889,Footwear,3283.0,41.3,Prepaid_UPI,30,0,0,208.3,3,0,1.0,0
1890,Electronics,7934.0,0.0,Prepaid_Card,1363,9,1,132.7,6,0,4.0,0
1891,Apparel,2054.0,1.8,Prepaid_Card,223,2,1,249.7,3,0,2.0,0
1892,Footwear,4070.0,44.3,Wallet,544,33,2,281.3,4,1,5.0,0
1893,Home,7128.0,33.0,COD,471,4,0,499.0,6,1,3.0,0
1894,Apparel,1262.0,18.1,COD,271,3,0,91.9,4,0,3.0,1
1895,Apparel,707.0,47.6,COD,603,4,0,407.9,5,0,2.0,0
1896,Apparel,1758.0,1.5,Prepaid_Card,658,7,1,245.3,4,0,5.0,0
1897,Home,3292.0,36.0,Prepaid_Card,382,3,0,364.9,4,0,4.0,0
1898,Apparel,1020.0,21.0,COD,57,2,0,418.8,1,0,5.0,0
1899,Apparel,1103.0,31.1,Wallet,197,1,1,466.5,3,0,3.0,1
1900,Apparel,1406.0,0.0,COD,129,1,0,113.2,6,1,2.0,1
1901,Home,2868.0,18.1,COD,1260,18,0,336.7,4,1,,1
1902,Apparel,1642.0,33.1,Prepaid_Card,54,0,0,141.4,6,1,4.0,0
1903,Footwear,3091.0,21.1,Wallet,391,13,1,138.7,4,1,,0
1904,Apparel,1316.0,40.8,Prepaid_UPI,643,116,32,304.8,6,1,5.0,1
1905,Home,716.0,40.3,Wallet,138,1,0,313.4,3,1,,0
1906,Electronics,42221.0,7.6,COD,13,0,0,352.5,2,0,,1
1907,Electronics,19232.0,34.4,Prepaid_Card,137,6,0,179.1,6,1,4.0,0
1908,Apparel,1209.0,7.1,Prepaid_UPI,207,7,2,284.3,2,1,4.0,0
1909,Footwear,2324.0,22.8,Prepaid_Card,89,4,0,298.4,3,0,1.0,0
1910,Footwear,1960.0,31.8,COD,219,7,4,212.1,4,0,2.0,0
1911,Apparel,1614.0,9.5,Wallet,431,5,0,441.8,1,1,1.0,0
1912,Apparel,425.0,33.8,COD,615,56,7,68.5,3,1,,0
1913,Beauty,2203.0,14.4,COD,19,0,0,133.4,3,1,,0
1914,Home,1089.0,13.3,Prepaid_UPI,419,4,1,439.4,4,0,1.0,0
1915,Apparel,2199.0,32.6,Wallet,268,2,2,304.1,4,0,5.0,1
1916,Apparel,1531.0,9.5,Wallet,337,2,0,743.6,3,1,2.0,0
1917,Home,810.0,8.7,Prepaid_UPI,170,10,4,345.6,4,0,4.0,0
1918,Footwear,2750.0,37.6,COD,1262,153,4,160.3,8,0,5.0,0
1919,Home,2851.0,23.6,Wallet,28,1,0,418.3,10,1,4.0,0
1920,Beauty,2390.0,0.2,Prepaid_Card,102,2,0,463.0,6,0,1.0,0
1921,Electronics,34290.0,34.8,Prepaid_Card,152,2,1,291.4,4,0,5.0,1
1922,Apparel,1313.0,15.9,COD,301,109,9,124.3,2,1,,0
1923,Electronics,20024.0,1.0,Prepaid_UPI,1220,10,0,286.8,3,0,4.0,0
1924,Electronics,44819.0,0.0,Prepaid_Card,90,1,0,190.6,4,1,5.0,1
1925,Apparel,1601.0,35.6,Prepaid_UPI,235,5,0,167.2,7,0,1.0,0
1926,Apparel,1325.0,9.1,COD,504,141,32,268.1,2,0,,1
1927,Electronics,18630.0,3.3,COD,33,0,0,72.1,5,1,5.0,1
1928,Home,2799.0,31.6,Prepaid_Card,280,2,0,225.6,3,1,4.0,0
1929,Apparel,1670.0,34.1,COD,689,71,12,161.8,7,0,5.0,1
1930,Electronics,26949.0,10.2,Prepaid_UPI,635,6,2,125.8,4,1,5.0,0
1931,Home,6831.0,35.7,COD,213,5,0,199.4,3,1,1.0,0
1932,Home,4562.0,52.8,Prepaid_Card,714,6,0,183.1,3,1,5.0,0
1933,Footwear,2829.0,42.2,COD,66,1,0,416.9,8,1,1.0,0
1934,Footwear,2409.0,39.9,COD,6,0,0,235.3,4,1,5.0,0
1935,Home,6172.0,26.7,Prepaid_Card,182,4,1,306.4,7,1,4.0,0
1936,Apparel,1147.0,15.3,COD,36,0,0,488.3,5,0,5.0,1
1937,Electronics,38515.0,21.2,COD,217,2,0,162.9,6,0,5.0,1
1938,Home,2818.0,28.6,COD,129,1,0,242.6,4,1,,0
1939,Apparel,1647.0,3.1,COD,1259,14,2,329.2,4,0,3.0,1
1940,Apparel,2007.0,10.5,Prepaid_Card,65,0,0,260.3,2,0,5.0,1
1941,Apparel,1784.0,0.6,COD,191,1,0,221.5,2,0,,1
1942,Electronics,16206.0,25.5,COD,428,4,0,208.0,4,0,3.0,0
1943,Electronics,32138.0,23.2,Prepaid_UPI,162,4,1,295.3,4,0,4.0,1
1944,Apparel,773.0,12.2,Prepaid_Card,862,17,5,143.8,4,1,1.0,0
1945,Footwear,733.0,34.3,Prepaid_Card,903,9,1,139.4,6,1,4.0,0
1946,Beauty,2010.0,6.3,COD,223,16,3,539.4,9,1,5.0,0
1947,Apparel,1854.0,11.7,Wallet,59,6,2,67.2,2,1,3.0,0
1948,Beauty,204.0,33.7,COD,940,86,3,149.9,5,1,1.0,0
1949,Apparel,2106.0,35.9,COD,205,1,0,348.7,3,1,1.0,0
1950,Beauty,1198.0,10.1,Wallet,386,3,0,420.1,1,0,1.0,0
1951,Beauty,2277.0,25.5,Prepaid_Card,100,1,0,102.6,10,0,,0
1952,Apparel,1819.0,10.3,Prepaid_Card,1115,6,0,444.9,4,0,1.0,0
1953,Footwear,4103.0,19.0,Prepaid_UPI,312,2,0,1011.7,4,0,5.0,0
1954,Beauty,2108.0,24.2,COD,2465,26,3,503.2,6,1,,1
1955,Beauty,2439.0,30.4,Prepaid_UPI,46,1,0,227.9,10,0,3.0,0
1956,Beauty,1628.0,26.8,Prepaid_UPI,161,1,0,227.8,5,1,3.0,1
1957,Home,2050.0,26.1,COD,650,4,1,277.6,10,1,4.0,0
1958,Apparel,1101.0,5.8,COD,40,0,0,132.2,4,1,2.0,0
1959,Footwear,3508.0,27.8,COD,9,0,0,184.1,7,0,,1
1960,Home,1509.0,30.3,Wallet,386,3,0,221.8,3,0,5.0,0
1961,Home,7460.0,32.3,COD,37,0,0,370.4,3,0,4.0,0
1962,Electronics,10191.0,11.2,COD,616,9,4,355.2,5,1,5.0,0
1963,Home,7045.0,35.7,Prepaid_UPI,945,17,5,124.2,7,0,4.0,0
1964,Apparel,1271.0,2.2,Prepaid_UPI,280,24,0,212.4,3,1,2.0,0
1965,Footwear,3862.0,15.5,COD,48,1,0,107.3,6,1,4.0,0
1966,Apparel,2125.0,17.9,Prepaid_UPI,241,2,0,461.2,5,1,3.0,1
1967,Footwear,2189.0,3.1,Prepaid_Card,386,12,1,205.1,4,1,4.0,0
1968,Footwear,3286.0,17.6,Prepaid_UPI,1179,7,1,289.5,6,1,5.0,0
1969,Electronics,11130.0,25.3,COD,56,4,1,238.0,3,0,,1
1970,Electronics,36274.0,0.0,COD,1,0,0,348.3,7,1,1.0,0
1971,Apparel,1876.0,16.1,Prepaid_Card,70,1,0,122.0,4,1,5.0,0
1972,Beauty,844.0,0.0,COD,198,5,0,82.6,6,0,2.0,0
1973,Footwear,597.0,52.6,Prepaid_Card,19,1,0,93.8,5,0,3.0,0
1974,Electronics,20087.0,25.2,COD,124,10,2,123.9,5,1,2.0,1
1975,Apparel,706.0,23.9,Prepaid_UPI,144,2,0,110.2,1,1,,0
1976,Apparel,1873.0,25.5,Prepaid_UPI,48,1,1,154.0,3,1,2.0,1
1977,Electronics,12636.0,31.1,Prepaid_UPI,192,2,1,169.4,2,0,1.0,1
1978,Beauty,2368.0,36.7,Wallet,125,4,0,69.1,6,0,1.0,0
1979,Footwear,4387.0,0.0,Wallet,79,12,2,238.6,4,1,2.0,1
1980,Apparel,2036.0,41.7,Prepaid_Card,205,30,1,302.8,1,1,5.0,1
1981,Footwear,2898.0,40.7,COD,464,21,3,114.3,6,1,,0
1982,Electronics,12913.0,21.0,Prepaid_UPI,384,3,0,252.3,4,1,1.0,0
1983,Footwear,3729.0,20.2,Wallet,347,4,0,133.8,4,1,5.0,0
1984,Apparel,1663.0,0.0,Wallet,1040,9,0,435.9,6,0,2.0,0
1985,Home,7824.0,3.3,Prepaid_UPI,31,0,0,292.0,5,0,1.0,0
1986,Beauty,1037.0,29.8,COD,180,5,0,480.1,9,1,1.0,0
1987,Apparel,506.0,40.0,Wallet,49,0,0,546.1,7,1,2.0,1
1988,Home,7988.0,32.9,Wallet,831,6,0,56.2,5,0,2.0,0
1989,Beauty,2120.0,20.9,Prepaid_UPI,621,5,1,237.4,5,0,4.0,0
1990,Apparel,799.0,50.9,Prepaid_UPI,776,5,4,458.5,4,0,1.0,0
1991,Apparel,1706.0,37.1,Prepaid_Card,225,9,5,399.4,3,0,,0
1992,Home,305.0,16.1,Wallet,177,2,0,150.1,6,0,1.0,0
1993,Electronics,25632.0,54.7,COD,165,2,0,176.6,8,0,4.0,0
1994,Apparel,1053.0,5.6,Prepaid_UPI,347,3,0,229.2,4,0,4.0,0
1995,Electronics,17902.0,0.0,COD,365,8,0,490.9,6,1,4.0,0
1996,Footwear,1478.0,15.7,COD,491,20,3,399.1,3,0,,1
1997,Apparel,895.0,10.6,COD,140,1,0,524.2,6,1,3.0,0
1998,Electronics,21114.0,16.5,Prepaid_Card,722,9,4,440.1,2,1,2.0,1
1999,Footwear,1493.0,34.0,COD,808,19,4,238.2,5,0,5.0,1
2000,Electronics,21630.0,21.5,Wallet,103,4,0,673.6,5,1,5.0,0
2001,Footwear,2809.0,21.9,Prepaid_Card,276,3,0,99.3,7,1,,0
2002,Electronics,32347.0,22.9,Prepaid_UPI,425,15,0,213.6,1,1,5.0,0
2003,Beauty,1741.0,0.0,COD,284,8,0,221.1,8,1,3.0,1
2004,Home,2163.0,0.0,COD,1788,10,2,430.4,7,0,4.0,0
2005,Apparel,471.0,16.2,Prepaid_UPI,749,104,21,181.0,6,0,4.0,0
2006,Footwear,3831.0,9.4,Prepaid_UPI,146,4,0,601.6,4,1,2.0,1
2007,Electronics,39407.0,18.5,Prepaid_Card,117,1,0,332.9,7,1,5.0,0
2008,Apparel,2162.0,43.1,Prepaid_UPI,99,2,2,196.6,9,0,5.0,1
2009,Apparel,2127.0,20.9,Prepaid_UPI,109,3,0,121.6,4,1,3.0,0
2010,Home,5180.0,2.2,Prepaid_Card,25,0,0,48.1,8,1,2.0,0
2011,Apparel,2010.0,10.1,Wallet,577,5,0,53.2,7,0,5.0,0
2012,Apparel,1206.0,47.7,Prepaid_UPI,17,0,0,217.5,7,0,3.0,0
2013,Apparel,1817.0,45.0,Prepaid_UPI,78,1,1,806.0,6,1,2.0,1
2014,Electronics,43044.0,30.9,COD,768,5,2,325.9,5,0,4.0,1
2015,Electronics,36077.0,0.0,COD,193,2,0,376.6,2,1,1.0,0
2016,Electronics,19411.0,26.6,COD,616,6,1,146.1,3,0,,1
2017,Apparel,1080.0,27.8,Prepaid_UPI,329,2,1,150.1,6,0,4.0,0
2018,Apparel,925.0,22.4,Prepaid_UPI,74,16,2,63.0,4,1,3.0,0
2019,Home,3126.0,13.4,COD,165,2,0,444.3,1,1,3.0,0
2020,Electronics,37141.0,16.6,Prepaid_Card,224,9,2,45.6,3,1,3.0,1
2021,Home,5702.0,12.4,COD,543,13,0,263.5,2,1,2.0,1
2022,Apparel,850.0,4.8,COD,77,0,0,231.4,5,0,,0
2023,Apparel,1681.0,42.5,Wallet,1007,379,105,241.2,6,0,3.0,0
2024,Apparel,1083.0,35.2,COD,123,2,0,493.2,5,0,3.0,0
2025,Electronics,25630.0,17.7,COD,436,15,5,253.6,1,0,,1
2026,Electronics,17422.0,27.3,Prepaid_Card,352,3,1,141.2,4,1,4.0,0
2027,Footwear,2587.0,27.8,COD,815,5,2,400.7,2,0,3.0,1
2028,Electronics,33165.0,57.1,Prepaid_UPI,132,2,1,433.9,4,1,2.0,0
2029,Electronics,33224.0,35.1,Wallet,323,2,0,149.9,6,1,3.0,1
2030,Home,6100.0,34.5,Prepaid_Card,550,7,2,131.8,5,0,4.0,0
2031,Apparel,1104.0,22.6,Prepaid_Card,305,2,2,181.0,5,1,2.0,1
2032,Electronics,31444.0,15.5,COD,380,2,0,168.5,8,1,1.0,1
2033,Electronics,11656.0,42.7,Prepaid_Card,306,9,4,329.7,3,0,1.0,0
2034,Electronics,22111.0,31.8,COD,1093,7,3,189.8,7,1,2.0,0
2035,Apparel,1450.0,9.6,COD,1238,34,6,268.5,4,0,4.0,1
2036,Footwear,3246.0,28.8,Prepaid_UPI,120,1,0,789.8,10,0,3.0,0
2037,Beauty,2293.0,34.6,Prepaid_Card,263,7,0,217.9,5,0,2.0,0
2038,Apparel,949.0,0.0,Prepaid_Card,275,4,0,174.3,1,0,4.0,0
2039,Home,6809.0,8.2,COD,509,3,0,510.9,4,0,4.0,1
2040,Footwear,1744.0,27.4,Prepaid_UPI,196,1,0,823.3,2,1,1.0,1
2041,Apparel,1393.0,0.0,COD,316,3,0,536.4,9,0,5.0,0
2042,Footwear,3812.0,0.0,COD,154,1,0,228.0,3,1,,0
2043,Home,5868.0,17.9,Prepaid_UPI,383,6,1,394.5,7,0,,0
2044,Beauty,2178.0,29.4,Prepaid_Card,257,8,1,577.0,7,1,1.0,0
2045,Beauty,2065.0,30.1,Wallet,375,3,0,171.3,2,1,2.0,0
2046,Apparel,897.0,45.7,COD,41,10,2,274.7,1,0,2.0,0
2047,Electronics,44691.0,23.2,Prepaid_UPI,321,2,1,158.1,7,0,1.0,1
2048,Home,7515.0,16.4,Wallet,173,29,7,110.6,4,1,2.0,0
2049,Apparel,1174.0,2.4,Prepaid_Card,809,15,1,357.3,5,0,2.0,0
2050,Electronics,3268.0,16.2,Prepaid_UPI,75,1,0,212.8,5,1,4.0,0
2051,Beauty,863.0,32.6,COD,693,12,3,127.7,1,1,3.0,1
2052,Apparel,1905.0,33.3,Prepaid_UPI,35,1,0,128.0,4,0,5.0,0
2053,Electronics,42848.0,26.0,Wallet,21,1,1,426.7,7,1,5.0,1
2054,Footwear,3827.0,30.2,Prepaid_UPI,500,195,12,358.0,1,1,2.0,0
2055,Electronics,18577.0,41.1,Wallet,78,1,0,370.8,6,1,3.0,0
2056,Electronics,3676.0,23.1,Prepaid_Card,1,0,0,171.3,4,1,4.0,0
2057,Beauty,1366.0,42.5,Prepaid_Card,163,5,0,497.8,2,1,2.0,0
2058,Electronics,17686.0,11.1,COD,242,15,6,449.1,5,0,3.0,1
2059,Apparel,621.0,20.9,Prepaid_UPI,95,2,0,515.9,4,1,2.0,1
2060,Apparel,591.0,14.8,Prepaid_UPI,284,4,0,110.0,7,1,2.0,0
2061,Beauty,510.0,33.9,Prepaid_Card,271,3,3,317.8,3,1,1.0,0
2062,Apparel,770.0,6.8,COD,534,27,1,317.0,7,1,4.0,0
2063,Electronics,34216.0,17.2,Prepaid_Card,704,4,0,157.8,4,1,3.0,0
2064,Apparel,1087.0,0.0,Prepaid_UPI,534,11,1,229.4,5,0,4.0,1
2065,Electronics,20338.0,30.9,Wallet,489,6,1,292.8,4,1,1.0,0
2066,Beauty,1556.0,40.7,COD,414,3,2,504.3,2,0,5.0,0
2067,Electronics,43254.0,35.7,COD,291,5,3,268.1,7,0,5.0,1
2068,Beauty,1928.0,34.2,COD,12,1,0,342.3,4,1,2.0,0
2069,Apparel,1562.0,34.6,COD,487,7,0,86.3,4,1,,1
2070,Electronics,33780.0,32.5,Wallet,116,1,1,194.2,7,1,1.0,0
2071,Footwear,3377.0,31.2,Prepaid_Card,40,0,0,207.9,8,0,3.0,1
2072,Electronics,31433.0,32.2,Prepaid_Card,14,0,0,466.3,3,1,5.0,0
2073,Apparel,1294.0,12.2,COD,55,0,0,93.2,8,0,3.0,0
2074,Footwear,2767.0,19.0,Prepaid_Card,73,1,1,472.7,3,1,5.0,1
2075,Electronics,21413.0,23.1,Wallet,24,0,0,108.5,5,0,2.0,0
2076,Electronics,18499.0,17.0,Prepaid_Card,509,69,3,163.2,6,0,2.0,0
2077,Beauty,786.0,0.0,COD,285,2,0,307.0,1,0,4.0,0
2078,Apparel,1039.0,3.5,COD,60,2,0,222.0,2,1,,0
2079,Apparel,1171.0,25.4,Wallet,273,5,0,199.6,4,0,2.0,0
2080,Apparel,1443.0,35.6,Wallet,9,0,0,186.6,5,1,4.0,0
2081,Electronics,23095.0,22.1,COD,653,4,0,291.7,4,0,,0
2082,Apparel,594.0,63.5,Prepaid_Card,256,4,0,292.3,1,1,2.0,0
2083,Home,2918.0,8.2,COD,269,7,2,173.8,4,1,3.0,0
2084,Apparel,1077.0,28.7,Prepaid_Card,87,1,0,188.7,1,1,4.0,1
2085,Home,5743.0,41.4,COD,271,2,0,229.3,3,0,3.0,0
2086,Apparel,999.0,38.0,Prepaid_UPI,235,2,0,258.4,4,0,1.0,0
2087,Electronics,1548.0,31.8,Wallet,676,9,0,42.0,5,0,3.0,0
2088,Electronics,4894.0,38.1,COD,117,2,0,152.5,3,0,3.0,0
2089,Home,4127.0,22.8,Prepaid_Card,779,5,0,167.7,5,0,2.0,0
2090,Electronics,9456.0,46.9,COD,1187,83,2,222.8,3,1,,1
2091,Electronics,22864.0,41.2,COD,225,2,0,289.0,5,0,5.0,1
2092,Footwear,2797.0,9.2,COD,1288,12,0,159.3,2,1,4.0,0
2093,Home,7487.0,26.8,COD,811,5,1,214.0,4,0,1.0,1
2094,Apparel,1580.0,0.0,Wallet,294,3,0,63.4,2,1,4.0,0
2095,Beauty,223.0,44.8,COD,394,8,3,518.1,4,1,2.0,1
2096,Electronics,17876.0,25.4,Prepaid_UPI,257,2,2,99.7,5,0,5.0,0
2097,Apparel,1828.0,42.2,COD,480,3,0,647.5,2,1,3.0,0
2098,Electronics,12613.0,20.4,Prepaid_Card,16,0,0,276.7,4,0,2.0,1
2099,Apparel,2065.0,0.0,Prepaid_Card,252,5,0,395.8,4,0,1.0,0
2100,Apparel,1352.0,61.6,Wallet,14,0,0,235.6,9,1,1.0,0
2101,Footwear,870.0,24.0,COD,1418,10,2,294.4,5,0,4.0,1
2102,Apparel,835.0,7.0,COD,879,8,6,292.4,6,0,5.0,1
2103,Footwear,4125.0,39.2,Prepaid_UPI,73,18,4,418.1,3,0,2.0,0
2104,Beauty,2480.0,52.5,Prepaid_UPI,87,3,0,316.5,1,0,3.0,0
2105,Home,6945.0,19.0,Prepaid_UPI,196,11,0,92.9,3,0,,0
2106,Home,2769.0,20.5,COD,407,12,1,75.3,1,0,,0
2107,Home,6220.0,25.6,COD,369,7,0,124.8,5,1,,1
2108,Beauty,672.0,5.3,Prepaid_UPI,121,1,0,237.8,5,0,5.0,0
2109,Electronics,18042.0,11.6,Prepaid_Card,174,1,0,428.4,5,0,3.0,0
2110,Apparel,1655.0,48.7,Prepaid_Card,58,5,0,158.3,4,0,3.0,0
2111,Electronics,43638.0,20.0,COD,80,1,0,92.7,2,0,,1
2112,Electronics,20437.0,9.4,COD,98,1,0,119.6,3,0,1.0,0
2113,Apparel,1293.0,15.2,Wallet,988,7,0,671.0,5,0,4.0,0
2114,Home,1995.0,38.1,Prepaid_UPI,822,5,1,407.9,9,1,2.0,0
2115,Apparel,1126.0,0.0,COD,442,32,6,118.3,5,1,4.0,0
2116,Beauty,298.0,25.8,Wallet,428,2,0,196.4,5,1,4.0,0
2117,Apparel,1945.0,58.9,Prepaid_Card,187,15,7,254.2,9,0,2.0,0
2118,Apparel,442.0,52.5,COD,25,0,0,315.5,4,1,4.0,0
2119,Apparel,1630.0,30.6,COD,282,2,0,941.0,2,1,1.0,1
2120,Apparel,892.0,41.7,Prepaid_UPI,33,0,0,238.3,5,0,2.0,0
2121,Apparel,1257.0,41.6,COD,1,0,0,142.5,8,0,,1
2122,Apparel,907.0,20.1,Prepaid_Card,89,2,0,530.5,6,1,4.0,0
2123,Apparel,1120.0,35.9,Prepaid_UPI,286,31,1,718.1,5,1,5.0,0
2124,Apparel,1384.0,48.8,COD,601,24,1,219.9,1,0,1.0,1
2125,Electronics,29271.0,3.0,Wallet,198,15,5,327.0,1,0,4.0,1
2126,Electronics,42385.0,30.6,COD,502,43,16,235.1,5,0,2.0,1
2127,Electronics,15750.0,27.4,COD,34,0,0,331.5,4,1,2.0,0
2128,Electronics,26817.0,23.5,Prepaid_UPI,160,10,0,384.0,4,1,1.0,0
2129,Apparel,2023.0,22.2,Prepaid_Card,476,6,0,290.3,7,1,,0
2130,Apparel,922.0,25.5,Prepaid_Card,110,1,0,493.0,2,1,2.0,1
2131,Apparel,1957.0,26.7,Prepaid_Card,646,138,27,286.9,3,1,3.0,0
2132,Footwear,4330.0,38.8,Wallet,14,0,0,139.2,7,0,1.0,0
2133,Beauty,2142.0,29.1,Prepaid_UPI,1528,11,0,468.8,2,1,3.0,0
2134,Beauty,1489.0,19.3,Prepaid_UPI,943,10,0,490.9,7,0,4.0,1
2135,Electronics,32829.0,9.4,COD,625,7,0,48.2,5,0,2.0,1
2136,Electronics,22271.0,14.9,COD,140,1,0,757.9,4,0,,0
2137,Apparel,1475.0,25.9,Prepaid_Card,16,0,0,130.1,5,0,1.0,0
2138,Footwear,4398.0,11.4,COD,100,1,0,220.6,5,0,,0
2139,Footwear,1504.0,36.2,Prepaid_UPI,415,3,0,193.7,6,0,3.0,0
2140,Footwear,3670.0,28.5,COD,278,2,1,151.3,1,0,2.0,0
2141,Footwear,2525.0,39.2,COD,41,1,0,304.7,7,1,1.0,1
2142,Electronics,8947.0,12.4,COD,39,1,0,104.1,5,1,5.0,0
2143,Footwear,3074.0,9.5,COD,677,5,2,264.4,7,1,5.0,1
2144,Footwear,3670.0,39.0,COD,175,2,0,400.7,5,0,1.0,0
2145,Apparel,1424.0,23.9,Prepaid_Card,168,1,0,243.5,9,0,2.0,0
2146,Beauty,2118.0,19.0,Prepaid_Card,231,15,4,533.3,3,1,3.0,0
2147,Apparel,1059.0,32.5,COD,1175,62,7,102.1,8,0,2.0,0
2148,Beauty,2297.0,31.9,COD,767,8,2,190.6,3,0,4.0,0
2149,Footwear,3093.0,3.2,Prepaid_UPI,1358,9,1,140.7,6,0,3.0,0
2150,Apparel,1846.0,42.8,COD,903,15,1,380.0,7,0,3.0,1
2151,Home,2402.0,15.8,Prepaid_Card,256,1,0,252.9,5,1,4.0,0
2152,Apparel,1203.0,47.5,Prepaid_Card,311,2,0,198.7,1,0,1.0,0
2153,Footwear,4138.0,2.0,Prepaid_Card,341,2,0,407.2,5,1,4.0,0
2154,Footwear,704.0,26.8,Prepaid_UPI,282,2,0,608.6,3,1,2.0,0
2155,Home,3411.0,19.2,Prepaid_Card,374,8,2,326.5,6,1,2.0,0
2156,Footwear,3621.0,0.0,Wallet,400,7,2,445.7,3,1,,0
2157,Apparel,1739.0,31.9,Prepaid_UPI,600,26,6,41.4,3,0,1.0,0
2158,Apparel,1933.0,0.0,COD,244,4,0,334.2,3,0,,0
2159,Electronics,33585.0,17.6,COD,510,61,13,858.1,4,1,5.0,1
2160,Apparel,2105.0,38.6,COD,255,2,1,332.4,5,0,5.0,0
2161,Electronics,23024.0,14.0,COD,1237,9,3,340.2,6,0,5.0,0
2162,Apparel,1524.0,8.4,Prepaid_Card,426,11,0,303.8,6,1,2.0,0
2163,Electronics,38330.0,34.0,COD,386,4,1,226.4,2,1,2.0,1
2164,Electronics,31934.0,18.3,COD,211,2,0,203.8,3,1,,0
2165,Footwear,908.0,15.9,COD,65,0,0,239.3,3,1,,0
2166,Apparel,1061.0,41.1,Prepaid_UPI,43,0,0,321.5,4,1,5.0,0
2167,Footwear,2710.0,4.5,Prepaid_UPI,70,2,0,127.8,3,0,1.0,0
2168,Electronics,34257.0,15.1,Wallet,794,17,2,237.8,3,1,2.0,1
2169,Electronics,25008.0,35.0,COD,71,0,0,439.9,7,1,2.0,1
2170,Electronics,35257.0,3.5,COD,775,40,3,240.0,5,0,4.0,0
2171,Electronics,37887.0,48.6,Wallet,210,1,0,200.0,2,1,4.0,1
2172,Apparel,877.0,18.7,Prepaid_UPI,627,24,1,320.1,5,1,2.0,0
2173,Electronics,28185.0,35.1,Prepaid_Card,341,4,2,79.6,4,1,5.0,0
2174,Apparel,1403.0,35.1,Prepaid_Card,366,3,0,225.0,9,1,1.0,0
2175,Electronics,11156.0,19.7,COD,526,4,1,121.0,3,0,1.0,0
2176,Home,4072.0,14.8,Prepaid_UPI,155,7,1,280.9,3,0,3.0,0
2177,Electronics,25227.0,21.4,Prepaid_Card,29,0,0,181.5,4,0,5.0,0
2178,Footwear,3769.0,32.7,Prepaid_Card,401,3,0,325.3,2,1,,0
2179,Apparel,1230.0,7.2,Prepaid_Card,178,1,0,228.1,6,0,3.0,1
2180,Beauty,340.0,4.0,COD,320,2,2,351.5,5,0,5.0,1
2181,Footwear,2449.0,44.3,COD,446,3,1,264.1,5,1,1.0,1
2182,Beauty,2119.0,11.0,Prepaid_UPI,96,1,0,114.9,5,0,5.0,0
2183,Footwear,2785.0,27.3,Prepaid_Card,205,2,0,122.8,5,0,4.0,0
2184,Apparel,974.0,19.0,COD,161,1,0,97.2,8,1,,1
2185,Electronics,41539.0,19.6,COD,31,0,0,298.6,6,0,3.0,1
2186,Apparel,680.0,43.5,Wallet,224,2,0,195.1,1,0,1.0,0
2187,Footwear,1808.0,20.7,COD,438,10,0,201.7,5,1,1.0,1
2188,Home,3666.0,16.6,COD,3,0,0,409.6,7,1,2.0,1
2189,Apparel,1728.0,18.0,Prepaid_Card,196,1,1,450.3,1,0,5.0,1
2190,Beauty,2114.0,14.4,Prepaid_UPI,157,1,0,266.2,2,0,3.0,0
2191,Apparel,505.0,11.9,Prepaid_UPI,328,8,2,114.4,6,1,2.0,1
2192,Home,6399.0,14.5,Prepaid_UPI,55,0,0,270.7,7,1,2.0,0
2193,Footwear,3382.0,46.9,COD,96,2,1,483.0,5,0,5.0,0
2194,Apparel,2010.0,32.7,Wallet,416,6,1,153.1,5,0,4.0,1
2195,Home,7233.0,16.8,Wallet,215,1,1,412.9,8,1,5.0,0
2196,Footwear,3610.0,36.7,Prepaid_Card,276,2,0,457.9,3,0,3.0,0
2197,Apparel,742.0,0.0,Prepaid_Card,363,4,1,500.9,2,0,4.0,0
2198,Electronics,14948.0,42.6,COD,37,0,0,283.8,4,1,1.0,0
2199,Apparel,2085.0,41.4,Prepaid_Card,385,3,0,323.9,5,0,4.0,0
2200,Home,4906.0,55.5,COD,435,3,0,161.3,5,0,4.0,0
2201,Apparel,1370.0,37.2,COD,244,2,0,173.9,6,0,5.0,0
2202,Beauty,2302.0,28.6,Wallet,326,5,2,227.1,8,1,2.0,0
2203,Footwear,3997.0,41.4,COD,863,116,22,50.1,5,1,,0
2204,Apparel,1709.0,12.6,Prepaid_Card,798,25,3,99.4,2,1,4.0,1
2205,Electronics,39843.0,16.1,COD,399,26,19,322.9,3,0,4.0,0
2206,Home,1177.0,21.0,COD,555,12,1,470.1,5,0,5.0,1
2207,Home,6133.0,42.5,COD,794,67,16,175.8,8,1,2.0,1
2208,Electronics,43495.0,9.2,COD,638,12,0,87.7,6,1,1.0,1
2209,Apparel,488.0,7.6,Prepaid_Card,435,4,0,296.1,3,0,5.0,0
2210,Apparel,801.0,25.5,Wallet,546,20,3,189.4,3,1,3.0,0
2211,Beauty,2016.0,32.8,Prepaid_Card,464,8,0,213.9,4,1,1.0,0
2212,Electronics,23978.0,11.5,Wallet,309,7,0,220.3,5,1,5.0,0
2213,Footwear,846.0,32.1,Prepaid_UPI,277,15,3,158.4,4,1,5.0,0
2214,Electronics,12937.0,42.5,Prepaid_Card,714,6,0,131.0,3,0,1.0,0
2215,Beauty,912.0,40.0,COD,583,4,2,647.6,3,0,5.0,1
2216,Apparel,978.0,27.3,COD,119,1,0,395.3,4,1,4.0,1
2217,Apparel,1980.0,20.6,Prepaid_UPI,655,5,0,371.6,5,1,1.0,0
2218,Beauty,1706.0,48.0,Prepaid_Card,1575,9,0,25.3,2,1,2.0,0
2219,Beauty,1877.0,22.2,COD,296,2,0,120.8,5,0,1.0,0
2220,Apparel,424.0,36.1,Prepaid_UPI,281,27,12,356.0,8,1,3.0,0
2221,Electronics,19925.0,51.4,COD,211,5,1,86.8,5,0,5.0,0
2222,Electronics,15121.0,34.5,Prepaid_UPI,506,4,1,242.5,5,1,4.0,0
2223,Electronics,38514.0,7.0,COD,88,1,0,248.2,1,1,3.0,1
2224,Apparel,2117.0,3.4,Wallet,46,0,0,181.2,6,1,5.0,0
2225,Footwear,2193.0,17.5,COD,205,7,0,302.7,3,1,5.0,0
2226,Apparel,2152.0,32.6,COD,1170,7,2,163.2,7,1,,1
2227,Home,411.0,28.7,Prepaid_UPI,337,4,0,163.2,8,0,2.0,0
2228,Apparel,986.0,55.1,COD,550,3,0,112.4,3,0,,0
2229,Apparel,1795.0,28.5,Wallet,481,5,1,503.0,3,0,1.0,1
2230,Home,3073.0,17.1,Prepaid_Card,142,4,0,125.5,6,0,5.0,0
2231,Electronics,41538.0,5.0,COD,445,7,0,173.6,2,1,2.0,1
2232,Home,1982.0,39.7,COD,80,2,0,229.3,5,1,1.0,0
2233,Apparel,1832.0,21.9,Wallet,25,1,1,190.2,4,1,1.0,1
2234,Beauty,624.0,0.0,Prepaid_Card,84,1,1,505.9,4,0,4.0,0
2235,Footwear,1288.0,22.3,Prepaid_UPI,366,5,0,407.0,1,0,2.0,0
2236,Footwear,2283.0,7.1,COD,180,5,2,223.4,6,0,4.0,1
2237,Apparel,2101.0,15.6,Wallet,244,4,0,223.0,10,0,2.0,0
2238,Electronics,26843.0,22.1,Prepaid_Card,228,2,0,144.9,4,0,1.0,0
2239,Electronics,29014.0,8.4,Prepaid_UPI,224,6,1,39.7,1,0,2.0,0
2240,Electronics,1626.0,14.7,COD,520,47,13,84.6,6,0,,0
2241,Apparel,502.0,10.8,COD,357,2,0,495.4,3,0,3.0,0
2242,Apparel,520.0,11.2,Wallet,1323,30,7,325.5,5,1,2.0,0
2243,Electronics,37100.0,6.9,Wallet,238,1,0,164.9,3,0,2.0,0
2244,Apparel,826.0,14.8,COD,380,37,10,299.4,1,1,4.0,0
2245,Electronics,15603.0,8.6,Wallet,650,6,1,756.0,5,1,2.0,0
2246,Apparel,1498.0,30.8,COD,12,0,0,348.3,3,1,,0
2247,Apparel,1451.0,25.0,COD,24,1,0,109.4,1,1,,0
2248,Home,3461.0,39.9,COD,378,3,0,207.7,5,0,5.0,0
2249,Electronics,1388.0,50.3,COD,41,1,0,306.9,11,0,5.0,1
2250,Electronics,20893.0,32.2,COD,151,2,1,466.5,7,1,1.0,0
2251,Electronics,33563.0,28.7,COD,948,6,2,242.3,4,1,,1
2252,Footwear,1441.0,33.1,COD,973,6,0,211.9,11,1,,0
2253,Electronics,32226.0,29.0,Prepaid_UPI,27,1,0,163.2,1,1,5.0,1
2254,Home,417.0,22.8,Prepaid_UPI,224,2,0,91.4,6,0,1.0,0
2255,Beauty,2284.0,21.6,Prepaid_UPI,298,10,3,367.9,9,1,,0
2256,Electronics,42812.0,6.7,COD,774,94,36,206.2,2,1,5.0,1
2257,Beauty,156.0,34.6,Prepaid_UPI,703,25,2,89.5,5,1,2.0,1
2258,Footwear,2331.0,21.5,COD,265,2,0,147.7,3,1,2.0,0
2259,Apparel,1145.0,43.7,Prepaid_UPI,244,2,0,273.4,4,0,5.0,0
2260,Electronics,38074.0,35.7,Prepaid_Card,183,2,0,246.0,5,1,2.0,0
2261,Home,4464.0,12.6,COD,426,2,0,337.1,1,1,5.0,0
2262,Beauty,1587.0,40.7,COD,193,1,0,172.2,2,1,2.0,0
2263,Electronics,10070.0,0.0,Prepaid_UPI,47,2,0,228.3,5,0,3.0,1
2264,Apparel,539.0,51.0,Wallet,246,6,0,75.9,1,0,1.0,1
2265,Home,5631.0,1.9,Prepaid_UPI,151,1,0,156.5,4,0,5.0,0
2266,Apparel,1517.0,29.4,Wallet,935,15,1,411.3,1,0,2.0,0
2267,Footwear,3829.0,28.4,Wallet,168,78,18,265.9,1,0,4.0,0
2268,Electronics,38197.0,38.9,COD,57,9,0,193.4,7,1,2.0,0
2269,Footwear,3024.0,17.1,Prepaid_UPI,1218,16,0,360.4,5,1,1.0,0
2270,Footwear,2653.0,0.0,COD,897,9,2,285.4,4,1,1.0,0
2271,Home,7338.0,17.1,Prepaid_Card,169,1,1,428.0,4,0,1.0,1
2272,Home,6470.0,18.7,COD,127,1,0,105.8,5,1,3.0,1
2273,Footwear,4030.0,0.0,Wallet,189,1,0,295.3,3,1,,1
2274,Footwear,4483.0,22.7,Prepaid_UPI,588,4,0,261.2,3,0,1.0,0
2275,Footwear,2114.0,5.9,COD,583,9,3,401.7,7,0,5.0,0
2276,Apparel,1690.0,31.7,COD,5,0,0,147.3,3,1,3.0,1
2277,Home,5598.0,18.3,Prepaid_Card,469,12,0,314.6,7,1,1.0,0
2278,Apparel,713.0,51.4,Prepaid_UPI,33,0,0,20.7,3,0,1.0,0
2279,Footwear,3046.0,18.2,Wallet,200,2,0,387.3,6,1,3.0,0
2280,Home,3596.0,28.5,COD,96,2,0,335.6,5,0,2.0,1
2281,Electronics,20938.0,18.8,Prepaid_Card,78,1,0,121.8,6,0,2.0,0
2282,Apparel,724.0,0.0,Prepaid_Card,310,3,0,228.5,5,0,4.0,0
2283,Electronics,33820.0,18.9,COD,583,3,0,107.6,6,1,3.0,1
2284,Home,5674.0,33.3,Prepaid_Card,223,15,4,104.0,8,1,5.0,0
2285,Apparel,1358.0,31.0,COD,528,9,2,261.4,3,1,4.0,0
2286,Apparel,682.0,17.6,COD,292,2,1,376.5,8,1,2.0,1
2287,Footwear,2727.0,0.1,COD,343,4,0,361.3,4,0,5.0,0
2288,Footwear,901.0,31.7,Wallet,131,2,0,294.1,1,1,3.0,0
2289,Apparel,1011.0,28.3,COD,981,9,0,80.2,6,0,4.0,1
2290,Apparel,1070.0,34.7,COD,962,8,1,319.7,6,0,3.0,0
2291,Beauty,2226.0,17.9,Prepaid_UPI,271,15,1,308.6,6,1,1.0,0
2292,Home,3500.0,0.0,Wallet,247,5,0,355.2,4,1,2.0,0
2293,Home,4908.0,30.0,Prepaid_Card,5,0,0,139.0,2,1,2.0,1
2294,Apparel,1975.0,21.9,COD,157,3,0,171.0,3,0,,1
2295,Apparel,1166.0,42.9,Prepaid_UPI,819,12,1,681.4,5,1,2.0,0
2296,Apparel,1991.0,22.4,COD,730,12,0,26.7,4,0,4.0,0
2297,Footwear,1046.0,21.3,Prepaid_UPI,204,2,0,104.0,2,0,5.0,0
2298,Apparel,1057.0,28.3,COD,19,0,0,274.2,4,1,2.0,0
2299,Apparel,571.0,13.0,COD,937,12,5,134.4,3,1,3.0,1
2300,Footwear,2744.0,12.3,COD,109,3,1,209.2,3,0,3.0,0
2301,Beauty,2400.0,20.5,Prepaid_UPI,76,1,0,226.7,6,0,1.0,0
2302,Footwear,3128.0,8.2,COD,1261,37,4,315.4,2,0,2.0,0
2303,Electronics,28622.0,18.6,COD,255,1,1,248.0,5,0,4.0,1
2304,Electronics,13383.0,51.1,Prepaid_Card,635,19,0,52.2,3,1,4.0,0
2305,Electronics,41982.0,37.6,Prepaid_UPI,646,4,1,144.6,5,1,4.0,1
2306,Electronics,21853.0,26.6,COD,884,8,2,197.7,2,1,5.0,1
2307,Electronics,12895.0,45.3,Prepaid_UPI,76,1,0,383.9,4,1,3.0,0
2308,Electronics,44461.0,9.6,Prepaid_UPI,182,1,0,172.1,3,0,1.0,0
2309,Home,3558.0,59.4,COD,21,0,0,237.3,5,0,2.0,0
2310,Footwear,1986.0,15.1,Wallet,372,3,0,269.5,1,1,3.0,0
2311,Beauty,232.0,52.1,Prepaid_UPI,1393,28,3,262.6,4,1,2.0,0
2312,Apparel,721.0,52.0,COD,353,3,1,240.4,2,1,,1
2313,Electronics,36643.0,0.0,COD,373,130,13,122.8,3,0,2.0,0
2314,Apparel,1269.0,44.0,COD,583,8,3,172.2,4,1,1.0,1
2315,Electronics,43024.0,17.7,COD,280,2,0,369.5,6,1,5.0,1
2316,Apparel,551.0,13.5,Prepaid_Card,219,2,0,410.8,1,1,2.0,0
2317,Apparel,1509.0,29.9,Wallet,303,6,0,440.1,1,0,3.0,0
2318,Footwear,3380.0,6.9,Prepaid_UPI,122,1,0,156.0,7,0,1.0,0
2319,Electronics,28408.0,29.5,COD,127,27,7,186.5,4,1,3.0,1
2320,Beauty,1395.0,7.9,Prepaid_Card,209,1,0,292.5,1,1,5.0,0
2321,Apparel,1441.0,24.7,COD,244,2,1,589.1,4,0,,1
2322,Apparel,1641.0,42.0,Prepaid_Card,536,19,1,797.6,3,1,4.0,0
2323,Electronics,39011.0,27.8,COD,262,20,1,155.8,3,0,,0
2324,Apparel,1005.0,16.6,Wallet,899,5,1,141.9,5,0,4.0,0
2325,Apparel,1227.0,30.1,Prepaid_UPI,396,28,6,91.7,1,1,5.0,1
2326,Beauty,1644.0,0.9,COD,652,4,0,324.8,5,1,1.0,1
2327,Apparel,966.0,9.4,Prepaid_UPI,107,1,0,82.1,3,1,1.0,1
2328,Apparel,722.0,15.5,Prepaid_Card,364,6,0,305.1,4,1,5.0,0
2329,Home,7739.0,33.8,Prepaid_UPI,1321,11,1,309.9,6,1,3.0,1
2330,Electronics,9729.0,28.1,Prepaid_Card,12,0,0,538.3,7,0,2.0,0
2331,Home,2092.0,30.0,COD,291,4,0,139.1,8,0,3.0,0
2332,Electronics,28298.0,21.6,Prepaid_Card,206,2,1,51.6,1,1,2.0,1
2333,Footwear,809.0,10.2,COD,28,0,0,96.8,5,1,,0
2334,Apparel,461.0,44.3,Prepaid_Card,38,5,0,199.5,6,0,5.0,0
2335,Electronics,4004.0,11.5,COD,328,2,1,137.2,3,0,2.0,0
2336,Home,1249.0,28.3,Prepaid_UPI,477,5,2,174.0,4,0,4.0,0
2337,Footwear,2217.0,20.3,Prepaid_UPI,905,7,0,366.3,7,1,5.0,1
2338,Electronics,37522.0,30.4,COD,628,6,0,179.3,4,0,4.0,1
2339,Home,2933.0,12.9,COD,1246,11,1,185.4,7,1,2.0,0
2340,Apparel,1170.0,37.8,Prepaid_UPI,12,0,0,269.3,4,1,5.0,0
2341,Apparel,1480.0,42.7,COD,1334,8,0,156.1,5,0,3.0,1
2342,Apparel,944.0,36.9,Prepaid_Card,364,4,0,307.8,6,1,2.0,1
2343,Footwear,2230.0,24.4,Prepaid_UPI,342,2,0,375.3,2,1,,0
2344,Apparel,1095.0,15.5,COD,165,1,1,141.8,5,1,2.0,1
2345,Footwear,1868.0,64.3,Prepaid_UPI,444,3,0,515.3,3,1,3.0,0
2346,Apparel,1099.0,7.1,Prepaid_Card,1146,14,2,85.9,7,0,2.0,0
2347,Footwear,544.0,35.2,Prepaid_Card,397,66,16,100.3,4,1,,0
2348,Footwear,4045.0,27.0,COD,114,2,0,186.6,4,1,1.0,0
2349,Apparel,2159.0,21.1,COD,402,3,0,105.1,3,1,4.0,1
2350,Apparel,1952.0,24.8,COD,278,5,0,269.2,4,1,5.0,0
2351,Apparel,410.0,14.3,Wallet,145,7,0,760.4,6,1,,0
2352,Footwear,3504.0,28.4,Prepaid_UPI,303,3,0,188.0,5,0,2.0,0
2353,Apparel,1432.0,26.8,Prepaid_UPI,211,7,0,180.6,9,1,1.0,0
2354,Home,1025.0,62.2,COD,116,2,0,100.4,4,0,1.0,1
2355,Electronics,42059.0,38.1,Prepaid_Card,18,0,0,855.6,3,1,1.0,0
2356,Footwear,3605.0,29.7,Prepaid_UPI,61,3,0,510.3,4,0,4.0,0
2357,Electronics,7564.0,30.6,Prepaid_UPI,750,34,3,406.4,5,0,4.0,0
2358,Electronics,43425.0,49.6,COD,218,6,1,212.0,2,1,5.0,1
2359,Beauty,447.0,7.4,Prepaid_UPI,133,1,0,438.0,7,0,1.0,0
2360,Apparel,1218.0,19.3,COD,299,2,0,327.6,4,0,4.0,0
2361,Footwear,1136.0,0.0,COD,429,10,2,156.8,8,1,3.0,0
2362,Apparel,670.0,30.4,Wallet,379,3,0,842.5,7,1,2.0,0
2363,Electronics,43590.0,34.7,Prepaid_Card,126,4,0,59.1,6,1,1.0,1
2364,Footwear,2788.0,7.1,COD,1880,16,2,198.0,4,1,1.0,1
2365,Home,2296.0,43.5,Prepaid_Card,126,5,3,146.0,2,0,3.0,1
2366,Home,6278.0,11.2,Wallet,142,1,0,33.4,3,0,4.0,0
2367,Apparel,1975.0,16.9,COD,204,2,0,30.6,2,1,1.0,0
2368,Electronics,41391.0,23.8,Prepaid_UPI,881,7,0,58.5,2,1,4.0,1
2369,Electronics,42065.0,45.9,COD,319,69,2,590.8,5,1,1.0,0
2370,Electronics,40864.0,9.1,COD,79,1,1,173.2,5,0,,1
2371,Electronics,29185.0,26.4,Prepaid_Card,184,6,2,203.9,1,1,1.0,1
2372,Electronics,16200.0,33.6,Prepaid_Card,94,1,0,176.6,3,0,5.0,0
2373,Apparel,2066.0,30.5,COD,206,1,0,181.8,3,1,2.0,0
2374,Apparel,620.0,31.1,COD,185,2,0,55.8,8,0,3.0,0
2375,Electronics,8593.0,33.4,Prepaid_Card,25,0,0,292.1,1,0,1.0,0
2376,Apparel,1181.0,13.7,Prepaid_Card,139,1,0,315.4,9,1,3.0,1
2377,Footwear,1635.0,47.3,Prepaid_UPI,430,3,0,161.7,6,1,4.0,0
2378,Home,5041.0,20.3,Prepaid_UPI,743,13,1,376.2,1,1,2.0,0
2379,Apparel,2030.0,18.3,COD,170,2,0,597.3,3,0,3.0,0
2380,Home,4081.0,42.2,Prepaid_Card,215,2,1,62.4,5,0,2.0,0
2381,Footwear,2715.0,12.5,Prepaid_Card,664,6,1,209.4,3,0,3.0,1
2382,Apparel,1162.0,26.8,Prepaid_Card,461,4,0,290.3,4,1,3.0,0
2383,Apparel,1674.0,11.2,COD,1011,10,0,67.9,10,0,,1
2384,Apparel,581.0,59.8,COD,217,2,0,515.3,4,0,3.0,1
2385,Apparel,487.0,56.6,COD,49,2,0,351.5,2,1,2.0,1
2386,Footwear,3065.0,20.3,COD,58,1,0,355.3,7,1,,0
2387,Beauty,1407.0,29.8,Wallet,193,1,0,516.3,1,1,1.0,0
2388,Apparel,1133.0,22.1,Prepaid_Card,588,14,0,205.9,6,1,,0
2389,Footwear,1836.0,16.8,Prepaid_Card,643,23,5,209.3,6,1,,0
2390,Apparel,493.0,23.8,Prepaid_Card,124,1,0,246.7,9,1,5.0,0
2391,Home,5540.0,21.4,Prepaid_UPI,91,2,1,306.5,5,0,4.0,0
2392,Footwear,2186.0,0.0,Prepaid_Card,737,9,1,317.3,4,1,5.0,0
2393,Electronics,20703.0,25.9,Prepaid_Card,452,4,0,126.0,4,1,3.0,0
2394,Apparel,2008.0,21.4,Prepaid_UPI,43,0,0,98.0,9,1,1.0,0
2395,Home,5979.0,26.7,COD,211,1,0,333.9,5,1,3.0,0
2396,Beauty,666.0,20.8,Prepaid_Card,358,2,0,317.7,4,0,2.0,0
2397,Apparel,1583.0,16.6,Prepaid_Card,775,8,1,443.8,4,1,4.0,0
2398,Apparel,638.0,35.1,Prepaid_UPI,48,0,0,396.7,6,0,4.0,0
2399,Apparel,749.0,30.0,Wallet,759,14,2,81.7,4,1,5.0,0
2400,Home,5799.0,42.9,Prepaid_UPI,72,2,0,99.2,2,1,4.0,0
2401,Home,1269.0,29.4,Prepaid_Card,139,1,0,137.3,3,1,4.0,0
2402,Footwear,1621.0,19.0,COD,568,5,0,267.0,3,1,2.0,0
2403,Footwear,4092.0,31.3,Prepaid_Card,1397,30,4,492.9,4,1,1.0,1
2404,Footwear,3453.0,0.0,Prepaid_UPI,18,0,0,266.9,3,1,2.0,0
2405,Footwear,4218.0,53.6,Wallet,1127,26,3,225.0,4,0,3.0,1
2406,Apparel,1987.0,26.1,Prepaid_UPI,126,3,2,103.2,4,0,5.0,1
2407,Home,2707.0,54.8,COD,385,6,1,218.5,5,1,4.0,1
2408,Apparel,1538.0,9.0,Prepaid_UPI,186,1,0,351.3,2,1,1.0,0
2409,Electronics,17787.0,5.2,Prepaid_UPI,360,2,1,184.9,8,0,1.0,1
2410,Beauty,1788.0,27.5,Prepaid_UPI,416,4,0,167.4,7,1,5.0,0
2411,Home,2983.0,27.4,Prepaid_UPI,531,6,1,422.3,6,1,,0
2412,Beauty,153.0,27.1,Prepaid_Card,4,1,0,309.5,6,0,2.0,1
2413,Electronics,5314.0,24.8,Prepaid_Card,376,4,0,395.5,2,1,2.0,0
2414,Electronics,34970.0,12.6,COD,169,1,0,141.6,3,1,1.0,1
2415,Electronics,4879.0,0.0,COD,250,2,0,574.9,3,0,,0
2416,Apparel,1479.0,26.2,Prepaid_UPI,1092,17,3,162.3,1,1,4.0,0
2417,Apparel,1944.0,2.8,Wallet,529,3,1,202.4,4,1,4.0,0
2418,Electronics,33660.0,1.3,Prepaid_UPI,209,1,0,332.9,9,0,5.0,0
2419,Apparel,1144.0,16.3,COD,341,20,2,163.3,5,1,,1
2420,Beauty,640.0,28.5,COD,696,4,0,283.8,8,0,5.0,0
2421,Apparel,2061.0,51.8,COD,888,21,2,289.6,8,0,5.0,0
2422,Apparel,1420.0,36.7,Prepaid_UPI,170,1,0,211.3,2,0,4.0,1
2423,Footwear,2122.0,43.5,Prepaid_Card,39,0,0,298.1,5,0,4.0,0
2424,Apparel,2096.0,31.8,Wallet,438,6,3,180.9,4,1,4.0,0
2425,Beauty,655.0,27.5,COD,196,2,0,309.4,7,0,,0
2426,Footwear,2269.0,59.6,Prepaid_Card,50,0,0,352.3,6,1,2.0,1
2427,Apparel,596.0,2.2,Prepaid_UPI,382,3,0,241.8,8,0,4.0,1
2428,Home,1262.0,15.8,COD,75,0,0,378.0,5,0,2.0,0
2429,Home,3369.0,17.0,Wallet,67,1,0,144.3,6,1,4.0,0
2430,Footwear,3299.0,35.4,Prepaid_Card,607,4,1,246.5,3,0,5.0,1
2431,Footwear,1856.0,7.3,COD,303,4,0,620.1,1,1,3.0,0
2432,Home,5610.0,33.5,COD,269,4,0,243.3,6,0,3.0,0
2433,Home,6500.0,30.7,Prepaid_UPI,107,2,1,212.9,5,0,1.0,0
2434,Electronics,39638.0,34.2,Prepaid_Card,453,3,1,114.3,6,1,3.0,0
2435,Home,644.0,33.9,Prepaid_UPI,291,3,0,151.6,8,0,5.0,0
2436,Beauty,1968.0,45.1,Prepaid_UPI,295,4,1,231.5,5,1,4.0,0
2437,Home,1433.0,21.3,Prepaid_Card,92,1,0,426.0,6,1,1.0,0
2438,Home,5677.0,30.0,Prepaid_UPI,1296,8,0,366.4,7,1,2.0,1
2439,Electronics,17479.0,11.0,Wallet,452,12,7,507.0,4,0,4.0,1
2440,Footwear,3331.0,7.5,COD,93,1,0,132.1,3,1,,0
2441,Beauty,652.0,48.5,Prepaid_UPI,212,3,0,290.2,9,1,4.0,0
2442,Apparel,1561.0,9.8,COD,836,54,4,243.8,5,1,2.0,0
2443,Apparel,626.0,31.6,COD,881,14,4,255.0,5,0,2.0,0
2444,Electronics,8635.0,30.0,COD,266,2,0,351.8,2,1,1.0,0
2445,Electronics,28113.0,39.6,Prepaid_UPI,1359,29,10,330.7,5,1,4.0,0
2446,Home,2893.0,0.0,COD,346,2,0,318.3,5,1,,1
2447,Apparel,1667.0,35.4,Prepaid_Card,200,1,0,331.0,2,1,4.0,1
2448,Electronics,31210.0,21.1,Prepaid_UPI,87,2,0,59.9,6,1,,1
2449,Home,5087.0,13.0,COD,238,3,0,633.0,4,1,,0
2450,Home,5925.0,18.2,Prepaid_UPI,1093,43,14,250.5,1,0,2.0,0
2451,Home,6413.0,37.6,Wallet,897,7,0,362.6,3,1,2.0,0
2452,Footwear,4146.0,33.0,COD,874,10,0,837.2,7,0,5.0,0
2453,Home,920.0,20.1,COD,91,1,1,426.4,3,1,1.0,1
2454,Footwear,2786.0,4.9,Wallet,434,3,0,168.3,10,1,1.0,0
2455,Home,6066.0,6.0,COD,806,6,2,224.2,6,1,3.0,0
2456,Electronics,10702.0,33.3,COD,932,10,0,428.0,9,1,1.0,0
2457,Home,2330.0,2.8,Wallet,293,2,0,494.9,2,0,5.0,0
2458,Apparel,881.0,20.2,Prepaid_UPI,410,2,0,246.0,2,0,5.0,0
2459,Apparel,1430.0,62.2,Prepaid_Card,13,0,0,78.4,4,0,1.0,1
2460,Electronics,17238.0,28.9,Prepaid_Card,713,81,13,139.6,2,0,3.0,0
2461,Footwear,3164.0,33.1,Wallet,582,4,0,182.9,3,1,,0
2462,Home,4999.0,6.1,Prepaid_Card,685,4,3,285.2,8,0,4.0,1
2463,Apparel,1583.0,3.6,Prepaid_Card,45,0,0,301.1,4,1,1.0,0
2464,Home,2243.0,33.9,Prepaid_UPI,1361,11,0,369.3,1,1,3.0,0
2465,Apparel,1781.0,17.8,Prepaid_Card,129,2,0,414.2,5,0,3.0,0
2466,Footwear,3156.0,39.6,Prepaid_Card,220,2,1,36.0,7,0,4.0,0
2467,Footwear,1023.0,24.1,COD,350,2,0,197.4,1,0,,0
2468,Home,1841.0,75.0,Prepaid_Card,452,3,1,411.1,2,0,3.0,0
2469,Home,2617.0,14.9,Prepaid_Card,384,17,6,540.6,5,1,5.0,0
2470,Electronics,42199.0,27.8,COD,143,28,2,315.0,2,1,4.0,1
2471,Electronics,15494.0,10.1,Prepaid_Card,757,11,1,119.5,4,1,1.0,0
2472,Footwear,580.0,39.0,Prepaid_UPI,107,1,0,264.6,8,0,3.0,0
2473,Footwear,1067.0,30.1,COD,68,0,0,457.3,4,0,3.0,1
2474,Electronics,2609.0,9.1,COD,271,77,4,93.2,6,1,,1
2475,Electronics,18844.0,18.7,COD,59,0,0,123.2,6,1,4.0,1
2476,Apparel,1835.0,44.1,COD,1313,13,3,125.9,3,0,4.0,0
2477,Apparel,1211.0,42.3,Prepaid_UPI,460,4,2,17.6,2,0,3.0,0
2478,Apparel,1910.0,2.3,Prepaid_Card,139,2,0,329.6,7,1,1.0,1
2479,Electronics,3282.0,16.5,COD,151,1,0,148.0,5,1,1.0,0
2480,Beauty,1254.0,50.8,Prepaid_UPI,699,9,4,25.1,5,1,2.0,0
2481,Electronics,35674.0,21.0,COD,145,2,0,459.6,4,1,4.0,1
2482,Apparel,1614.0,26.3,COD,297,3,0,236.1,4,0,1.0,0
2483,Apparel,1935.0,38.9,Prepaid_UPI,785,10,3,638.8,5,1,5.0,0
2484,Electronics,13194.0,3.5,Prepaid_Card,271,5,1,358.5,2,0,5.0,0
2485,Footwear,2503.0,9.4,Prepaid_UPI,281,2,1,240.3,5,0,3.0,0
2486,Electronics,30847.0,18.6,Prepaid_UPI,141,1,0,385.7,2,0,4.0,0
2487,Footwear,1174.0,41.6,Wallet,341,9,0,137.8,10,0,4.0,0
2488,Footwear,3763.0,38.8,COD,344,3,0,293.7,6,0,,1
2489,Apparel,961.0,34.3,Prepaid_UPI,1499,32,5,290.4,5,0,3.0,0
2490,Home,1018.0,21.4,Prepaid_UPI,572,7,0,224.7,2,1,5.0,1
2491,Beauty,1949.0,40.4,COD,488,12,1,102.7,7,1,5.0,1
2492,Electronics,32080.0,21.2,Wallet,30,1,0,283.9,3,0,2.0,0
2493,Apparel,1991.0,32.2,COD,460,6,0,276.2,6,0,,0
2494,Beauty,2246.0,37.2,Prepaid_UPI,87,1,0,162.7,3,0,1.0,0
2495,Footwear,1614.0,49.0,Prepaid_Card,385,7,0,96.0,1,0,1.0,0
2496,Electronics,29292.0,22.7,Prepaid_Card,22,1,0,148.3,8,1,1.0,0
2497,Home,7993.0,18.1,COD,50,1,0,565.5,6,0,2.0,0
2498,Apparel,839.0,42.9,Wallet,835,18,7,170.9,4,1,,1
2499,Footwear,2392.0,44.1,Prepaid_Card,251,2,1,282.6,9,1,2.0,0
2500,Electronics,41065.0,15.3,COD,290,6,2,273.5,4,0,,1
2501,Apparel,586.0,6.9,COD,756,8,1,220.1,7,0,,0
2502,Home,7448.0,41.8,Prepaid_UPI,652,8,0,581.6,1,0,4.0,0
2503,Beauty,1297.0,0.0,COD,409,8,2,344.6,4,1,4.0,1
2504,Footwear,4072.0,0.0,Prepaid_Card,199,1,0,322.3,4,1,5.0,0
2505,Apparel,1518.0,19.5,Prepaid_UPI,376,3,0,243.5,2,1,5.0,0
2506,Apparel,1609.0,23.5,COD,615,5,0,170.0,3,0,,1
2507,Beauty,1967.0,6.1,Prepaid_Card,1068,13,5,249.0,5,0,4.0,0
2508,Beauty,308.0,25.3,COD,506,9,1,349.4,4,1,5.0,0
2509,Electronics,28696.0,26.0,Wallet,33,0,0,390.9,4,0,4.0,1
2510,Home,7414.0,14.8,Prepaid_UPI,912,5,1,350.4,3,1,2.0,0
2511,Electronics,43078.0,52.5,COD,2,0,0,52.8,7,1,5.0,1
2512,Electronics,43612.0,28.4,Prepaid_Card,667,6,1,78.1,2,1,4.0,1
2513,Apparel,1562.0,38.9,Prepaid_Card,302,4,2,207.1,5,0,1.0,1
2514,Apparel,1540.0,0.2,Wallet,511,3,0,77.0,4,1,5.0,0
2515,Apparel,1394.0,0.0,COD,57,1,0,133.1,3,1,4.0,0
2516,Footwear,2930.0,28.9,Prepaid_Card,282,3,0,108.6,1,0,3.0,0
2517,Apparel,1502.0,49.8,Wallet,259,3,0,213.1,4,1,2.0,0
2518,Apparel,476.0,6.9,COD,208,2,1,245.1,3,0,4.0,0
2519,Home,984.0,24.2,Prepaid_Card,228,2,1,100.2,5,1,3.0,0
2520,Apparel,1515.0,3.5,COD,596,4,0,489.4,11,0,4.0,0
2521,Apparel,966.0,11.2,Prepaid_Card,521,4,1,295.3,5,1,1.0,0
2522,Home,2621.0,24.9,COD,131,2,0,237.3,6,1,1.0,0
2523,Electronics,9673.0,14.6,Wallet,197,7,1,377.8,3,1,2.0,0
2524,Home,6468.0,2.4,COD,301,2,0,233.6,5,0,5.0,0
2525,Beauty,2416.0,2.1,COD,176,3,0,307.1,4,0,4.0,0
2526,Apparel,1530.0,0.0,Prepaid_UPI,1782,82,30,173.6,3,0,,0
2527,Beauty,2372.0,29.1,Prepaid_UPI,116,5,0,139.7,2,1,5.0,0
2528,Beauty,2227.0,31.0,Prepaid_UPI,195,2,0,110.9,6,0,4.0,0
2529,Footwear,1372.0,30.9,Prepaid_UPI,679,9,2,252.5,3,1,1.0,0
2530,Home,1482.0,8.4,COD,1654,14,0,288.3,2,1,1.0,0
2531,Home,1929.0,37.1,Prepaid_Card,211,2,1,695.3,7,0,2.0,0
2532,Home,1041.0,32.6,COD,260,12,2,51.1,8,0,3.0,1
2533,Home,4788.0,22.1,COD,713,13,2,234.9,2,0,4.0,1
2534,Apparel,909.0,19.6,Wallet,1,0,0,383.8,7,1,3.0,1
2535,Beauty,2295.0,12.3,Prepaid_UPI,77,1,1,133.8,1,1,2.0,1
2536,Home,5023.0,24.9,COD,708,5,2,434.8,2,0,,0
2537,Footwear,1938.0,46.3,COD,110,19,6,383.9,2,0,4.0,1
2538,Electronics,44327.0,39.1,Wallet,286,2,1,452.0,3,1,4.0,1
2539,Apparel,2116.0,18.2,COD,1516,10,0,317.2,4,1,4.0,1
2540,Electronics,35303.0,30.1,COD,83,1,0,141.3,2,1,1.0,1
2541,Electronics,35876.0,5.5,COD,140,1,0,242.1,4,1,5.0,0
2542,Electronics,44004.0,33.0,COD,1327,26,3,407.2,2,0,2.0,1
2543,Electronics,27500.0,9.5,COD,930,8,0,150.5,5,0,5.0,1
2544,Apparel,1984.0,32.4,Wallet,216,1,0,79.5,5,0,4.0,1
2545,Electronics,4039.0,66.5,COD,230,3,0,100.7,8,1,4.0,0
2546,Electronics,25468.0,13.4,Prepaid_Card,69,10,5,350.1,1,0,2.0,1
2547,Beauty,1331.0,65.8,Prepaid_UPI,559,7,2,158.6,7,0,4.0,0
2548,Apparel,468.0,29.4,Prepaid_Card,28,0,0,293.2,7,0,3.0,0
2549,Apparel,557.0,10.8,Prepaid_UPI,1187,9,1,376.0,3,1,2.0,0
2550,Apparel,439.0,10.1,Prepaid_UPI,200,2,0,182.8,4,1,1.0,0
2551,Home,2564.0,57.5,Prepaid_Card,28,0,0,118.4,5,1,1.0,0
2552,Electronics,3544.0,29.4,Prepaid_Card,488,21,6,127.2,7,1,4.0,1
2553,Home,3558.0,13.5,Prepaid_UPI,622,21,1,644.7,1,1,3.0,0
2554,Beauty,2060.0,18.9,Prepaid_UPI,209,4,0,133.3,3,0,2.0,0
2555,Apparel,1505.0,28.5,Prepaid_UPI,406,3,0,305.5,5,1,3.0,0
2556,Home,5488.0,21.9,COD,306,2,0,56.1,5,1,1.0,0
2557,Apparel,457.0,27.2,Prepaid_UPI,773,6,1,394.9,5,0,5.0,1
2558,Apparel,1911.0,48.6,Prepaid_UPI,253,2,0,294.6,1,1,3.0,0
2559,Electronics,7603.0,5.1,COD,1147,14,4,213.3,3,1,5.0,0
2560,Apparel,945.0,31.7,Prepaid_UPI,593,10,0,232.5,4,1,3.0,0
2561,Home,4279.0,20.9,COD,338,3,0,267.3,3,1,,0
2562,Home,7461.0,14.5,COD,121,2,0,83.4,7,0,4.0,1
2563,Footwear,4493.0,38.1,Prepaid_UPI,92,1,0,331.0,4,1,1.0,0
2564,Electronics,35481.0,0.1,COD,726,27,5,591.7,3,1,2.0,1
2565,Home,5916.0,0.0,COD,103,1,0,17.9,9,0,3.0,0
2566,Electronics,24312.0,25.4,COD,253,3,1,148.9,5,0,1.0,0
2567,Apparel,1598.0,19.9,Prepaid_UPI,137,8,2,234.9,5,1,5.0,0
2568,Apparel,660.0,1.7,Prepaid_Card,210,1,0,478.6,4,1,2.0,0
2569,Home,2373.0,0.0,Prepaid_UPI,10,1,1,561.0,3,1,4.0,0
2570,Beauty,2464.0,51.0,Prepaid_UPI,92,1,0,45.3,3,0,5.0,0
2571,Apparel,2163.0,28.9,Prepaid_Card,415,25,5,372.7,2,1,1.0,0
2572,Home,2787.0,22.3,Wallet,519,3,0,534.2,4,1,2.0,0
2573,Footwear,1464.0,54.9,Prepaid_UPI,856,9,1,63.5,1,0,,0
2574,Footwear,1418.0,37.3,COD,107,3,0,308.6,6,0,2.0,0
2575,Home,4033.0,48.5,Wallet,36,1,1,536.1,3,0,3.0,1
2576,Home,2023.0,4.3,Prepaid_Card,77,1,1,195.7,6,0,4.0,1
2577,Home,5293.0,3.7,COD,269,2,0,285.3,3,1,3.0,0
2578,Footwear,799.0,31.3,COD,78,3,0,186.5,5,0,,1
2579,Apparel,587.0,28.2,Prepaid_Card,243,5,1,309.5,1,0,5.0,0
2580,Beauty,801.0,40.7,COD,624,5,0,421.4,3,0,2.0,0
2581,Apparel,1799.0,0.0,Prepaid_Card,742,7,0,466.2,3,0,2.0,0
2582,Footwear,1793.0,32.6,COD,405,5,1,155.7,5,0,,1
2583,Apparel,1247.0,36.8,Prepaid_Card,287,22,1,101.0,2,1,2.0,1
2584,Apparel,1582.0,36.0,COD,258,3,1,308.4,8,1,4.0,1
2585,Apparel,1819.0,15.9,Prepaid_UPI,330,8,4,351.2,4,0,4.0,0
2586,Electronics,14651.0,29.8,COD,241,2,0,94.1,4,0,,0
2587,Electronics,33216.0,10.4,COD,6,0,0,203.4,1,0,,1
2588,Apparel,915.0,17.6,Prepaid_Card,236,1,0,520.4,5,0,4.0,0
2589,Electronics,29428.0,6.4,Prepaid_Card,120,1,0,200.5,7,1,4.0,1
2590,Electronics,20949.0,10.6,Prepaid_Card,6,0,0,445.2,2,1,2.0,0
2591,Footwear,4207.0,18.4,Prepaid_Card,99,1,0,165.5,3,0,4.0,0
2592,Footwear,4428.0,14.6,COD,358,2,1,445.0,4,1,3.0,1
2593,Home,6261.0,10.6,Prepaid_UPI,1,0,0,237.9,4,0,1.0,0
2594,Apparel,2048.0,2.5,Prepaid_Card,37,0,0,209.7,2,1,3.0,0
2595,Apparel,646.0,51.4,COD,141,1,0,246.9,5,1,2.0,1
2596,Beauty,1688.0,14.5,Prepaid_UPI,317,9,0,144.9,7,1,3.0,1
2597,Apparel,757.0,26.9,Prepaid_UPI,303,2,0,95.6,4,1,1.0,0
2598,Electronics,13331.0,0.0,Prepaid_Card,274,2,0,195.8,3,1,5.0,0
2599,Beauty,1379.0,42.4,Prepaid_Card,377,4,1,351.3,2,0,1.0,0
2600,Beauty,1894.0,24.5,COD,6,0,0,68.2,10,0,4.0,1
2601,Electronics,32801.0,15.3,Prepaid_Card,41,0,0,470.6,4,1,,1
2602,Home,6995.0,15.5,COD,901,7,3,209.4,6,0,4.0,1
2603,Electronics,25696.0,35.0,COD,121,1,0,357.2,1,0,1.0,1
2604,Footwear,4205.0,0.0,Wallet,517,4,0,193.7,3,1,1.0,0
2605,Apparel,1998.0,9.6,Prepaid_UPI,23,0,0,336.3,7,0,5.0,0
2606,Apparel,1928.0,20.2,COD,195,6,1,348.7,3,1,1.0,0
2607,Home,2067.0,20.0,COD,237,3,0,515.6,3,0,3.0,0
2608,Apparel,1357.0,59.6,Prepaid_UPI,382,9,2,69.5,5,1,4.0,0
2609,Home,5969.0,16.9,COD,751,6,0,227.4,3,1,2.0,1
2610,Electronics,43953.0,36.9,COD,198,1,1,421.8,6,1,5.0,1
2611,Footwear,547.0,49.2,COD,64,1,1,232.5,3,1,5.0,1
2612,Footwear,1808.0,32.1,Prepaid_UPI,239,1,0,210.8,4,0,1.0,0
2613,Electronics,16195.0,11.9,Prepaid_Card,21,0,0,198.4,6,0,1.0,0
2614,Footwear,1654.0,2.7,COD,612,3,2,252.6,3,1,5.0,1
2615,Apparel,1871.0,33.2,COD,232,6,0,344.8,2,1,1.0,0
2616,Electronics,3174.0,46.7,Prepaid_Card,40,0,0,211.2,4,1,3.0,0
2617,Apparel,1047.0,30.2,Prepaid_Card,109,1,0,426.0,2,0,4.0,0
2618,Footwear,3347.0,40.5,Prepaid_UPI,406,3,0,281.3,3,1,2.0,1
2619,Footwear,2127.0,60.9,COD,364,2,0,220.0,5,1,5.0,1
2620,Beauty,489.0,34.6,Prepaid_UPI,55,0,0,253.0,5,0,4.0,0
2621,Footwear,2943.0,5.5,Wallet,21,0,0,419.4,6,0,4.0,0
2622,Beauty,1378.0,22.8,Prepaid_Card,635,8,2,158.9,3,1,5.0,0
2623,Apparel,2167.0,42.6,COD,2,0,0,200.3,4,1,1.0,0
2624,Beauty,1909.0,18.3,Prepaid_UPI,169,7,0,167.0,8,0,2.0,0
2625,Home,7894.0,44.6,COD,154,1,0,202.6,5,1,1.0,1
2626,Electronics,9362.0,21.0,COD,155,1,0,243.8,7,1,5.0,0
2627,Home,6164.0,27.0,COD,119,1,0,417.7,4,0,,1
2628,Electronics,25362.0,16.7,Wallet,356,2,1,344.5,6,1,1.0,1
2629,Apparel,1683.0,24.4,COD,689,20,4,240.5,4,0,2.0,0
2630,Apparel,1242.0,25.2,Prepaid_UPI,340,4,1,234.9,1,0,5.0,0
2631,Apparel,782.0,0.0,Prepaid_Card,214,2,0,313.3,6,0,3.0,0
2632,Electronics,3203.0,15.4,Prepaid_Card,501,3,0,193.7,5,0,4.0,0
2633,Footwear,3853.0,3.5,COD,112,1,0,155.0,5,0,,1
2634,Home,6574.0,15.9,Prepaid_Card,159,7,1,315.3,2,0,3.0,0
2635,Electronics,8319.0,10.1,COD,241,2,0,158.3,8,0,5.0,0
2636,Electronics,29459.0,37.2,Prepaid_Card,745,14,0,134.9,6,1,3.0,1
2637,Electronics,33513.0,37.4,COD,21,0,0,729.8,3,0,4.0,1
2638,Apparel,1404.0,30.4,COD,64,0,0,59.3,8,0,5.0,0
2639,Footwear,1769.0,3.0,Prepaid_Card,263,9,2,50.1,8,0,3.0,1
2640,Apparel,1986.0,20.5,COD,26,1,0,229.5,4,0,,0
2641,Home,5247.0,1.8,COD,363,5,0,332.3,3,1,5.0,1
2642,Footwear,3381.0,19.8,Wallet,23,0,0,215.7,6,1,5.0,0
2643,Home,5321.0,31.7,COD,154,5,0,193.9,4,1,3.0,0
2644,Footwear,3385.0,36.9,COD,507,31,5,616.4,10,0,,0
2645,Apparel,661.0,29.1,COD,364,5,2,166.1,2,0,5.0,0
2646,Footwear,4190.0,40.9,COD,411,4,0,245.3,8,0,,0
2647,Footwear,1643.0,25.9,Prepaid_UPI,608,21,1,204.5,4,1,1.0,0
2648,Footwear,3846.0,18.5,COD,540,4,1,267.6,4,1,2.0,0
2649,Home,7179.0,35.1,Prepaid_Card,673,4,0,208.7,3,1,5.0,0
2650,Footwear,3105.0,35.6,Prepaid_Card,424,4,0,305.8,5,1,2.0,0
2651,Beauty,1556.0,14.1,COD,61,8,1,247.5,3,1,4.0,0
2652,Electronics,5976.0,27.7,Wallet,91,1,0,189.4,4,1,5.0,0
2653,Footwear,2245.0,17.6,Wallet,474,12,1,103.3,2,0,,0
2654,Footwear,2947.0,0.0,COD,884,11,2,27.7,1,1,3.0,0
2655,Electronics,4786.0,28.6,COD,205,1,0,323.8,4,0,2.0,0
2656,Beauty,412.0,2.6,COD,309,26,5,136.0,7,1,5.0,1
2657,Electronics,44714.0,26.9,COD,689,340,48,247.4,5,1,4.0,1
2658,Home,2858.0,0.0,Prepaid_Card,472,18,0,103.1,4,1,1.0,0
2659,Apparel,1030.0,11.2,Prepaid_Card,583,58,18,381.2,10,0,3.0,0
2660,Apparel,853.0,15.5,Prepaid_Card,66,1,0,371.8,1,1,3.0,0
2661,Footwear,3084.0,40.0,COD,47,1,0,143.3,5,0,2.0,1
2662,Electronics,21921.0,14.0,COD,919,7,1,344.0,3,0,5.0,0
2663,Electronics,35821.0,5.9,Wallet,142,19,5,379.6,5,1,5.0,1
2664,Apparel,1322.0,27.5,Wallet,93,1,1,486.1,3,0,2.0,1
2665,Electronics,1875.0,18.7,COD,25,0,0,108.5,3,1,,1
2666,Footwear,2431.0,33.9,Prepaid_Card,32,0,0,192.4,5,1,3.0,0
2667,Footwear,721.0,6.8,Prepaid_Card,341,2,0,229.4,4,1,4.0,0
2668,Apparel,1888.0,25.2,Prepaid_UPI,1304,15,3,202.7,3,0,2.0,0
2669,Home,1175.0,59.0,Prepaid_Card,173,9,0,532.3,2,1,4.0,0
2670,Electronics,10703.0,18.4,Prepaid_UPI,725,21,0,309.9,6,1,4.0,0
2671,Home,3842.0,24.8,COD,703,5,0,131.8,4,1,1.0,0
2672,Electronics,9749.0,0.0,COD,191,1,1,615.4,2,0,1.0,1
2673,Electronics,24818.0,9.2,Wallet,212,2,0,330.1,1,1,3.0,0
2674,Electronics,21379.0,28.9,COD,230,3,0,196.7,5,1,3.0,1
2675,Home,7634.0,17.1,COD,936,11,1,79.5,4,1,5.0,0
2676,Electronics,5071.0,31.2,Prepaid_UPI,113,21,0,210.8,5,1,1.0,0
2677,Electronics,26461.0,28.4,Prepaid_UPI,37,2,0,470.0,10,1,3.0,0
2678,Footwear,3382.0,2.2,Prepaid_UPI,100,1,0,242.3,6,0,3.0,0
2679,Footwear,1011.0,37.2,Prepaid_UPI,367,39,10,202.4,4,1,4.0,1
2680,Electronics,29077.0,3.4,Prepaid_UPI,384,6,0,310.2,1,0,3.0,0
2681,Footwear,3957.0,10.5,COD,608,5,2,220.5,8,0,4.0,1
2682,Footwear,3650.0,25.4,Prepaid_Card,334,4,0,355.7,5,0,3.0,0
2683,Apparel,2083.0,45.5,Prepaid_UPI,5,0,0,392.4,10,1,,0
2684,Home,5849.0,6.9,Prepaid_UPI,1196,153,10,142.0,3,1,1.0,0
2685,Apparel,1109.0,24.2,COD,1605,10,0,434.5,2,0,1.0,1
2686,Footwear,4182.0,24.3,COD,264,10,3,141.8,8,0,3.0,1
2687,Apparel,806.0,31.9,Prepaid_UPI,156,4,1,52.2,5,1,3.0,1
2688,Home,4795.0,39.8,COD,48,0,0,264.8,7,1,2.0,0
2689,Apparel,1778.0,15.9,COD,19,0,0,545.4,2,1,4.0,0
2690,Electronics,39406.0,37.2,Prepaid_UPI,44,1,0,257.4,2,0,3.0,1
2691,Beauty,2304.0,42.0,Prepaid_Card,981,18,1,80.4,2,1,2.0,0
2692,Electronics,4922.0,48.8,COD,1192,16,1,275.9,1,1,1.0,0
2693,Footwear,3404.0,29.5,COD,91,5,1,363.9,3,1,,0
2694,Beauty,630.0,24.4,COD,119,1,0,368.4,1,0,1.0,0
2695,Footwear,3616.0,14.9,Prepaid_UPI,403,2,0,428.8,5,0,1.0,0
2696,Apparel,1661.0,0.1,Prepaid_Card,274,2,0,270.5,4,0,4.0,0
2697,Footwear,1225.0,17.8,COD,1518,19,3,394.4,3,1,4.0,1
2698,Apparel,1899.0,23.7,COD,301,3,0,132.2,6,1,5.0,0
2699,Electronics,21426.0,20.4,COD,149,1,0,351.4,5,1,1.0,0
2700,Footwear,2675.0,31.0,COD,1096,98,13,188.0,7,1,5.0,0
2701,Home,7780.0,0.2,COD,39,1,0,484.5,9,0,4.0,1
2702,Electronics,29960.0,19.3,Prepaid_Card,49,0,0,267.1,5,0,1.0,1
2703,Electronics,26979.0,51.9,COD,133,1,0,49.5,5,0,3.0,0
2704,Footwear,567.0,36.9,COD,311,5,0,200.3,6,1,3.0,0
2705,Home,1834.0,31.2,Prepaid_Card,1472,10,1,397.0,9,1,1.0,0
2706,Electronics,2364.0,27.9,Prepaid_Card,415,3,1,254.0,1,0,,0
2707,Footwear,1833.0,16.5,COD,95,1,0,78.5,3,1,4.0,0
2708,Apparel,1020.0,0.0,COD,578,3,0,124.3,1,1,,1
2709,Apparel,1355.0,28.9,COD,122,13,2,668.8,3,1,3.0,1
2710,Home,5611.0,0.0,COD,236,3,0,302.5,4,1,,0
2711,Beauty,571.0,17.1,Prepaid_UPI,762,5,1,274.4,3,0,4.0,0
2712,Apparel,1483.0,21.9,COD,1,0,0,219.7,5,1,,0
2713,Apparel,2051.0,15.3,Prepaid_UPI,606,36,0,299.0,6,0,4.0,0
2714,Apparel,733.0,54.6,Prepaid_UPI,348,3,1,321.7,4,1,5.0,0
2715,Footwear,3136.0,49.4,COD,331,2,0,94.3,5,1,,0
2716,Apparel,482.0,37.5,COD,500,12,1,198.4,8,1,,0
2717,Electronics,24464.0,8.1,COD,139,2,0,150.6,5,1,3.0,1
2718,Beauty,1893.0,50.8,COD,30,0,0,99.8,2,0,4.0,1
2719,Apparel,461.0,31.3,Prepaid_Card,11,0,0,57.4,3,0,2.0,1
2720,Home,2869.0,7.9,COD,861,8,1,704.5,3,1,3.0,1
2721,Electronics,39655.0,22.5,Prepaid_UPI,490,38,0,884.9,8,1,5.0,0
2722,Footwear,1402.0,36.4,Prepaid_Card,141,1,0,695.3,3,0,5.0,0
2723,Electronics,32862.0,13.0,Prepaid_UPI,213,9,0,397.1,2,1,3.0,0
2724,Electronics,28016.0,24.1,Prepaid_UPI,697,5,0,285.3,2,1,,0
2725,Apparel,695.0,26.7,Prepaid_Card,121,24,0,179.9,3,0,,0
2726,Footwear,3467.0,5.5,Wallet,182,1,0,201.1,3,0,2.0,0
2727,Footwear,2628.0,17.9,Wallet,445,7,1,107.4,3,1,2.0,0
2728,Apparel,602.0,6.6,COD,164,1,0,230.8,6,1,3.0,1
2729,Electronics,42782.0,35.0,COD,185,5,1,73.8,4,0,3.0,1
2730,Footwear,2468.0,8.4,COD,1059,11,3,266.8,4,1,5.0,1
2731,Apparel,1741.0,26.4,COD,151,3,0,112.1,6,0,4.0,0
2732,Apparel,792.0,1.1,Prepaid_Card,230,85,1,412.4,6,0,5.0,1
2733,Home,1356.0,5.0,COD,336,3,0,190.1,3,1,5.0,0
2734,Electronics,33669.0,4.3,Prepaid_Card,56,2,0,474.2,7,0,1.0,0
2735,Apparel,1613.0,17.7,Prepaid_UPI,537,3,0,477.8,4,0,2.0,0
2736,Electronics,13206.0,24.7,COD,32,0,0,341.2,3,1,1.0,1
2737,Apparel,1743.0,27.5,Prepaid_Card,388,169,114,520.6,7,0,4.0,0
2738,Electronics,23319.0,0.0,COD,31,0,0,258.5,5,0,,0
2739,Home,2984.0,19.5,Prepaid_UPI,1141,45,1,457.8,5,1,5.0,0
2740,Home,6359.0,10.7,Prepaid_Card,1419,9,2,302.0,4,1,4.0,0
2741,Apparel,1510.0,30.0,COD,706,12,0,475.6,4,0,2.0,0
2742,Footwear,2529.0,18.0,Prepaid_UPI,117,1,0,279.8,3,1,4.0,0
2743,Apparel,1792.0,20.8,COD,503,3,0,445.4,4,0,2.0,0
2744,Footwear,2679.0,10.8,Prepaid_UPI,561,51,4,428.4,4,0,,0
2745,Electronics,42308.0,47.9,Prepaid_Card,253,2,0,277.8,5,1,1.0,0
2746,Footwear,3772.0,2.7,COD,226,8,1,146.8,8,0,,0
2747,Apparel,1045.0,16.0,Prepaid_UPI,70,1,0,447.9,4,1,4.0,0
2748,Apparel,1237.0,23.6,Prepaid_UPI,660,22,4,277.8,6,0,3.0,0
2749,Electronics,43131.0,18.2,Prepaid_UPI,277,47,7,462.8,5,0,1.0,0
2750,Apparel,2011.0,10.5,Prepaid_Card,400,13,0,182.1,7,0,3.0,0
2751,Apparel,744.0,0.0,Prepaid_UPI,79,1,0,74.4,8,0,4.0,0
2752,Footwear,1597.0,11.6,COD,28,0,0,63.8,3,0,4.0,1
2753,Footwear,1958.0,7.6,Prepaid_UPI,1,0,0,144.3,1,0,1.0,0
2754,Apparel,1984.0,47.2,Prepaid_UPI,688,5,1,456.8,2,0,3.0,0
2755,Footwear,4210.0,56.0,COD,779,5,1,195.6,7,1,1.0,0
2756,Footwear,3709.0,21.2,COD,536,3,1,333.1,5,1,4.0,0
2757,Footwear,1603.0,0.9,COD,558,6,1,325.3,2,0,4.0,0
2758,Home,7130.0,33.1,COD,617,14,0,51.1,8,0,3.0,0
2759,Home,553.0,7.3,COD,509,4,1,348.2,4,0,5.0,0
2760,Electronics,19719.0,13.8,COD,370,14,5,340.6,4,1,4.0,0
2761,Home,3208.0,12.6,Prepaid_Card,660,4,2,148.1,4,1,,1
2762,Beauty,1408.0,14.5,COD,367,5,2,300.9,7,0,1.0,0
2763,Apparel,1409.0,16.7,COD,432,9,1,519.7,3,1,1.0,0
2764,Apparel,806.0,2.3,Prepaid_UPI,12,0,0,256.6,7,1,4.0,0
2765,Apparel,768.0,11.5,COD,66,3,1,403.2,6,0,5.0,0
2766,Beauty,2038.0,37.3,Prepaid_Card,44,0,0,227.7,8,0,3.0,0
2767,Electronics,4537.0,21.5,Prepaid_UPI,506,3,0,686.8,6,1,5.0,0
2768,Home,4098.0,23.9,Wallet,749,7,3,132.3,5,1,3.0,0
2769,Footwear,1267.0,0.0,Prepaid_Card,17,0,0,280.4,6,1,1.0,0
2770,Beauty,901.0,36.2,COD,7,1,0,88.2,5,1,4.0,1
2771,Apparel,899.0,11.7,COD,1158,15,2,321.3,3,0,4.0,0
2772,Footwear,3334.0,38.9,Wallet,955,6,0,62.0,6,0,1.0,1
2773,Footwear,2324.0,24.3,Prepaid_UPI,132,33,7,238.2,4,1,5.0,0
2774,Apparel,939.0,13.6,Prepaid_UPI,165,3,0,569.4,7,0,4.0,0
2775,Footwear,3825.0,0.0,Prepaid_UPI,261,4,0,401.5,7,0,3.0,1
2776,Electronics,4958.0,54.6,COD,341,3,0,100.3,6,1,5.0,1
2777,Home,6201.0,34.0,Prepaid_Card,1127,9,0,491.7,7,1,4.0,0
2778,Electronics,12076.0,34.9,Prepaid_UPI,58,4,0,235.2,6,0,1.0,0
2779,Apparel,2052.0,49.3,Prepaid_UPI,166,4,1,217.7,6,1,4.0,0
2780,Apparel,410.0,25.4,COD,607,4,0,206.6,3,0,2.0,0
2781,Apparel,1402.0,42.3,Prepaid_Card,731,20,3,196.1,5,1,5.0,0
2782,Apparel,1520.0,14.8,COD,32,1,0,126.2,5,1,,1
2783,Home,4745.0,33.1,Wallet,275,9,2,189.6,5,0,4.0,0
2784,Electronics,36898.0,12.5,COD,219,2,0,230.4,5,0,1.0,1
2785,Apparel,602.0,14.4,Prepaid_UPI,244,36,1,55.5,5,0,5.0,1
2786,Home,3500.0,23.5,COD,273,5,0,158.5,9,1,2.0,1
2787,Home,6951.0,3.0,Prepaid_Card,21,0,0,366.7,5,1,4.0,0
2788,Electronics,40127.0,26.9,Prepaid_Card,164,53,4,230.1,6,0,5.0,0
2789,Beauty,1321.0,17.3,COD,7,0,0,402.2,5,0,3.0,0
2790,Electronics,25639.0,0.0,Prepaid_UPI,242,2,1,80.7,5,0,2.0,1
2791,Footwear,3556.0,15.1,Prepaid_UPI,297,3,1,78.2,3,1,2.0,0
2792,Apparel,1803.0,16.8,Prepaid_UPI,520,6,3,286.6,3,0,2.0,1
2793,Footwear,4052.0,34.8,COD,297,10,1,143.8,3,1,1.0,0
2794,Beauty,2133.0,26.3,Prepaid_UPI,737,7,2,153.8,1,0,2.0,0
2795,Footwear,2158.0,43.7,Prepaid_Card,151,3,0,189.0,5,1,3.0,0
2796,Home,5303.0,29.8,Prepaid_Card,70,1,0,160.7,3,0,5.0,0
2797,Home,4021.0,13.7,Prepaid_Card,94,3,0,202.3,2,0,3.0,0
2798,Electronics,6367.0,21.1,Prepaid_Card,295,2,1,314.2,9,1,1.0,0
2799,Home,6627.0,16.8,COD,94,2,1,869.3,7,0,1.0,0
2800,Footwear,2907.0,29.3,COD,745,8,0,161.7,9,1,2.0,0
2801,Beauty,286.0,22.9,COD,1252,41,1,458.5,4,0,2.0,0
2802,Electronics,30847.0,12.6,COD,125,3,0,42.7,4,1,2.0,1
2803,Apparel,910.0,22.1,COD,1312,16,6,217.2,5,0,,0
2804,Home,833.0,28.9,COD,293,4,2,255.2,5,0,,0
2805,Apparel,1492.0,6.9,Prepaid_UPI,103,1,0,158.3,4,1,1.0,0
2806,Apparel,1718.0,26.8,Prepaid_Card,93,2,0,205.1,3,1,2.0,0
2807,Electronics,23857.0,0.0,COD,272,16,0,236.3,6,0,,1
2808,Footwear,523.0,38.6,Prepaid_UPI,189,2,0,126.5,1,0,5.0,0
2809,Apparel,1438.0,29.9,Wallet,1443,24,1,296.9,6,0,,0
2810,Apparel,412.0,46.4,Prepaid_UPI,327,2,0,279.7,4,0,3.0,1
2811,Apparel,2068.0,5.3,Prepaid_UPI,248,6,0,223.2,6,0,1.0,0
2812,Footwear,1569.0,39.0,Wallet,145,1,0,213.8,7,0,3.0,0
2813,Home,7007.0,36.0,Prepaid_Card,762,6,0,368.8,6,0,5.0,1
2814,Apparel,422.0,19.3,Wallet,947,27,1,341.9,2,0,4.0,0
2815,Apparel,575.0,16.4,Wallet,457,6,1,161.7,1,0,,0
2816,Home,3776.0,5.7,COD,728,8,0,465.3,1,1,3.0,1
2817,Apparel,1765.0,1.8,Prepaid_UPI,234,2,0,285.0,4,1,2.0,0
2818,Home,7558.0,10.7,Prepaid_UPI,421,6,0,207.8,1,1,2.0,0
2819,Electronics,24024.0,3.2,Prepaid_UPI,579,5,1,467.5,4,1,,0
2820,Beauty,985.0,45.9,Prepaid_UPI,202,2,0,73.0,3,1,5.0,0
2821,Apparel,480.0,0.0,COD,1658,18,2,155.9,3,1,,0
2822,Home,4795.0,24.2,COD,262,2,0,482.1,5,0,,0
2823,Apparel,1084.0,28.5,Prepaid_Card,108,1,1,291.7,5,0,4.0,0
2824,Beauty,2286.0,27.4,Prepaid_UPI,303,3,1,315.0,3,0,5.0,0
2825,Beauty,1278.0,28.7,Prepaid_UPI,371,5,0,231.6,4,0,3.0,0
2826,Footwear,3562.0,36.2,Prepaid_UPI,933,20,0,141.0,5,1,5.0,0
2827,Electronics,38352.0,15.3,Prepaid_UPI,318,13,1,225.1,4,1,2.0,0
2828,Apparel,577.0,23.3,Wallet,67,1,0,355.6,4,1,3.0,0
2829,Footwear,2263.0,17.6,COD,82,1,0,228.2,6,1,2.0,0
2830,Footwear,4075.0,41.5,Wallet,505,4,0,354.5,3,1,1.0,0
2831,Apparel,1164.0,53.5,COD,154,4,0,300.2,6,0,1.0,0
2832,Electronics,25954.0,4.1,Prepaid_Card,177,1,0,152.1,10,1,1.0,0
2833,Electronics,39442.0,0.0,COD,332,21,1,300.1,5,0,2.0,1
2834,Footwear,1430.0,30.5,Prepaid_Card,161,5,0,384.1,4,0,5.0,0
2835,Home,7188.0,38.1,COD,33,1,1,123.3,1,0,1.0,1
2836,Home,3357.0,51.4,COD,8,0,0,194.0,3,1,2.0,1
2837,Home,4866.0,33.1,Prepaid_Card,47,1,0,214.5,5,0,4.0,0
2838,Apparel,990.0,42.9,Prepaid_UPI,437,20,1,275.4,4,1,3.0,0
2839,Electronics,24288.0,46.9,COD,605,6,0,592.8,4,0,4.0,0
2840,Apparel,489.0,44.0,Prepaid_UPI,435,6,1,145.7,4,0,4.0,0
2841,Footwear,761.0,35.2,COD,177,2,0,209.0,3,1,3.0,1
2842,Electronics,19365.0,2.8,COD,84,1,0,152.5,4,0,1.0,1
2843,Electronics,15871.0,21.9,COD,176,3,1,73.2,3,0,,1
2844,Apparel,1508.0,26.5,Prepaid_Card,226,7,2,335.5,5,1,3.0,0
2845,Apparel,468.0,20.5,Prepaid_UPI,144,3,1,576.2,5,1,5.0,0
2846,Home,1591.0,21.4,Prepaid_Card,784,8,1,354.5,8,1,4.0,0
2847,Apparel,777.0,45.5,Prepaid_UPI,493,5,2,131.8,3,1,4.0,0
2848,Apparel,1193.0,10.6,Prepaid_Card,240,1,0,132.4,6,1,3.0,0
2849,Footwear,1487.0,34.0,Prepaid_UPI,18,0,0,205.8,6,0,2.0,0
2850,Electronics,7230.0,26.7,Wallet,215,66,11,161.3,4,0,3.0,1
2851,Electronics,27374.0,9.1,COD,890,21,7,140.9,3,0,2.0,0
2852,Electronics,33782.0,5.9,COD,437,3,0,400.7,7,1,,0
2853,Footwear,3241.0,0.0,COD,261,4,0,413.8,2,1,4.0,0
2854,Electronics,13297.0,29.3,Prepaid_Card,818,9,0,190.4,3,1,1.0,0
2855,Footwear,3918.0,21.1,Prepaid_Card,286,2,0,410.3,2,0,3.0,0
2856,Beauty,1588.0,9.6,COD,162,2,1,407.7,3,1,4.0,0
2857,Home,5033.0,0.0,Prepaid_UPI,47,16,1,125.5,4,0,1.0,0
2858,Electronics,10523.0,28.5,Wallet,17,0,0,229.8,8,1,1.0,0
2859,Footwear,1469.0,19.4,COD,139,7,2,85.8,4,0,3.0,1
2860,Electronics,21994.0,11.3,COD,107,3,0,148.1,9,1,3.0,1
2861,Electronics,11617.0,7.5,COD,34,1,0,477.6,6,0,1.0,0
2862,Electronics,31338.0,18.4,COD,299,3,2,562.7,3,0,,0
2863,Apparel,955.0,29.0,Prepaid_UPI,842,11,1,301.3,3,0,,0
2864,Apparel,673.0,17.1,Prepaid_Card,518,37,7,411.2,5,1,1.0,1
2865,Electronics,7841.0,4.2,COD,43,3,0,169.7,5,1,4.0,0
2866,Apparel,629.0,21.1,Prepaid_Card,16,0,0,166.1,2,1,3.0,0
2867,Electronics,20461.0,37.7,COD,359,12,3,328.4,3,1,,0
2868,Home,323.0,22.6,COD,496,11,1,209.2,1,1,2.0,0
2869,Beauty,1425.0,23.0,COD,584,6,1,55.9,8,0,,1
2870,Apparel,937.0,17.1,Prepaid_Card,242,7,2,202.7,5,1,3.0,0
2871,Home,4554.0,8.7,Prepaid_Card,68,2,2,451.0,4,1,5.0,0
2872,Electronics,42172.0,8.2,Prepaid_UPI,406,27,6,229.3,3,0,1.0,1
2873,Apparel,1964.0,0.0,COD,358,2,0,419.6,3,1,3.0,1
2874,Apparel,1438.0,39.7,Prepaid_UPI,800,7,0,70.6,1,1,5.0,0
2875,Apparel,1153.0,28.9,COD,209,2,0,241.3,5,1,5.0,1
2876,Apparel,1657.0,23.2,COD,96,1,0,189.5,6,0,,1
2877,Apparel,2062.0,26.4,Prepaid_UPI,25,0,0,99.6,8,1,,0
2878,Electronics,22642.0,27.1,Prepaid_UPI,101,2,0,232.7,6,1,1.0,1
2879,Electronics,5550.0,11.0,COD,528,6,3,199.8,6,0,,1
2880,Apparel,1779.0,17.1,Prepaid_Card,243,3,2,520.5,7,1,4.0,0
2881,Apparel,419.0,14.9,Prepaid_UPI,255,3,1,458.8,4,1,3.0,1
2882,Apparel,1776.0,59.7,Wallet,339,2,1,210.1,2,1,5.0,0
2883,Home,954.0,37.3,Prepaid_Card,143,7,0,220.3,6,1,1.0,0
2884,Electronics,5870.0,24.5,COD,317,10,0,156.6,3,1,1.0,0
2885,Home,6319.0,42.5,Prepaid_Card,336,5,1,113.3,4,1,5.0,0
2886,Apparel,1641.0,40.6,COD,1322,90,17,264.9,2,0,1.0,0
2887,Apparel,1411.0,1.3,COD,407,2,0,63.8,7,1,5.0,1
2888,Beauty,2078.0,18.7,Prepaid_Card,281,3,0,181.2,6,0,3.0,0
2889,Apparel,1932.0,21.8,Prepaid_UPI,270,25,1,110.4,1,0,4.0,0
2890,Apparel,1224.0,31.2,COD,77,1,0,309.3,5,1,,1
2891,Apparel,2193.0,18.6,Prepaid_UPI,393,3,0,379.5,7,0,4.0,1
2892,Beauty,990.0,20.5,Prepaid_UPI,127,2,0,224.4,4,0,,0
2893,Home,1621.0,15.1,Prepaid_UPI,147,2,0,198.9,4,1,1.0,0
2894,Home,6814.0,37.7,COD,418,3,0,400.6,7,0,1.0,1
2895,Beauty,1127.0,0.3,COD,333,8,0,158.2,4,1,,0
2896,Apparel,1974.0,15.6,COD,103,1,0,391.0,4,1,5.0,0
2897,Beauty,294.0,0.0,COD,448,4,0,290.6,6,1,3.0,0
2898,Apparel,600.0,6.6,COD,533,4,0,232.6,2,0,1.0,0
2899,Home,610.0,26.8,COD,86,1,0,507.4,3,0,2.0,0
2900,Electronics,27568.0,27.0,COD,100,1,0,395.4,1,0,4.0,0
2901,Electronics,37636.0,17.3,COD,424,17,1,96.3,9,0,,0
2902,Beauty,1096.0,38.9,Wallet,157,1,0,184.7,5,1,5.0,0
2903,Apparel,563.0,42.3,Prepaid_UPI,43,0,0,117.8,7,1,1.0,0
2904,Beauty,1028.0,21.0,COD,1023,15,2,203.1,2,0,1.0,0
2905,Electronics,16444.0,25.8,Wallet,117,1,0,434.2,7,1,4.0,0
2906,Home,5255.0,15.2,COD,948,6,0,360.7,4,0,4.0,0
2907,Beauty,1683.0,31.4,COD,214,2,1,101.8,8,0,1.0,0
2908,Apparel,585.0,4.1,Prepaid_UPI,264,22,3,163.3,4,1,4.0,0
2909,Beauty,1137.0,48.9,Prepaid_Card,114,3,0,189.9,2,1,2.0,0
2910,Home,5247.0,39.1,COD,1073,6,0,287.2,7,1,,0
2911,Home,2293.0,4.0,COD,179,1,0,306.0,5,1,4.0,0
2912,Apparel,1133.0,10.2,Prepaid_Card,86,2,0,66.5,2,0,1.0,0
2913,Electronics,28080.0,28.3,Prepaid_Card,40,1,0,450.8,1,0,5.0,0
2914,Home,3402.0,16.9,COD,577,5,1,196.8,5,0,5.0,0
2915,Electronics,2552.0,30.2,Prepaid_Card,412,26,13,414.6,4,1,2.0,0
2916,Apparel,801.0,16.6,COD,60,1,0,98.6,5,1,5.0,0
2917,Apparel,1797.0,44.9,Prepaid_Card,748,4,2,80.5,5,0,3.0,0
2918,Footwear,1494.0,22.1,COD,190,3,0,297.7,4,0,2.0,0
2919,Apparel,1872.0,58.3,Prepaid_UPI,204,2,0,174.4,5,0,5.0,0
2920,Home,3895.0,31.0,Prepaid_UPI,425,4,1,207.6,6,1,2.0,0
2921,Beauty,1261.0,1.8,COD,1307,25,1,200.4,4,0,3.0,0
2922,Apparel,1787.0,53.3,Prepaid_UPI,265,4,0,283.7,6,0,3.0,0
2923,Apparel,1090.0,38.5,COD,467,5,0,270.5,6,0,2.0,1
2924,Home,2136.0,27.7,COD,954,7,0,331.6,7,1,5.0,0
2925,Apparel,589.0,31.7,Prepaid_Card,722,7,0,486.9,1,1,5.0,0
2926,Home,5474.0,4.2,Prepaid_Card,458,3,0,671.5,4,0,5.0,0
2927,Home,3919.0,0.0,Prepaid_UPI,397,17,3,419.0,6,0,5.0,0
2928,Home,6532.0,21.4,Wallet,625,4,0,369.2,9,0,2.0,0
2929,Electronics,21246.0,42.7,COD,167,2,0,233.6,7,0,3.0,0
2930,Home,3494.0,27.9,COD,340,5,0,34.6,7,1,3.0,0
2931,Home,2601.0,47.6,Prepaid_Card,708,46,10,169.3,10,0,5.0,0
2932,Apparel,759.0,41.8,COD,82,1,0,301.5,4,1,,0
2933,Home,6694.0,22.3,COD,186,2,1,69.0,9,0,3.0,1
2934,Footwear,881.0,39.8,Wallet,248,1,0,322.1,6,0,2.0,0
2935,Home,7246.0,44.8,Prepaid_UPI,85,1,0,86.5,2,1,3.0,0
2936,Electronics,2379.0,20.8,Wallet,317,25,3,159.6,1,1,1.0,0
2937,Electronics,24075.0,18.8,COD,10,0,0,195.6,4,0,,0
2938,Apparel,505.0,24.1,COD,1785,20,1,133.2,6,0,2.0,0
2939,Apparel,1803.0,0.0,Prepaid_Card,249,2,0,161.1,4,1,4.0,0
2940,Apparel,781.0,26.2,Wallet,68,0,0,315.1,5,0,2.0,0
2941,Beauty,1480.0,32.8,COD,293,7,1,343.8,9,0,4.0,0
2942,Apparel,2050.0,24.2,COD,487,44,0,349.8,5,1,4.0,1
2943,Footwear,3097.0,27.2,COD,1089,43,9,340.1,9,1,2.0,0
2944,Apparel,721.0,21.3,Prepaid_UPI,154,2,0,410.9,6,1,4.0,0
2945,Apparel,1834.0,0.0,Prepaid_UPI,306,17,1,400.6,7,1,3.0,1
2946,Electronics,20537.0,46.9,Prepaid_UPI,46,1,0,444.9,4,0,5.0,0
2947,Electronics,1777.0,16.5,COD,103,1,0,306.4,4,0,1.0,1
2948,Footwear,2447.0,12.7,Prepaid_UPI,124,2,1,422.2,5,0,4.0,0
2949,Beauty,2059.0,42.4,Prepaid_Card,1,0,0,552.7,4,0,5.0,0
2950,Footwear,2220.0,36.7,COD,287,2,0,117.8,6,1,1.0,0
2951,Apparel,1765.0,26.1,COD,68,1,0,345.6,7,0,,1
2952,Footwear,3322.0,33.5,Prepaid_Card,232,69,1,96.2,10,0,3.0,0
2953,Apparel,1222.0,4.7,COD,767,8,1,284.9,3,0,3.0,0
2954,Beauty,910.0,20.8,Wallet,153,1,0,150.9,4,0,1.0,0
2955,Electronics,33022.0,41.4,Prepaid_Card,3,0,0,419.7,7,0,3.0,0
2956,Electronics,17359.0,11.8,COD,277,2,0,328.4,5,1,1.0,0
2957,Apparel,706.0,7.0,Prepaid_UPI,576,4,0,361.5,2,1,,0
2958,Apparel,978.0,23.2,Prepaid_Card,968,10,0,191.7,6,1,5.0,0
2959,Apparel,1978.0,23.5,COD,51,9,0,519.8,3,1,2.0,0
2960,Beauty,816.0,31.7,Prepaid_Card,835,13,3,216.1,5,1,1.0,1
2961,Footwear,1440.0,1.3,COD,852,9,1,143.9,8,0,1.0,0
2962,Beauty,464.0,0.0,COD,480,10,2,188.8,6,0,3.0,1
2963,Apparel,499.0,35.8,Prepaid_UPI,303,2,0,138.0,6,0,4.0,0
2964,Home,7821.0,5.8,Prepaid_Card,390,5,0,176.4,8,0,5.0,0
2965,Apparel,1366.0,12.9,COD,54,1,0,213.3,4,0,,0
2966,Home,5918.0,0.0,COD,1164,8,1,483.3,5,0,4.0,0
2967,Electronics,35056.0,37.3,Prepaid_Card,816,7,0,90.0,4,1,1.0,0
2968,Apparel,1034.0,27.3,COD,246,7,1,170.3,6,0,3.0,0
2969,Home,6452.0,26.7,Wallet,101,1,0,346.6,2,0,2.0,0
2970,Apparel,2131.0,26.6,Prepaid_Card,2218,18,4,255.6,3,1,2.0,0
2971,Electronics,33689.0,0.0,Prepaid_UPI,286,3,0,350.5,5,1,3.0,0
2972,Home,5780.0,7.2,COD,411,7,0,579.1,6,1,1.0,0
2973,Apparel,1178.0,15.2,Prepaid_UPI,1411,11,2,236.1,9,1,5.0,0
2974,Beauty,2127.0,10.8,COD,64,1,0,135.3,3,0,5.0,0
2975,Electronics,5091.0,17.9,COD,275,55,8,231.7,4,0,2.0,1
2976,Footwear,3499.0,25.7,COD,445,10,1,188.0,5,0,,1
2977,Home,3087.0,37.1,COD,200,2,1,184.8,2,1,4.0,1
2978,Home,4658.0,0.0,Wallet,311,7,0,137.7,3,0,5.0,0
2979,Home,7176.0,21.9,Prepaid_UPI,669,4,1,442.2,1,1,4.0,1
2980,Footwear,2920.0,32.7,Prepaid_Card,24,1,0,87.7,6,0,4.0,0
2981,Home,497.0,8.1,Prepaid_Card,72,1,0,394.4,3,0,3.0,0
2982,Apparel,1701.0,19.1,Prepaid_Card,263,1,0,348.0,7,0,3.0,0
2983,Apparel,2072.0,29.0,Prepaid_Card,631,10,0,70.4,5,0,2.0,0
2984,Home,5243.0,22.2,Prepaid_UPI,125,1,0,290.3,4,1,1.0,0
2985,Apparel,1951.0,32.1,Prepaid_Card,189,9,2,105.4,3,0,3.0,0
2986,Apparel,1886.0,23.4,Prepaid_UPI,510,5,1,229.3,5,1,5.0,0
2987,Apparel,1950.0,17.3,COD,116,1,0,225.9,4,0,3.0,1
2988,Home,2950.0,4.4,Wallet,828,5,0,154.9,6,0,2.0,0
2989,Apparel,1253.0,25.7,COD,499,7,2,220.5,7,1,,1
2990,Home,6830.0,23.5,COD,286,2,1,491.5,3,1,3.0,0
2991,Footwear,4142.0,7.1,Prepaid_UPI,247,2,0,92.0,4,0,2.0,0
2992,Footwear,1087.0,30.7,COD,186,3,0,208.4,7,1,4.0,0
2993,Apparel,727.0,41.0,COD,201,1,0,93.5,8,1,2.0,0
2994,Home,2971.0,12.1,COD,655,21,0,676.8,2,0,5.0,0
2995,Home,6231.0,11.1,Prepaid_Card,8,0,0,159.9,3,0,5.0,0
2996,Electronics,39524.0,10.5,Wallet,404,3,1,149.9,3,1,5.0,1
2997,Home,4768.0,0.0,Prepaid_UPI,1102,12,7,736.4,5,1,5.0,1
2998,Apparel,604.0,52.1,Prepaid_Card,977,14,0,318.7,1,0,2.0,0
2999,Beauty,864.0,15.3,Wallet,312,2,0,410.2,5,1,4.0,0
3000,Apparel,1943.0,9.1,Prepaid_Card,66,5,0,50.2,4,0,1.0,1
3001,Footwear,1890.0,5.1,Prepaid_UPI,96,1,0,386.1,3,0,4.0,1
3002,Home,1092.0,16.2,COD,258,3,0,171.4,5,0,3.0,0
3003,Apparel,944.0,11.6,Prepaid_Card,107,2,0,346.2,5,1,2.0,0
3004,Footwear,3727.0,43.6,COD,55,2,0,365.3,4,1,5.0,0
3005,Apparel,1288.0,3.3,COD,42,1,0,72.2,8,1,2.0,0
3006,Footwear,1186.0,0.0,Prepaid_UPI,256,1,0,97.6,4,0,2.0,0
3007,Home,2707.0,30.3,COD,770,5,2,116.1,5,1,4.0,0
3008,Apparel,2116.0,20.4,Prepaid_Card,289,2,0,367.9,3,1,3.0,1
3009,Apparel,1178.0,18.7,Prepaid_UPI,366,4,1,99.7,7,1,4.0,0
3010,Footwear,2266.0,30.4,COD,15,0,0,73.7,2,1,1.0,0
3011,Apparel,676.0,24.1,Prepaid_Card,186,2,0,126.2,5,1,,0
3012,Footwear,1718.0,21.3,Prepaid_UPI,138,1,0,57.9,3,1,4.0,0
3013,Footwear,3759.0,0.9,Prepaid_UPI,455,3,1,231.7,1,0,2.0,0
3014,Home,6354.0,0.0,COD,34,1,0,156.6,3,1,4.0,1
3015,Apparel,1184.0,11.5,Wallet,456,3,0,127.5,3,0,1.0,0
3016,Home,7181.0,5.7,Prepaid_UPI,80,0,0,470.4,6,1,4.0,0
3017,Beauty,1044.0,26.0,Prepaid_Card,27,0,0,229.6,3,1,1.0,0
3018,Apparel,1956.0,0.0,COD,220,1,0,262.3,1,1,2.0,0
3019,Electronics,2583.0,15.3,Prepaid_UPI,266,2,2,218.8,1,1,5.0,0
3020,Apparel,1025.0,19.4,Prepaid_UPI,467,51,16,301.3,5,1,4.0,0
3021,Electronics,38652.0,21.4,COD,15,2,0,437.1,6,0,3.0,1
3022,Footwear,4105.0,28.0,Wallet,414,3,0,237.8,5,0,1.0,0
3023,Electronics,34331.0,17.1,Wallet,219,2,0,339.5,4,0,4.0,0
3024,Home,5458.0,12.0,Prepaid_Card,1464,32,8,239.1,5,1,,0
3025,Apparel,1868.0,40.7,Prepaid_UPI,565,6,0,170.9,1,0,4.0,0
3026,Apparel,1674.0,17.2,Prepaid_Card,710,7,0,293.1,1,0,5.0,0
3027,Apparel,858.0,43.3,Prepaid_UPI,1222,15,2,524.7,1,1,5.0,0
3028,Footwear,2365.0,17.1,Prepaid_UPI,545,38,15,394.0,4,1,,1
3029,Home,5387.0,21.8,COD,119,3,2,95.7,6,0,4.0,1
3030,Electronics,26946.0,19.9,COD,833,6,0,302.5,2,0,5.0,0
3031,Footwear,4040.0,25.5,COD,825,55,8,127.5,3,0,3.0,0
3032,Apparel,1253.0,15.7,Wallet,297,3,0,271.9,6,0,5.0,1
3033,Apparel,720.0,23.4,COD,29,0,0,83.4,4,0,4.0,0
3034,Apparel,786.0,45.0,Prepaid_UPI,108,1,0,259.7,5,0,3.0,0
3035,Beauty,2138.0,37.7,Prepaid_Card,75,0,0,141.2,5,0,5.0,0
3036,Home,367.0,37.8,COD,135,1,0,244.3,2,0,2.0,1
3037,Home,6992.0,1.9,Wallet,428,4,2,187.1,8,1,5.0,0
3038,Apparel,500.0,4.3,Prepaid_Card,68,7,0,205.5,3,1,4.0,1
3039,Apparel,1105.0,25.3,COD,4,0,0,536.4,9,0,,0
3040,Home,6461.0,33.6,COD,1001,12,2,271.9,6,0,4.0,0
3041,Electronics,19054.0,14.2,COD,56,6,1,214.3,5,0,2.0,1
3042,Beauty,2083.0,11.5,COD,138,16,1,469.3,1,1,3.0,1
3043,Footwear,901.0,42.9,COD,94,2,0,401.1,5,1,4.0,0
3044,Electronics,23606.0,32.3,Prepaid_Card,286,4,2,148.1,4,1,1.0,0
3045,Footwear,2830.0,37.9,COD,127,1,0,517.1,4,0,5.0,0
3046,Beauty,2244.0,15.4,COD,233,1,0,87.4,2,1,2.0,0
3047,Electronics,5301.0,14.2,COD,32,0,0,141.2,6,1,4.0,0
3048,Home,2907.0,36.2,COD,310,29,1,284.8,7,0,3.0,0
3049,Beauty,1699.0,18.1,Wallet,82,1,1,296.9,1,1,5.0,0
3050,Apparel,2164.0,12.8,COD,171,3,0,498.6,3,0,5.0,0
3051,Footwear,3893.0,8.3,COD,229,1,0,217.3,4,1,1.0,1
3052,Apparel,1924.0,14.3,Prepaid_Card,180,2,0,512.8,5,0,4.0,0
3053,Home,4282.0,35.1,Wallet,280,5,1,771.3,5,0,3.0,0
3054,Footwear,2757.0,0.0,Prepaid_UPI,698,5,0,166.3,4,1,4.0,0
3055,Home,6911.0,31.4,Prepaid_UPI,137,2,0,235.0,6,0,5.0,0
3056,Electronics,39290.0,11.4,Wallet,337,3,0,144.3,9,0,2.0,0
3057,Home,6478.0,18.8,Prepaid_Card,275,9,1,151.9,4,0,5.0,0
3058,Apparel,1873.0,19.8,Wallet,420,6,0,252.9,7,0,1.0,1
3059,Apparel,1983.0,18.7,COD,67,7,2,183.6,8,1,2.0,1
3060,Apparel,605.0,17.7,Prepaid_UPI,257,2,0,151.8,8,1,5.0,1
3061,Home,2553.0,15.3,Prepaid_UPI,57,1,0,172.7,6,0,1.0,0
3062,Electronics,43954.0,13.4,Wallet,369,16,1,164.9,6,1,,0
3063,Apparel,1381.0,41.8,Prepaid_Card,66,1,0,273.6,5,1,4.0,0
3064,Footwear,1206.0,22.4,Prepaid_UPI,84,1,0,113.0,8,0,4.0,0
3065,Electronics,23234.0,20.1,COD,174,3,0,367.8,4,0,5.0,1
3066,Electronics,29485.0,12.3,Prepaid_Card,286,2,0,394.8,4,1,,0
3067,Electronics,37476.0,15.9,COD,155,1,1,34.9,3,0,2.0,1
3068,Apparel,1862.0,12.4,Prepaid_Card,455,3,1,378.1,10,0,3.0,0
3069,Footwear,697.0,33.5,Prepaid_UPI,63,1,0,177.8,8,0,1.0,0
3070,Electronics,21064.0,10.7,COD,351,4,2,179.1,3,1,1.0,0
3071,Apparel,437.0,0.0,COD,510,7,0,283.6,2,1,4.0,0
3072,Beauty,2237.0,22.9,COD,440,6,0,178.0,4,1,2.0,0
3073,Footwear,1196.0,17.8,Prepaid_UPI,224,21,3,262.4,5,1,3.0,0
3074,Footwear,2999.0,13.2,Prepaid_UPI,521,13,1,257.9,5,1,,0
3075,Footwear,2782.0,35.7,Prepaid_UPI,196,1,0,236.4,1,1,,0
3076,Beauty,1620.0,0.0,COD,32,0,0,360.2,3,1,3.0,0
3077,Electronics,25878.0,45.6,Prepaid_UPI,157,8,0,260.2,7,1,3.0,0
3078,Home,5810.0,37.8,Prepaid_UPI,208,40,19,104.1,6,0,5.0,0
3079,Home,5121.0,12.6,COD,5,0,0,330.9,3,1,2.0,1
3080,Apparel,563.0,15.2,COD,232,2,0,83.8,7,0,1.0,0
3081,Apparel,1060.0,29.6,Prepaid_Card,24,1,0,570.2,7,1,5.0,1
3082,Apparel,1384.0,30.0,COD,633,5,1,135.5,9,1,1.0,1
3083,Home,2804.0,12.5,COD,14,5,0,138.1,4,0,,1
3084,Footwear,3541.0,0.0,COD,206,2,0,533.6,3,0,4.0,0
3085,Footwear,1772.0,53.7,COD,373,2,0,216.2,4,1,1.0,0
3086,Apparel,1892.0,36.3,COD,728,73,11,197.6,7,0,2.0,0
3087,Apparel,664.0,24.4,COD,157,1,0,21.7,2,1,2.0,0
3088,Electronics,34899.0,24.6,Prepaid_UPI,215,1,1,189.2,5,0,,1
3089,Home,1713.0,31.3,Prepaid_Card,98,1,0,219.0,5,1,3.0,0
3090,Beauty,1391.0,33.1,Prepaid_Card,404,8,0,504.1,7,0,2.0,0
3091,Footwear,1782.0,0.0,Prepaid_UPI,101,1,0,178.1,3,0,3.0,0
3092,Beauty,1648.0,16.7,Prepaid_Card,383,7,0,511.9,4,1,2.0,0
3093,Footwear,1351.0,15.2,COD,362,2,0,272.9,6,1,1.0,0
3094,Beauty,2019.0,19.6,COD,886,9,0,451.0,3,0,,1
3095,Electronics,26323.0,33.6,COD,249,2,1,179.3,3,0,2.0,1
3096,Apparel,2123.0,0.0,Prepaid_Card,124,1,0,419.2,9,0,3.0,0
3097,Apparel,1681.0,1.8,Prepaid_Card,129,2,0,129.6,6,1,1.0,0
3098,Electronics,27804.0,11.8,COD,1386,15,2,273.5,7,1,1.0,1
3099,Apparel,1892.0,24.3,Prepaid_Card,132,1,0,124.8,6,0,4.0,0
3100,Apparel,795.0,34.5,Wallet,396,6,0,163.9,4,0,4.0,0
3101,Beauty,1637.0,46.5,COD,525,8,0,120.8,3,0,3.0,1
3102,Apparel,1103.0,17.7,Prepaid_Card,829,5,0,435.2,3,0,2.0,1
3103,Beauty,1898.0,34.5,Prepaid_Card,239,4,0,266.2,3,0,,0
3104,Footwear,598.0,32.7,Prepaid_UPI,1538,10,0,369.6,3,1,,0
3105,Home,3593.0,30.1,Prepaid_UPI,111,3,1,373.5,3,1,1.0,0
3106,Home,5318.0,21.6,Prepaid_UPI,213,1,0,115.3,6,1,5.0,0
3107,Electronics,21376.0,16.0,COD,519,5,0,307.7,2,0,4.0,0
3108,Home,2132.0,6.0,Prepaid_Card,981,42,7,616.9,8,0,,1
3109,Apparel,1236.0,5.0,Prepaid_UPI,79,6,1,218.7,6,1,5.0,1
3110,Beauty,2147.0,27.2,COD,684,12,2,284.5,6,1,1.0,0
3111,Apparel,772.0,21.2,Wallet,145,1,0,451.9,5,0,1.0,0
3112,Apparel,1061.0,15.8,COD,245,4,0,200.1,5,1,5.0,1
3113,Home,7926.0,32.0,Prepaid_Card,344,7,1,394.8,4,0,5.0,0
3114,Home,7329.0,19.0,Prepaid_Card,1131,11,0,332.5,3,0,3.0,0
3115,Electronics,2688.0,8.3,Prepaid_Card,1102,6,0,252.1,4,0,3.0,0
3116,Home,4384.0,18.0,Prepaid_UPI,365,15,1,287.7,2,1,1.0,1
3117,Apparel,518.0,34.3,COD,400,3,0,127.5,6,1,2.0,1
3118,Home,7414.0,6.6,Prepaid_Card,2135,13,1,696.3,2,1,2.0,0
3119,Apparel,1195.0,25.1,Prepaid_Card,496,5,0,215.1,6,1,2.0,0
3120,Apparel,1153.0,21.2,Prepaid_UPI,465,3,0,293.0,6,1,3.0,1
3121,Apparel,891.0,10.6,Prepaid_Card,283,3,0,106.3,5,1,2.0,0
3122,Electronics,26114.0,17.6,Wallet,108,1,0,338.9,3,1,2.0,1
3123,Electronics,7551.0,0.0,Prepaid_UPI,132,1,0,234.0,3,0,2.0,0
3124,Electronics,36194.0,23.6,COD,397,11,0,278.3,3,1,4.0,1
3125,Apparel,1284.0,1.5,Prepaid_UPI,236,2,0,187.3,2,1,4.0,0
3126,Apparel,1420.0,38.1,Wallet,404,4,0,338.3,4,1,1.0,0
3127,Home,6774.0,20.6,COD,700,30,7,372.0,4,0,4.0,0
3128,Apparel,733.0,13.4,Prepaid_Card,69,1,0,179.2,9,0,5.0,0
3129,Home,1649.0,39.4,COD,70,1,0,135.4,9,0,,0
3130,Beauty,1139.0,6.5,Prepaid_Card,927,100,16,140.4,8,1,3.0,1
3131,Electronics,35632.0,10.8,COD,178,2,0,463.0,4,0,1.0,0
3132,Beauty,288.0,0.0,Prepaid_UPI,700,25,4,168.9,1,1,5.0,0
3133,Apparel,1831.0,41.6,COD,310,9,3,425.9,5,1,4.0,0
3134,Apparel,1301.0,50.1,Prepaid_Card,390,4,1,257.4,4,1,3.0,1
3135,Footwear,2747.0,0.0,COD,501,69,14,201.4,5,0,1.0,1
3136,Footwear,2758.0,9.8,Prepaid_UPI,292,4,0,70.8,5,0,1.0,1
3137,Footwear,725.0,23.0,Prepaid_Card,102,16,1,611.9,6,1,3.0,0
3138,Apparel,850.0,14.3,Prepaid_Card,416,2,0,245.7,1,1,,0
3139,Footwear,3521.0,21.5,COD,1552,10,2,193.0,7,0,3.0,0
3140,Electronics,19257.0,20.2,COD,380,10,0,254.0,7,1,,1
3141,Apparel,1409.0,28.1,Prepaid_Card,33,2,0,278.5,3,0,5.0,0
3142,Apparel,2101.0,7.6,Wallet,122,3,0,165.1,6,1,2.0,1
3143,Beauty,259.0,24.9,COD,729,103,11,206.6,4,0,3.0,1
3144,Apparel,1209.0,5.3,Prepaid_UPI,607,5,2,122.4,5,0,,0
3145,Footwear,1945.0,15.8,COD,89,1,0,169.1,4,1,2.0,0
3146,Home,1120.0,0.0,Prepaid_UPI,506,5,1,235.3,3,0,,0
3147,Footwear,4303.0,15.9,COD,130,1,0,106.0,2,0,,1
3148,Home,7703.0,13.4,Prepaid_Card,745,5,0,218.7,11,1,5.0,1
3149,Footwear,1746.0,36.2,COD,175,2,0,206.8,6,1,1.0,0
3150,Apparel,2104.0,21.1,COD,310,3,1,176.5,5,1,4.0,1
3151,Apparel,463.0,23.8,COD,310,4,0,390.6,8,0,,0
3152,Home,7853.0,21.7,COD,533,5,1,124.6,1,1,3.0,0
3153,Electronics,37814.0,0.0,Prepaid_Card,734,25,1,255.6,4,0,5.0,0
3154,Apparel,786.0,0.0,Wallet,352,6,0,169.6,3,0,2.0,0
3155,Apparel,1479.0,17.2,Prepaid_Card,124,3,0,263.3,3,1,5.0,1
3156,Electronics,36166.0,26.2,Wallet,382,12,0,257.7,5,1,4.0,1
3157,Apparel,975.0,18.5,Prepaid_Card,1118,15,2,716.3,4,0,3.0,0
3158,Apparel,1037.0,9.0,COD,1734,13,0,871.3,1,1,4.0,0
3159,Beauty,1628.0,18.4,COD,401,6,1,156.3,2,1,4.0,0
3160,Apparel,665.0,17.1,COD,16,0,0,228.9,2,1,1.0,0
3161,Beauty,428.0,33.7,COD,54,1,0,153.7,4,0,3.0,0
3162,Beauty,737.0,32.8,Prepaid_UPI,112,1,1,255.3,2,0,1.0,1
3163,Apparel,1734.0,13.7,Prepaid_UPI,435,12,5,158.7,4,1,1.0,0
3164,Home,3123.0,21.3,Prepaid_Card,204,3,0,153.9,4,0,2.0,1
3165,Home,4207.0,26.1,Prepaid_Card,706,23,5,190.3,1,1,2.0,0
3166,Home,1805.0,28.4,COD,796,18,3,194.3,2,0,3.0,0
3167,Apparel,749.0,46.8,Prepaid_Card,631,21,0,53.8,5,1,5.0,0
3168,Apparel,1571.0,21.6,COD,59,1,0,201.4,4,0,,0
3169,Apparel,595.0,39.5,COD,311,8,5,628.6,1,1,5.0,1
3170,Home,5442.0,4.6,COD,542,32,2,158.0,6,0,2.0,0
3171,Beauty,1092.0,12.4,COD,120,2,0,389.0,6,1,5.0,0
3172,Home,5469.0,0.0,Prepaid_UPI,235,2,0,312.0,10,1,2.0,0
3173,Home,3239.0,24.3,COD,130,2,0,189.2,8,0,4.0,0
3174,Beauty,2138.0,31.7,COD,38,1,0,143.0,3,1,1.0,0
3175,Home,728.0,0.0,Wallet,304,23,1,119.5,4,1,,0
3176,Apparel,2008.0,24.8,Wallet,172,1,0,143.1,5,1,2.0,0
3177,Footwear,1575.0,31.1,Prepaid_Card,222,2,1,103.3,7,0,4.0,1
3178,Electronics,3063.0,30.2,Prepaid_Card,30,0,0,72.7,4,0,3.0,0
3179,Apparel,1412.0,4.1,Prepaid_UPI,149,2,1,134.3,7,1,1.0,0
3180,Electronics,11027.0,33.6,COD,407,9,5,407.8,5,0,3.0,1
3181,Beauty,1229.0,22.1,Prepaid_Card,766,9,3,333.9,3,1,,0
3182,Apparel,1844.0,30.9,COD,510,4,0,174.4,2,0,,0
3183,Electronics,35870.0,20.1,COD,419,3,1,435.9,7,0,,0
3184,Apparel,1481.0,27.7,Wallet,134,2,1,143.6,7,0,4.0,0
3185,Apparel,2160.0,38.6,Prepaid_UPI,49,0,0,91.0,7,1,,0
3186,Apparel,1235.0,18.9,Wallet,171,2,0,592.6,1,1,3.0,0
3187,Footwear,658.0,26.3,Prepaid_UPI,76,1,0,268.3,4,0,5.0,0
3188,Footwear,3778.0,40.7,Prepaid_Card,431,3,0,314.2,7,0,2.0,0
3189,Apparel,798.0,20.0,Prepaid_UPI,1088,8,1,151.4,1,0,,0
3190,Apparel,717.0,5.1,Prepaid_Card,606,19,0,161.9,6,1,3.0,0
3191,Apparel,526.0,32.1,Prepaid_Card,245,4,0,177.1,3,0,2.0,0
3192,Apparel,990.0,43.5,COD,162,3,1,331.7,2,0,,0
3193,Home,2811.0,41.3,Prepaid_Card,324,4,1,26.8,3,0,1.0,0
3194,Home,2631.0,32.7,COD,112,1,0,120.6,8,1,,0
3195,Home,4868.0,0.0,Prepaid_Card,1074,9,2,135.7,6,1,5.0,0
3196,Electronics,34118.0,12.5,COD,1299,13,2,356.2,4,1,,1
3197,Home,7521.0,13.2,Prepaid_Card,383,4,0,831.7,9,1,2.0,0
3198,Apparel,569.0,22.7,COD,419,4,2,209.4,1,0,5.0,0
3199,Apparel,671.0,47.3,COD,755,15,3,117.7,3,0,2.0,1
3200,Beauty,1536.0,5.8,Prepaid_Card,327,8,1,112.1,8,1,5.0,0
3201,Footwear,893.0,55.6,COD,78,2,2,249.4,4,1,4.0,1
3202,Beauty,1021.0,16.3,Wallet,610,4,1,478.8,4,1,5.0,0
3203,Beauty,1618.0,10.5,Prepaid_Card,152,8,1,384.9,4,1,3.0,1
3204,Home,6310.0,34.7,COD,284,5,0,288.4,3,0,5.0,1
3205,Beauty,661.0,35.9,COD,447,9,0,108.1,7,0,5.0,0
3206,Electronics,30458.0,31.7,Prepaid_UPI,23,0,0,250.9,3,0,1.0,1
3207,Apparel,1563.0,10.5,Prepaid_Card,675,4,0,85.9,10,1,2.0,0
3208,Apparel,1947.0,29.5,COD,1516,10,1,519.8,1,0,3.0,0
3209,Apparel,965.0,6.5,COD,88,4,0,151.8,8,0,,1
3210,Apparel,1750.0,10.0,Prepaid_UPI,475,5,1,185.5,6,1,1.0,0
3211,Electronics,34138.0,20.6,Wallet,915,106,16,441.1,3,1,5.0,0
3212,Home,2142.0,9.7,COD,61,0,0,180.7,5,1,4.0,0
3213,Footwear,2985.0,37.8,COD,14,0,0,534.4,6,1,2.0,1
3214,Home,5499.0,13.3,COD,74,2,0,14.0,6,0,5.0,0
3215,Apparel,894.0,18.7,COD,776,9,1,140.4,1,0,5.0,1
3216,Footwear,2307.0,8.8,Prepaid_UPI,783,10,0,338.2,5,1,3.0,0
3217,Electronics,20287.0,37.6,Wallet,1362,8,1,370.8,1,0,1.0,0
3218,Apparel,1792.0,12.0,Wallet,169,21,7,146.5,7,1,1.0,0
3219,Apparel,401.0,39.1,Prepaid_UPI,257,2,0,100.8,7,1,5.0,0
3220,Electronics,23145.0,38.0,COD,230,5,0,292.7,1,1,3.0,0
3221,Apparel,732.0,15.3,Wallet,123,4,0,214.8,1,1,3.0,1
3222,Footwear,3087.0,22.4,COD,1034,8,4,38.4,4,1,1.0,1
3223,Footwear,3221.0,14.9,COD,651,7,0,104.8,4,0,1.0,0
3224,Home,4159.0,30.2,Prepaid_UPI,506,3,0,340.7,5,0,1.0,1
3225,Apparel,1376.0,19.1,COD,266,3,0,283.2,5,1,4.0,0
3226,Footwear,1760.0,15.7,Prepaid_UPI,200,2,0,160.8,4,0,1.0,0
3227,Home,2713.0,22.7,Wallet,84,2,0,94.4,5,1,5.0,0
3228,Apparel,1741.0,0.0,Prepaid_UPI,235,1,0,318.9,3,1,1.0,0
3229,Home,1314.0,20.9,Prepaid_UPI,1917,16,2,412.7,2,0,1.0,0
3230,Electronics,34992.0,31.7,COD,113,1,0,292.3,6,0,5.0,1
3231,Electronics,29890.0,24.1,COD,52,0,0,121.2,6,0,,0
3232,Apparel,1992.0,36.3,Prepaid_UPI,30,1,0,160.7,4,1,1.0,0
3233,Electronics,12594.0,16.3,Prepaid_Card,167,1,1,632.4,2,1,1.0,1
3234,Apparel,1311.0,15.1,Wallet,1735,19,6,238.7,8,1,,0
3235,Apparel,470.0,5.2,COD,83,1,0,683.3,8,1,2.0,1
3236,Apparel,2043.0,15.9,COD,16,0,0,163.4,7,0,,0
3237,Beauty,1737.0,51.5,COD,573,7,1,210.3,6,0,,0
3238,Apparel,1521.0,26.1,Prepaid_UPI,81,1,0,91.6,2,1,3.0,1
3239,Electronics,33292.0,13.2,Prepaid_UPI,466,4,0,110.7,7,0,1.0,0
3240,Electronics,13654.0,6.9,Wallet,163,61,11,92.8,6,1,2.0,0
3241,Footwear,2915.0,0.0,COD,94,1,0,118.7,2,1,5.0,0
3242,Home,6467.0,9.5,Prepaid_Card,467,5,0,317.9,6,1,2.0,0
3243,Beauty,362.0,33.4,COD,98,1,0,619.9,3,1,,0
3244,Apparel,2126.0,15.6,COD,165,1,0,239.2,6,1,5.0,0
3245,Apparel,2005.0,7.6,COD,896,28,3,61.4,7,1,,0
3246,Home,7715.0,9.3,Prepaid_Card,707,120,14,204.7,6,1,4.0,0
3247,Electronics,36606.0,31.7,Prepaid_Card,9,0,0,186.1,3,1,1.0,0
3248,Footwear,1677.0,20.8,COD,13,0,0,353.8,6,1,2.0,1
3249,Footwear,2826.0,12.6,Prepaid_Card,79,1,0,103.3,6,1,4.0,0
3250,Electronics,6463.0,17.4,Prepaid_UPI,1029,8,2,207.1,3,1,2.0,0
3251,Beauty,1922.0,55.1,COD,549,4,1,459.4,4,1,4.0,0
3252,Home,1483.0,40.3,COD,128,1,0,640.3,9,1,2.0,0
3253,Apparel,1960.0,44.0,Prepaid_UPI,217,2,1,255.7,8,0,2.0,1
3254,Electronics,11736.0,0.0,Prepaid_UPI,485,3,1,302.2,3,1,2.0,0
3255,Apparel,689.0,19.7,Prepaid_UPI,464,28,9,309.8,1,1,1.0,0
3256,Footwear,784.0,12.3,COD,52,1,0,158.6,8,1,1.0,1
3257,Apparel,1680.0,30.2,Prepaid_Card,259,5,1,350.0,9,0,4.0,0
3258,Apparel,735.0,37.9,Wallet,206,9,1,146.6,8,0,2.0,0
3259,Home,1822.0,26.9,COD,390,4,0,235.4,4,1,5.0,1
3260,Apparel,705.0,8.9,Prepaid_Card,175,4,0,57.3,6,0,5.0,0
3261,Apparel,950.0,12.1,Wallet,257,3,1,101.0,2,0,4.0,0
3262,Home,7547.0,31.3,COD,947,36,7,179.4,7,0,4.0,0
3263,Apparel,1276.0,32.8,Prepaid_UPI,236,3,0,202.9,3,0,4.0,0
3264,Electronics,12626.0,24.1,Prepaid_UPI,600,16,3,155.2,3,0,1.0,1
3265,Electronics,8663.0,23.9,COD,522,3,1,208.3,4,1,2.0,1
3266,Apparel,434.0,22.8,Prepaid_UPI,20,0,0,74.8,3,0,5.0,0
3267,Apparel,1057.0,26.0,Prepaid_Card,593,4,1,59.0,6,0,5.0,0
3268,Footwear,940.0,32.7,Prepaid_UPI,551,6,0,367.7,3,1,,0
3269,Beauty,213.0,31.5,Wallet,451,47,1,372.1,10,0,3.0,1
3270,Apparel,585.0,22.4,Prepaid_UPI,956,8,2,140.4,6,0,4.0,0
3271,Beauty,899.0,21.3,COD,795,76,3,232.7,4,1,3.0,1
3272,Home,6082.0,20.7,Prepaid_UPI,602,8,1,160.5,2,0,2.0,0
3273,Home,816.0,10.3,Wallet,636,6,0,177.7,4,0,5.0,0
3274,Home,5526.0,10.1,Prepaid_Card,40,0,0,218.6,4,0,4.0,0
3275,Home,5078.0,30.2,Prepaid_Card,1457,9,0,187.4,4,0,5.0,0
3276,Footwear,4028.0,11.3,COD,254,7,1,394.8,3,1,4.0,1
3277,Electronics,9259.0,34.2,Prepaid_UPI,1605,13,1,300.0,3,0,1.0,0
3278,Electronics,35989.0,21.2,COD,2041,24,5,181.1,6,0,4.0,0
3279,Electronics,39081.0,34.3,COD,18,0,0,258.5,8,0,2.0,0
3280,Apparel,2158.0,31.6,Wallet,29,0,0,350.9,3,0,5.0,0
3281,Home,6526.0,34.6,Wallet,441,5,1,144.9,4,0,5.0,0
3282,Apparel,623.0,14.9,Wallet,487,9,1,432.9,1,1,5.0,0
3283,Apparel,2105.0,28.1,Prepaid_Card,758,5,1,166.9,3,0,3.0,1
3284,Apparel,1867.0,33.1,COD,827,9,0,579.4,9,0,3.0,1
3285,Apparel,782.0,0.0,Prepaid_Card,437,3,0,262.0,7,1,2.0,0
3286,Home,1572.0,47.5,COD,136,1,0,19.9,6,1,4.0,0
3287,Home,7510.0,56.0,Prepaid_UPI,21,0,0,80.4,2,0,4.0,0
3288,Electronics,8020.0,36.2,Prepaid_Card,86,17,2,121.7,3,0,2.0,0
3289,Apparel,1799.0,34.1,COD,604,5,0,107.1,3,1,5.0,0
3290,Electronics,18950.0,30.8,COD,973,15,1,296.4,7,0,4.0,0
3291,Electronics,32903.0,17.1,COD,278,2,1,138.3,7,1,,1
3292,Footwear,867.0,20.3,Prepaid_UPI,131,1,0,261.6,5,0,2.0,0
3293,Home,5883.0,36.5,Prepaid_UPI,14,0,0,284.9,6,0,1.0,0
3294,Electronics,23622.0,7.4,COD,203,2,1,206.8,3,1,3.0,0
3295,Electronics,40637.0,6.1,COD,661,22,5,477.5,5,1,3.0,1
3296,Beauty,593.0,16.0,COD,16,0,0,272.0,7,1,5.0,0
3297,Footwear,937.0,31.8,COD,402,4,0,62.2,8,0,1.0,0
3298,Electronics,9794.0,9.0,Wallet,53,1,0,273.5,2,1,3.0,1
3299,Electronics,4642.0,18.6,Prepaid_Card,213,10,3,203.2,8,1,1.0,1
3300,Apparel,2164.0,20.4,COD,138,1,0,797.9,10,0,4.0,0
3301,Beauty,439.0,6.8,Prepaid_UPI,78,1,0,44.1,1,1,3.0,0
3302,Apparel,762.0,0.0,COD,162,9,3,422.7,1,0,2.0,0
3303,Apparel,1857.0,6.6,COD,292,27,7,315.0,8,1,,0
3304,Beauty,730.0,25.9,Prepaid_Card,31,0,0,183.4,4,1,5.0,0
3305,Home,2012.0,29.3,COD,85,1,0,147.4,4,0,1.0,0
3306,Apparel,1610.0,29.4,Prepaid_Card,107,1,0,402.2,7,1,,0
3307,Apparel,1118.0,31.1,Prepaid_UPI,14,0,0,262.2,3,0,4.0,0
3308,Apparel,1904.0,12.6,Wallet,116,7,0,31.4,5,0,2.0,0
3309,Home,5215.0,9.4,COD,136,1,0,542.8,2,0,3.0,1
3310,Apparel,919.0,27.6,Prepaid_Card,152,6,1,224.9,7,1,1.0,0
3311,Beauty,1555.0,18.8,COD,1,0,0,460.8,7,0,3.0,0
3312,Beauty,2186.0,35.6,Prepaid_Card,309,4,0,230.8,5,1,1.0,0
3313,Home,3107.0,27.7,COD,348,2,1,169.4,5,0,,0
3314,Home,5971.0,41.3,Prepaid_Card,375,3,0,247.3,5,0,1.0,0
3315,Apparel,1148.0,15.0,COD,142,70,9,615.4,4,0,1.0,0
3316,Apparel,1378.0,38.0,Wallet,313,5,1,192.3,5,0,,0
3317,Footwear,3435.0,52.5,Prepaid_UPI,279,8,1,128.3,7,1,3.0,0
3318,Apparel,509.0,22.8,COD,61,1,1,240.8,1,1,1.0,1
3319,Apparel,1219.0,29.5,Prepaid_UPI,162,2,2,481.4,9,1,3.0,1
3320,Apparel,571.0,8.0,COD,250,3,2,169.0,5,1,4.0,1
3321,Apparel,1705.0,35.4,Prepaid_UPI,190,1,0,930.7,10,1,3.0,0
3322,Electronics,27822.0,38.9,COD,226,13,4,56.2,5,0,1.0,1
3323,Home,2817.0,14.6,COD,221,3,1,287.5,5,1,1.0,0
3324,Footwear,805.0,30.8,Prepaid_UPI,168,1,0,223.5,6,1,,0
3325,Home,7429.0,26.2,Prepaid_Card,546,7,0,147.4,2,1,5.0,0
3326,Footwear,1760.0,27.9,Prepaid_Card,381,4,0,560.2,2,1,3.0,0
3327,Electronics,13262.0,34.2,Prepaid_Card,26,0,0,274.2,4,1,4.0,1
3328,Footwear,904.0,29.8,COD,180,1,1,507.0,5,1,,1
3329,Electronics,26488.0,19.9,COD,238,3,0,129.4,7,1,,0
3330,Apparel,878.0,34.5,Prepaid_Card,1252,7,3,221.2,5,1,3.0,0
3331,Beauty,2131.0,38.7,Prepaid_Card,296,35,3,98.2,8,1,1.0,1
3332,Apparel,1629.0,13.7,COD,238,20,3,492.2,1,0,3.0,0
3333,Apparel,407.0,22.0,COD,714,9,0,145.1,9,0,,0
3334,Apparel,1418.0,0.0,Prepaid_Card,276,9,2,111.9,4,0,,0
3335,Electronics,11354.0,30.8,Prepaid_Card,716,18,2,428.8,6,1,5.0,0
3336,Electronics,1873.0,40.3,Prepaid_UPI,358,12,2,513.1,7,0,3.0,0
3337,Electronics,28328.0,18.1,Prepaid_Card,226,2,0,214.2,2,0,4.0,0
3338,Footwear,1320.0,24.0,Prepaid_Card,1420,18,0,449.4,8,0,4.0,0
3339,Apparel,2019.0,18.7,Prepaid_Card,425,3,0,276.0,6,1,5.0,0
3340,Electronics,26314.0,16.2,COD,415,9,0,297.2,9,0,4.0,0
3341,Electronics,10362.0,25.5,COD,26,0,0,110.2,5,1,,0
3342,Footwear,4417.0,10.2,COD,33,1,0,128.8,5,0,5.0,0
3343,Apparel,1384.0,18.5,Prepaid_UPI,1680,367,35,374.2,3,1,5.0,0
3344,Apparel,698.0,8.4,COD,204,2,0,184.2,3,0,4.0,0
3345,Electronics,23855.0,30.8,Prepaid_Card,51,2,1,61.1,5,1,1.0,0
3346,Home,7687.0,25.6,Prepaid_Card,76,1,1,287.2,6,1,3.0,0
3347,Footwear,2197.0,15.5,COD,34,0,0,221.3,6,0,5.0,0
3348,Home,3575.0,22.6,Prepaid_UPI,942,8,1,159.3,2,1,2.0,0
3349,Footwear,2345.0,18.7,Prepaid_UPI,211,2,0,71.4,4,1,5.0,0
3350,Electronics,13469.0,39.2,COD,52,0,0,206.4,5,1,3.0,1
3351,Apparel,691.0,15.4,Prepaid_UPI,114,7,0,213.6,1,1,3.0,1
3352,Apparel,1442.0,31.5,Prepaid_Card,170,1,0,232.9,7,0,5.0,1
3353,Apparel,2010.0,11.4,COD,471,34,3,33.4,4,0,2.0,1
3354,Electronics,33425.0,34.2,Prepaid_UPI,387,4,0,340.1,5,0,5.0,0
3355,Electronics,5413.0,37.6,Prepaid_UPI,761,5,1,276.2,8,1,5.0,0
3356,Electronics,18757.0,38.3,COD,50,1,0,77.1,2,1,,0
3357,Home,341.0,44.1,Wallet,630,4,0,324.1,3,0,1.0,0
3358,Electronics,14688.0,26.4,Prepaid_Card,278,3,0,306.5,1,1,1.0,0
3359,Home,5454.0,40.6,Prepaid_Card,136,1,0,274.8,5,0,2.0,1
3360,Home,2535.0,46.4,COD,97,9,3,162.9,7,1,,1
3361,Apparel,1913.0,5.2,COD,16,0,0,384.5,1,0,2.0,0
3362,Electronics,22109.0,13.0,Prepaid_Card,210,6,2,536.4,2,1,5.0,1
3363,Home,5453.0,0.0,Prepaid_Card,100,19,0,210.0,5,0,4.0,0
3364,Home,7106.0,37.9,Prepaid_Card,204,2,0,99.6,4,0,5.0,0
3365,Apparel,1629.0,0.0,Prepaid_UPI,13,0,0,126.0,4,1,,0
3366,Electronics,40503.0,0.0,COD,369,3,0,113.1,5,0,,0
3367,Home,6522.0,5.5,Prepaid_UPI,91,1,0,269.1,9,0,2.0,0
3368,Home,4666.0,0.0,Prepaid_UPI,73,1,0,280.2,5,0,3.0,0
3369,Apparel,935.0,26.1,Prepaid_UPI,211,2,0,34.3,5,0,3.0,0
3370,Electronics,14259.0,5.7,Prepaid_UPI,1383,22,9,145.8,6,0,1.0,1
3371,Footwear,4001.0,0.0,Prepaid_UPI,38,0,0,274.8,1,1,1.0,0
3372,Apparel,497.0,21.4,COD,273,2,0,262.3,5,0,3.0,0
3373,Footwear,4266.0,22.3,Prepaid_UPI,101,3,0,153.1,1,1,3.0,1
3374,Apparel,989.0,0.0,Wallet,6,0,0,234.0,5,0,4.0,0
3375,Electronics,33563.0,11.3,Prepaid_Card,203,6,0,895.2,7,1,1.0,0
3376,Electronics,15655.0,20.9,COD,160,1,0,235.4,4,1,,0
3377,Apparel,2116.0,16.6,Wallet,184,4,0,113.4,7,1,5.0,0
3378,Beauty,236.0,17.1,COD,2322,21,5,187.1,1,0,,0
3379,Electronics,16675.0,39.7,COD,123,1,0,424.7,5,0,2.0,1
3380,Beauty,2189.0,54.2,COD,57,0,0,175.7,5,1,2.0,0
3381,Apparel,893.0,17.3,Prepaid_Card,253,3,0,212.7,1,1,1.0,0
3382,Footwear,1602.0,2.2,COD,25,0,0,496.2,6,0,,0
3383,Beauty,2262.0,18.5,Prepaid_Card,1017,8,3,114.5,1,0,5.0,0
3384,Home,6695.0,24.9,Wallet,796,227,19,256.7,5,1,4.0,0
3385,Apparel,590.0,21.2,Prepaid_Card,221,3,0,186.8,6,1,4.0,0
3386,Home,4767.0,31.2,Prepaid_Card,309,4,2,289.5,4,0,5.0,0
3387,Home,2020.0,55.2,Prepaid_UPI,172,7,0,182.7,5,0,4.0,0
3388,Beauty,656.0,0.0,Prepaid_UPI,247,3,1,88.3,10,0,2.0,0
3389,Electronics,28155.0,14.4,COD,338,15,1,105.1,3,1,1.0,0
3390,Apparel,623.0,45.1,COD,611,4,0,471.6,2,1,1.0,1
3391,Apparel,1246.0,14.2,Prepaid_Card,234,4,0,248.3,9,1,3.0,0
3392,Home,2270.0,33.8,Prepaid_UPI,83,2,0,202.8,5,1,5.0,0
3393,Beauty,2157.0,31.5,Prepaid_Card,39,0,0,546.8,7,0,2.0,0
3394,Apparel,1398.0,40.6,COD,120,1,0,295.3,1,0,3.0,0
3395,Footwear,1360.0,50.7,Prepaid_UPI,980,6,2,173.5,1,1,5.0,0
3396,Beauty,2327.0,27.0,Prepaid_UPI,516,3,0,275.1,3,1,3.0,0
3397,Apparel,1881.0,0.0,Prepaid_Card,1267,8,1,467.7,4,0,5.0,0
3398,Apparel,878.0,11.5,Prepaid_UPI,497,8,1,373.9,3,1,4.0,0
3399,Home,7700.0,54.8,Prepaid_UPI,1260,14,0,178.2,3,1,3.0,0
3400,Home,2362.0,0.8,Prepaid_UPI,385,6,0,258.0,1,1,4.0,0
3401,Apparel,927.0,29.5,Prepaid_UPI,314,2,0,209.4,5,0,4.0,0
3402,Footwear,2044.0,0.0,Prepaid_UPI,2500,135,9,786.2,4,1,5.0,0
3403,Electronics,8418.0,1.7,Prepaid_Card,384,4,0,765.4,1,0,4.0,0
3404,Beauty,1764.0,35.3,Prepaid_Card,649,14,1,369.3,4,1,1.0,1
3405,Footwear,2729.0,22.5,Prepaid_UPI,48,0,0,132.2,4,1,2.0,1
3406,Footwear,4078.0,16.4,Prepaid_Card,284,5,1,384.1,7,0,1.0,1
3407,Electronics,11750.0,9.8,Prepaid_Card,104,1,0,70.3,3,1,2.0,0
3408,Apparel,706.0,0.0,COD,150,1,0,65.1,7,1,2.0,1
3409,Electronics,16908.0,32.4,Prepaid_UPI,222,7,1,262.3,6,0,1.0,0
3410,Apparel,663.0,17.8,Prepaid_Card,221,2,0,257.6,3,1,3.0,0
3411,Home,7585.0,0.0,COD,563,9,1,265.6,6,1,5.0,0
3412,Apparel,1691.0,22.5,COD,745,10,3,333.6,7,1,4.0,1
3413,Electronics,36073.0,30.7,COD,179,4,0,194.0,7,1,5.0,1
3414,Apparel,1746.0,19.0,Wallet,88,1,0,394.2,5,1,4.0,0
3415,Apparel,837.0,23.7,Prepaid_UPI,799,13,4,180.5,4,1,5.0,1
3416,Apparel,653.0,22.6,Prepaid_Card,294,2,0,267.6,2,1,3.0,0
3417,Home,3607.0,11.4,COD,1563,11,0,142.8,7,1,3.0,0
3418,Footwear,3816.0,22.8,Prepaid_UPI,742,10,0,208.8,1,0,4.0,0
3419,Apparel,995.0,33.0,Prepaid_Card,183,64,3,175.1,4,1,3.0,0
3420,Footwear,538.0,37.5,Wallet,962,70,6,210.8,7,1,3.0,0
3421,Footwear,3140.0,33.9,COD,776,15,2,341.4,2,1,5.0,0
3422,Electronics,9963.0,11.9,COD,92,1,0,386.4,5,1,2.0,0
3423,Home,4480.0,31.5,Prepaid_Card,28,0,0,414.7,1,1,1.0,0
3424,Electronics,1852.0,29.0,COD,256,2,0,180.5,4,0,4.0,0
3425,Apparel,1316.0,11.4,Prepaid_Card,714,4,1,288.7,2,0,4.0,0
3426,Electronics,18440.0,15.0,Prepaid_UPI,226,4,0,143.0,3,1,3.0,1
3427,Apparel,1985.0,32.2,COD,218,2,1,330.2,6,0,1.0,0
3428,Footwear,3387.0,42.7,Prepaid_Card,92,1,0,84.5,6,1,3.0,0
3429,Beauty,235.0,0.0,Prepaid_UPI,11,0,0,600.5,3,0,3.0,1
3430,Footwear,3658.0,46.6,Prepaid_UPI,132,6,1,152.5,5,1,5.0,0
3431,Home,6392.0,39.5,Prepaid_Card,1423,10,1,301.5,4,1,2.0,0
3432,Home,5408.0,25.0,COD,95,1,0,876.5,4,1,1.0,0
3433,Beauty,2334.0,18.4,Prepaid_Card,129,1,0,191.4,2,0,4.0,0
3434,Apparel,1846.0,27.9,Prepaid_Card,558,4,1,305.2,3,1,2.0,0
3435,Apparel,794.0,12.4,Prepaid_UPI,341,2,1,90.3,1,0,2.0,0
3436,Home,3238.0,19.3,Prepaid_Card,117,1,0,288.5,9,1,4.0,0
3437,Electronics,16527.0,0.0,COD,551,12,3,113.7,7,0,2.0,1
3438,Electronics,23315.0,0.0,Prepaid_UPI,448,3,0,225.3,10,0,,0
3439,Apparel,2117.0,57.0,Prepaid_Card,108,4,0,76.5,7,0,1.0,0
3440,Home,5040.0,22.9,COD,652,4,0,282.7,5,0,1.0,0
3441,Apparel,963.0,25.1,Prepaid_Card,159,2,0,204.0,1,0,1.0,0
3442,Apparel,2095.0,21.5,Wallet,564,5,0,197.9,7,1,5.0,0
3443,Apparel,1660.0,9.6,Prepaid_UPI,68,0,0,68.1,7,1,2.0,0
3444,Electronics,12854.0,17.4,COD,183,1,0,260.8,2,1,5.0,1
3445,Footwear,4126.0,23.4,Prepaid_UPI,1395,45,7,199.8,6,1,2.0,0
3446,Electronics,16277.0,19.1,COD,611,6,0,149.9,5,1,3.0,1
3447,Home,4275.0,10.7,Prepaid_Card,128,3,0,125.3,4,0,1.0,0
3448,Footwear,2417.0,29.2,Prepaid_Card,123,6,2,320.8,6,0,1.0,0
3449,Electronics,41655.0,24.8,COD,562,6,0,272.2,6,0,2.0,1
3450,Footwear,1563.0,27.9,COD,270,2,0,238.2,2,1,,0
3451,Home,2866.0,32.6,Wallet,8,0,0,694.3,7,1,5.0,0
3452,Home,5383.0,19.4,COD,124,1,0,407.8,1,0,4.0,0
3453,Apparel,1996.0,19.5,Prepaid_UPI,124,1,0,325.0,6,1,2.0,0
3454,Apparel,607.0,44.2,Prepaid_UPI,110,2,0,240.0,5,1,2.0,0
3455,Beauty,643.0,7.8,Prepaid_Card,971,23,0,308.7,3,0,2.0,0
3456,Footwear,4292.0,0.0,COD,621,5,0,553.6,7,1,4.0,0
3457,Beauty,1977.0,30.3,COD,29,0,0,83.2,1,0,5.0,0
3458,Beauty,963.0,12.6,COD,383,3,0,274.9,5,1,1.0,0
3459,Apparel,1044.0,5.8,Prepaid_Card,927,45,11,302.4,5,1,1.0,0
3460,Footwear,2378.0,35.3,Wallet,134,2,0,115.8,8,1,3.0,0
3461,Electronics,30712.0,19.8,Prepaid_UPI,365,37,12,245.7,6,0,5.0,0
3462,Footwear,2744.0,3.0,COD,2021,14,4,347.7,1,0,,0
3463,Apparel,1797.0,51.0,COD,738,13,3,327.7,3,1,2.0,1
3464,Apparel,498.0,0.0,COD,31,0,0,234.6,8,1,5.0,0
3465,Footwear,3776.0,20.7,Wallet,137,1,0,270.1,4,1,3.0,1
3466,Footwear,732.0,0.0,COD,1282,611,124,248.5,2,1,2.0,1
3467,Home,7083.0,26.1,COD,669,10,0,93.9,4,0,5.0,0
3468,Apparel,478.0,12.4,Prepaid_Card,40,0,0,185.0,8,1,1.0,0
3469,Apparel,630.0,34.3,Prepaid_Card,90,2,0,1049.5,3,1,1.0,0
3470,Beauty,573.0,21.7,COD,439,4,0,246.9,2,0,,0
3471,Electronics,10970.0,42.3,Prepaid_UPI,126,1,0,173.9,4,0,5.0,0
3472,Electronics,18797.0,15.6,COD,905,39,11,343.9,3,0,1.0,0
3473,Home,5347.0,0.0,COD,194,4,0,80.3,6,1,4.0,1
3474,Electronics,40296.0,25.6,COD,1026,8,2,183.4,4,1,1.0,1
3475,Home,4339.0,18.2,COD,72,1,0,198.5,5,1,4.0,0
3476,Electronics,24523.0,0.0,Wallet,748,4,0,345.0,8,1,3.0,0
3477,Footwear,1777.0,6.2,Prepaid_Card,377,46,9,247.8,2,1,2.0,1
3478,Beauty,2032.0,10.9,Prepaid_UPI,205,1,0,255.0,7,0,,0
3479,Beauty,410.0,45.3,COD,143,2,1,237.1,6,0,4.0,1
3480,Home,2618.0,32.6,Prepaid_UPI,873,21,5,131.9,2,0,,0
3481,Electronics,5448.0,16.8,Wallet,944,10,1,257.0,8,1,3.0,0
3482,Home,1949.0,29.1,COD,418,6,1,268.8,2,1,,0
3483,Footwear,2846.0,0.0,Wallet,468,14,3,198.1,1,1,3.0,0
3484,Home,1270.0,13.5,Prepaid_Card,765,19,8,306.4,3,1,5.0,0
3485,Home,1075.0,28.0,Prepaid_UPI,312,6,0,150.7,3,1,2.0,0
3486,Footwear,3804.0,24.5,COD,157,2,0,192.8,4,0,,1
3487,Home,1211.0,13.9,Prepaid_Card,245,15,3,461.9,2,0,1.0,1
3488,Footwear,2932.0,21.4,Prepaid_Card,63,4,0,157.3,6,0,4.0,0
3489,Apparel,1034.0,27.1,Wallet,1033,17,2,182.7,4,1,5.0,1
3490,Electronics,40461.0,21.9,Wallet,514,4,0,276.2,5,1,1.0,0
3491,Home,5748.0,34.9,COD,212,1,0,507.8,6,1,2.0,1
3492,Apparel,507.0,26.8,Wallet,391,95,13,371.0,8,0,3.0,0
3493,Footwear,4082.0,29.7,Prepaid_UPI,79,0,0,268.2,4,1,4.0,0
3494,Home,3487.0,47.7,Prepaid_Card,33,0,0,232.5,3,1,5.0,0
3495,Apparel,937.0,34.4,COD,303,2,1,65.9,6,1,,0
3496,Footwear,3191.0,48.1,COD,283,3,1,259.2,7,1,4.0,0
3497,Home,5828.0,11.9,COD,35,0,0,142.3,5,0,2.0,0
3498,Footwear,1713.0,0.0,COD,55,0,0,134.8,5,0,,0
3499,Electronics,16603.0,19.9,Wallet,105,1,0,109.5,4,1,2.0,0
3500,Footwear,1125.0,18.6,COD,676,4,0,373.0,3,0,3.0,0
3501,Electronics,27193.0,43.9,Prepaid_UPI,75,0,0,170.1,4,1,5.0,0
3502,Home,7668.0,5.0,Prepaid_Card,258,3,0,102.2,4,1,2.0,0
3503,Apparel,1150.0,20.8,Prepaid_Card,563,5,1,209.8,6,1,5.0,0
3504,Home,7971.0,28.1,COD,553,7,2,480.5,6,0,5.0,0
3505,Home,1658.0,23.5,Prepaid_Card,172,1,1,122.9,2,0,4.0,0
3506,Home,6430.0,19.4,Prepaid_Card,177,1,1,516.2,5,1,5.0,1
3507,Electronics,41851.0,27.4,Prepaid_Card,39,0,0,287.8,3,0,5.0,0
3508,Footwear,3252.0,38.2,COD,2500,191,78,512.3,4,1,4.0,0
3509,Home,1142.0,45.0,Prepaid_UPI,323,2,0,206.0,5,0,5.0,0
3510,Apparel,988.0,22.5,COD,663,11,2,359.0,7,0,5.0,0
3511,Beauty,351.0,9.8,Prepaid_Card,47,1,0,607.0,4,0,2.0,0
3512,Home,4933.0,45.0,Prepaid_Card,1712,43,8,166.0,5,1,4.0,1
3513,Beauty,2496.0,5.8,COD,22,2,0,215.5,2,1,3.0,0
3514,Beauty,1031.0,48.9,Prepaid_UPI,62,1,0,255.7,2,0,5.0,0
3515,Beauty,533.0,42.2,COD,151,16,2,277.3,4,0,1.0,1
3516,Footwear,1575.0,44.3,Wallet,7,0,0,30.1,12,0,3.0,0
3517,Home,4695.0,32.3,Prepaid_UPI,46,16,1,302.9,3,1,3.0,1
3518,Apparel,1424.0,0.0,COD,233,7,2,264.7,5,0,3.0,0
3519,Home,2070.0,6.4,COD,109,1,0,184.4,5,0,5.0,0
3520,Footwear,3503.0,26.6,COD,373,4,0,803.2,5,1,,0
3521,Electronics,5055.0,11.9,Wallet,648,46,10,403.6,3,1,4.0,0
3522,Footwear,2992.0,17.3,Prepaid_Card,34,0,0,521.7,6,1,3.0,0
3523,Apparel,1166.0,31.2,COD,169,2,0,194.9,2,0,3.0,0
3524,Electronics,6770.0,19.5,Prepaid_Card,396,4,0,165.6,5,0,,0
3525,Electronics,28986.0,3.7,COD,386,6,1,313.7,3,1,3.0,1
3526,Electronics,30680.0,35.3,Prepaid_Card,664,6,1,250.8,7,1,3.0,1
3527,Apparel,1192.0,29.7,Prepaid_Card,34,1,0,177.8,1,1,5.0,0
3528,Apparel,1836.0,18.3,COD,572,14,0,179.5,4,0,2.0,0
3529,Footwear,2537.0,32.7,Prepaid_UPI,424,2,0,95.2,2,0,1.0,1
3530,Electronics,13716.0,23.4,COD,638,8,0,410.6,6,1,3.0,1
3531,Apparel,2116.0,42.0,Prepaid_Card,368,13,0,368.5,6,1,5.0,0
3532,Apparel,2099.0,24.3,Prepaid_Card,202,5,1,48.1,1,0,3.0,0
3533,Electronics,5388.0,41.9,Wallet,70,1,0,364.9,2,1,2.0,1
3534,Apparel,2103.0,0.0,Prepaid_Card,822,36,2,631.9,7,1,3.0,0
3535,Home,6271.0,28.9,Wallet,103,2,0,377.6,4,0,5.0,1
3536,Footwear,927.0,16.0,COD,266,4,0,160.9,6,0,1.0,1
3537,Apparel,1335.0,9.1,Prepaid_UPI,221,5,1,275.0,4,0,4.0,0
3538,Home,569.0,39.4,COD,1029,12,0,68.2,5,1,4.0,0
3539,Apparel,1460.0,35.3,Prepaid_UPI,1243,58,15,130.5,7,0,2.0,0
3540,Apparel,2080.0,0.0,COD,52,1,0,364.4,2,0,5.0,0
3541,Footwear,1973.0,32.7,Wallet,73,9,0,126.6,4,1,3.0,0
3542,Home,4216.0,30.9,Wallet,449,3,1,203.7,2,1,1.0,0
3543,Footwear,1410.0,11.2,Prepaid_Card,175,2,0,223.2,5,0,3.0,1
3544,Apparel,1374.0,9.5,Prepaid_Card,65,4,1,357.7,2,0,5.0,0
3545,Electronics,36353.0,0.0,Prepaid_Card,156,4,1,205.8,7,1,5.0,0
3546,Electronics,10628.0,16.9,COD,124,1,1,129.5,3,1,2.0,1
3547,Electronics,25443.0,19.3,Prepaid_UPI,436,3,1,281.3,6,0,2.0,0
3548,Beauty,983.0,34.0,Prepaid_UPI,475,7,1,99.7,3,1,1.0,0
3549,Apparel,1746.0,26.0,Prepaid_Card,846,30,3,487.8,6,1,1.0,0
3550,Footwear,3308.0,6.1,COD,185,2,0,95.7,7,1,,0
3551,Footwear,3295.0,25.6,Wallet,284,6,1,377.3,6,1,3.0,1
3552,Home,3209.0,18.2,COD,497,26,0,316.9,3,1,5.0,0
3553,Electronics,27448.0,8.0,Prepaid_Card,366,6,2,375.0,8,0,,1
3554,Electronics,29718.0,0.0,COD,145,1,0,121.8,6,0,5.0,0
3555,Apparel,1625.0,31.4,COD,670,10,1,154.1,3,1,,0
3556,Footwear,2801.0,28.7,COD,293,32,4,166.2,5,0,1.0,1
3557,Electronics,39166.0,30.4,COD,410,17,0,203.3,8,0,,1
3558,Beauty,735.0,11.1,Prepaid_Card,52,0,0,99.1,3,0,1.0,0
3559,Home,730.0,24.6,Prepaid_Card,761,8,1,226.8,2,1,5.0,0
3560,Electronics,43358.0,1.4,Prepaid_UPI,14,0,0,229.3,4,0,5.0,1
3561,Home,768.0,7.2,Prepaid_UPI,313,3,0,369.5,1,0,2.0,0
3562,Electronics,40749.0,22.5,COD,325,4,0,218.4,5,1,2.0,1
3563,Beauty,1589.0,25.9,COD,293,3,0,64.6,6,1,1.0,0
3564,Apparel,2054.0,0.0,Prepaid_Card,636,4,2,78.6,5,1,2.0,0
3565,Beauty,1478.0,6.1,Prepaid_Card,524,3,1,140.1,3,0,3.0,1
3566,Footwear,3784.0,16.5,Prepaid_Card,292,4,1,199.2,6,1,5.0,1
3567,Footwear,3385.0,36.4,COD,129,1,0,540.7,4,0,1.0,0
3568,Electronics,24200.0,9.8,Prepaid_UPI,50,9,2,416.2,3,0,2.0,0
3569,Footwear,1953.0,24.1,COD,29,5,0,186.7,5,1,2.0,0
3570,Apparel,405.0,25.7,Prepaid_Card,276,5,0,145.8,7,0,3.0,0
3571,Footwear,1504.0,18.3,COD,29,0,0,230.5,3,1,1.0,0
3572,Apparel,2113.0,26.0,Prepaid_Card,765,5,1,230.0,8,1,5.0,0
3573,Apparel,896.0,1.8,COD,219,2,2,216.4,5,0,,1
3574,Electronics,34131.0,12.2,Prepaid_UPI,546,4,1,96.0,5,1,,1
3575,Electronics,23472.0,43.5,COD,1402,182,50,170.6,5,0,3.0,0
3576,Electronics,14713.0,44.6,Prepaid_Card,395,2,0,166.8,3,1,3.0,0
3577,Footwear,4464.0,34.6,COD,184,11,0,270.8,2,1,2.0,0
3578,Apparel,485.0,38.5,Prepaid_UPI,114,1,0,412.9,9,0,3.0,0
3579,Footwear,2828.0,0.0,COD,488,18,3,166.6,2,1,3.0,0
3580,Apparel,1231.0,7.8,COD,524,66,6,260.7,7,0,,1
3581,Footwear,806.0,17.3,Prepaid_UPI,93,1,0,22.9,8,1,3.0,0
3582,Footwear,1356.0,58.2,COD,35,2,0,252.4,3,0,5.0,0
3583,Electronics,31608.0,17.3,COD,449,63,30,39.3,6,1,3.0,0
3584,Footwear,933.0,33.2,Prepaid_UPI,135,1,0,116.0,6,1,3.0,0
3585,Beauty,2032.0,27.7,Prepaid_UPI,242,2,0,148.1,6,1,3.0,0
3586,Footwear,3000.0,27.3,Prepaid_UPI,448,8,1,269.6,3,0,5.0,0
3587,Electronics,5618.0,21.6,COD,474,5,1,230.5,4,0,3.0,0
3588,Electronics,13762.0,4.0,Prepaid_Card,746,7,0,61.7,6,0,5.0,1
3589,Footwear,1049.0,0.0,Prepaid_UPI,1444,47,8,271.7,1,1,2.0,0
3590,Apparel,1836.0,41.2,COD,395,5,0,531.3,1,0,3.0,0
3591,Footwear,2632.0,12.8,Prepaid_UPI,151,1,0,93.2,5,0,5.0,0
3592,Electronics,1324.0,0.0,COD,1754,11,0,165.1,4,0,1.0,0
3593,Footwear,2672.0,28.6,Wallet,70,1,0,198.0,5,0,5.0,0
3594,Apparel,1269.0,28.3,Prepaid_Card,6,0,0,189.8,3,1,5.0,0
3595,Apparel,1558.0,33.5,Prepaid_Card,393,4,0,361.7,6,0,3.0,0
3596,Beauty,232.0,38.7,Prepaid_Card,272,2,0,313.1,6,0,2.0,0
3597,Footwear,642.0,8.2,COD,424,3,0,253.4,5,1,5.0,0
3598,Footwear,1897.0,8.9,COD,340,4,0,203.8,2,0,2.0,0
3599,Beauty,1768.0,17.2,Prepaid_UPI,19,1,0,314.3,7,1,4.0,0
3600,Electronics,30395.0,34.3,Prepaid_Card,198,1,0,56.9,1,1,2.0,0
3601,Apparel,901.0,0.0,Prepaid_Card,825,8,1,572.5,2,0,1.0,0
3602,Apparel,789.0,23.9,COD,127,1,1,371.6,6,1,5.0,1
3603,Electronics,31121.0,36.0,Prepaid_UPI,861,9,2,395.9,2,0,2.0,1
3604,Apparel,449.0,35.4,COD,329,10,4,667.7,3,1,4.0,1
3605,Beauty,1458.0,32.6,COD,165,2,0,365.2,5,0,3.0,0
3606,Apparel,1163.0,37.9,Wallet,224,2,1,105.4,7,0,4.0,1
3607,Apparel,830.0,0.0,Prepaid_Card,120,2,0,242.8,6,1,1.0,0
3608,Apparel,1337.0,46.2,Prepaid_Card,400,14,0,359.3,7,0,1.0,0
3609,Apparel,791.0,27.0,Wallet,168,1,0,239.6,4,0,,0
3610,Apparel,1416.0,42.0,COD,726,9,0,255.7,3,1,2.0,0
3611,Home,1447.0,4.4,Wallet,58,0,0,424.1,2,0,2.0,0
3612,Electronics,18969.0,0.0,Prepaid_UPI,445,43,5,202.1,5,1,2.0,0
3613,Home,4230.0,48.8,Prepaid_Card,231,3,0,477.2,5,0,4.0,1
3614,Footwear,627.0,8.1,COD,216,14,0,154.1,10,0,1.0,0
3615,Home,5003.0,17.3,COD,587,4,0,256.8,6,1,,1
3616,Home,6077.0,29.9,Prepaid_Card,58,1,0,64.1,1,1,4.0,0
3617,Electronics,43076.0,33.6,COD,448,5,1,64.3,7,0,4.0,0
3618,Apparel,766.0,38.2,COD,647,4,1,749.9,3,1,1.0,0
3619,Electronics,10341.0,25.4,Prepaid_Card,343,6,1,239.2,2,0,1.0,0
3620,Beauty,866.0,6.2,Prepaid_UPI,88,1,0,200.7,7,0,5.0,1
3621,Home,7159.0,32.6,COD,382,3,1,271.1,6,1,5.0,1
3622,Apparel,1132.0,32.8,Prepaid_UPI,548,6,0,316.5,7,1,4.0,1
3623,Electronics,14419.0,0.0,Wallet,41,0,0,114.8,3,0,1.0,0
3624,Footwear,3465.0,43.3,Prepaid_UPI,84,0,0,365.2,9,1,,0
3625,Home,593.0,0.0,Prepaid_UPI,420,3,0,176.2,7,1,3.0,0
3626,Home,4526.0,37.5,Prepaid_UPI,390,14,3,720.0,2,1,3.0,0
3627,Footwear,2301.0,12.5,COD,442,11,1,257.9,9,0,4.0,0
3628,Home,5111.0,32.6,COD,15,0,0,41.7,6,1,3.0,0
3629,Home,5929.0,29.7,Wallet,83,8,0,167.8,4,0,4.0,0
3630,Apparel,985.0,21.4,Prepaid_UPI,925,10,1,256.9,3,1,2.0,0
3631,Apparel,1546.0,28.8,Prepaid_UPI,132,1,0,89.5,1,1,4.0,0
3632,Beauty,1382.0,20.7,Wallet,184,1,0,292.4,6,0,4.0,0
3633,Home,1332.0,32.7,COD,381,17,4,319.6,3,0,4.0,0
3634,Electronics,39820.0,54.8,COD,480,4,0,206.6,4,1,,1
3635,Home,6110.0,1.9,Prepaid_Card,665,9,3,40.0,4,0,5.0,0
3636,Apparel,2059.0,0.0,COD,473,3,2,593.2,3,1,2.0,1
3637,Footwear,3382.0,15.8,Prepaid_Card,370,4,0,76.2,6,1,1.0,0
3638,Apparel,841.0,14.7,Prepaid_UPI,183,2,0,176.3,3,1,5.0,1
3639,Footwear,2222.0,16.3,Prepaid_Card,952,268,32,350.8,1,1,5.0,0
3640,Electronics,18145.0,8.1,COD,119,3,0,306.3,5,1,2.0,1
3641,Apparel,464.0,35.1,Prepaid_UPI,1174,16,0,137.5,3,1,4.0,0
3642,Apparel,1139.0,1.3,COD,172,1,0,135.8,1,1,,0
3643,Footwear,1882.0,28.8,Prepaid_UPI,662,7,3,242.1,2,0,2.0,0
3644,Apparel,407.0,31.6,COD,926,6,4,111.0,5,0,,0
3645,Apparel,1925.0,26.7,Prepaid_UPI,91,11,1,239.6,5,1,1.0,0
3646,Footwear,1075.0,29.3,Prepaid_Card,40,1,0,368.6,8,1,1.0,0
3647,Electronics,23142.0,36.2,Prepaid_Card,695,6,2,165.4,7,0,5.0,0
3648,Electronics,35569.0,22.8,Prepaid_Card,297,2,0,211.6,5,0,5.0,0
3649,Apparel,1488.0,16.8,COD,331,4,0,285.5,3,0,2.0,0
3650,Footwear,1177.0,29.3,Prepaid_Card,204,3,0,465.3,3,0,4.0,0
3651,Apparel,1513.0,31.0,Prepaid_UPI,133,9,0,298.5,5,0,3.0,0
3652,Apparel,1764.0,35.3,Prepaid_UPI,88,1,0,157.1,7,0,1.0,1
3653,Apparel,1939.0,0.0,COD,151,1,0,401.6,6,1,2.0,0
3654,Apparel,974.0,19.2,Prepaid_UPI,806,6,1,355.8,3,1,,0
3655,Apparel,461.0,6.0,Prepaid_UPI,192,2,0,394.5,5,1,5.0,1
3656,Apparel,1494.0,30.4,Prepaid_UPI,583,5,0,187.3,4,1,5.0,0
3657,Apparel,806.0,32.9,Prepaid_Card,690,5,1,437.8,1,0,3.0,0
3658,Electronics,35403.0,17.9,COD,49,0,0,167.1,4,1,,1
3659,Footwear,3220.0,11.1,Wallet,568,176,79,135.2,4,1,4.0,0
3660,Apparel,1792.0,31.0,COD,2,0,0,442.3,6,0,4.0,0
3661,Apparel,2142.0,20.0,COD,129,1,0,233.6,2,0,5.0,1
3662,Beauty,1524.0,43.4,Prepaid_UPI,179,1,0,237.3,2,0,5.0,0
3663,Footwear,4117.0,48.6,COD,276,2,1,112.1,7,1,1.0,0
3664,Home,5243.0,37.0,Prepaid_UPI,337,6,1,122.0,2,0,2.0,0
3665,Apparel,727.0,25.5,COD,61,0,0,139.1,3,0,1.0,0
3666,Electronics,36210.0,49.4,Prepaid_UPI,10,0,0,178.1,6,1,5.0,1
3667,Apparel,1649.0,25.6,Wallet,122,3,0,181.5,6,0,1.0,0
3668,Apparel,2160.0,14.8,Wallet,186,2,2,63.8,8,0,5.0,1
3669,Electronics,11862.0,11.9,Wallet,180,2,0,351.6,4,0,,0
3670,Home,2865.0,11.4,Prepaid_UPI,1134,18,2,587.4,4,1,1.0,0
3671,Electronics,37181.0,21.9,COD,357,3,1,112.1,4,0,2.0,1
3672,Home,784.0,28.9,Wallet,33,0,0,222.9,3,1,5.0,0
3673,Apparel,1540.0,0.8,Wallet,176,5,2,385.0,5,1,2.0,0
3674,Electronics,24654.0,15.3,Prepaid_Card,223,4,0,426.1,4,0,5.0,0
3675,Footwear,1175.0,25.2,COD,593,5,0,172.9,2,0,5.0,1
3676,Footwear,1160.0,31.7,COD,319,2,1,6.7,1,1,2.0,0
3677,Electronics,36687.0,21.6,Prepaid_Card,51,0,0,397.0,4,1,2.0,1
3678,Home,419.0,25.7,Prepaid_UPI,776,31,4,96.8,6,0,,0
3679,Apparel,1744.0,3.4,COD,238,2,0,30.8,3,1,3.0,0
3680,Apparel,1719.0,8.3,COD,264,2,0,177.6,2,0,1.0,0
3681,Footwear,3099.0,21.1,Prepaid_Card,973,22,2,615.4,8,1,4.0,0
3682,Apparel,1137.0,29.7,COD,27,0,0,230.1,4,0,,0
3683,Electronics,2440.0,25.5,Wallet,185,2,1,745.1,6,1,2.0,0
3684,Electronics,36318.0,9.3,COD,81,1,0,102.5,7,1,3.0,1
3685,Apparel,626.0,18.5,COD,21,3,0,157.0,8,1,2.0,0
3686,Apparel,905.0,44.7,COD,243,4,1,345.6,4,1,3.0,0
3687,Electronics,42669.0,30.2,Prepaid_UPI,1308,23,4,441.8,1,0,4.0,0
3688,Beauty,859.0,19.6,Prepaid_UPI,285,4,1,303.4,1,0,5.0,0
3689,Home,2265.0,6.6,COD,1104,49,5,171.0,4,0,5.0,1
3690,Electronics,43834.0,11.3,COD,180,2,0,730.8,8,1,4.0,0
3691,Apparel,555.0,22.1,Prepaid_Card,412,4,0,213.9,5,0,2.0,0
3692,Home,1537.0,26.1,COD,164,24,3,168.2,7,0,5.0,0
3693,Apparel,1189.0,30.5,Prepaid_UPI,956,17,0,284.4,2,0,3.0,0
3694,Home,6365.0,27.8,COD,567,17,1,363.3,8,0,,1
3695,Footwear,4037.0,16.4,Prepaid_Card,377,2,1,158.4,6,0,2.0,1
3696,Electronics,34297.0,14.3,COD,442,18,2,113.6,5,0,,1
3697,Apparel,2157.0,52.7,Prepaid_Card,45,0,0,390.9,7,1,3.0,0
3698,Apparel,430.0,13.7,Prepaid_Card,126,2,0,27.9,3,0,2.0,0
3699,Apparel,1515.0,2.6,COD,37,1,0,117.1,6,1,3.0,0
3700,Electronics,6296.0,0.0,COD,200,1,0,116.5,3,1,,1
3701,Footwear,4141.0,16.7,COD,243,2,0,156.9,3,0,,0
3702,Apparel,2084.0,36.1,COD,950,8,1,378.5,2,1,,0
3703,Home,2633.0,13.4,Wallet,191,10,0,410.3,3,0,5.0,0
3704,Home,6673.0,44.2,COD,181,4,1,224.0,1,0,3.0,0
3705,Apparel,1534.0,21.9,COD,56,1,0,480.7,10,0,,1
3706,Apparel,581.0,38.6,COD,147,2,0,571.4,2,1,1.0,0
3707,Electronics,27601.0,10.6,Prepaid_UPI,277,2,1,200.0,7,0,3.0,1
3708,Home,7816.0,10.9,Wallet,253,3,0,323.4,1,0,3.0,0
3709,Electronics,14695.0,23.4,Prepaid_UPI,267,4,0,139.7,3,1,3.0,0
3710,Footwear,505.0,29.2,Prepaid_Card,59,4,1,56.4,4,1,4.0,0
3711,Footwear,4407.0,19.3,Prepaid_UPI,121,2,0,223.5,8,0,2.0,0
3712,Footwear,2156.0,26.4,COD,719,64,16,257.1,5,1,5.0,0
3713,Beauty,1163.0,30.8,Prepaid_UPI,144,2,0,309.1,2,1,5.0,0
3714,Footwear,3350.0,0.7,Prepaid_UPI,10,0,0,221.6,4,1,1.0,0
3715,Footwear,2918.0,16.9,COD,818,8,1,75.4,7,1,1.0,0
3716,Footwear,1708.0,14.2,Prepaid_Card,124,3,0,177.3,7,1,1.0,0
3717,Footwear,900.0,14.9,COD,331,6,1,431.2,3,1,2.0,0
3718,Footwear,3809.0,28.1,COD,284,3,0,82.6,1,0,4.0,0
3719,Beauty,1286.0,14.4,Prepaid_UPI,852,157,11,217.9,3,1,,0
3720,Electronics,30654.0,0.0,COD,1740,11,0,165.4,6,1,3.0,0
3721,Home,6926.0,18.5,Prepaid_UPI,210,2,0,187.7,1,1,3.0,0
3722,Electronics,1976.0,6.0,Wallet,521,6,0,398.1,4,1,4.0,0
3723,Footwear,3938.0,29.4,Prepaid_Card,393,3,0,649.8,2,1,3.0,0
3724,Electronics,34129.0,34.1,COD,490,13,0,149.1,3,1,,0
3725,Footwear,4287.0,0.0,Prepaid_Card,144,25,0,94.2,6,1,5.0,0
3726,Footwear,1434.0,10.4,Prepaid_UPI,2104,19,1,121.9,4,1,,0
3727,Beauty,908.0,27.3,COD,86,3,1,117.2,6,0,4.0,0
3728,Apparel,1591.0,0.9,COD,427,102,7,228.1,7,1,,1
3729,Home,7429.0,33.7,Prepaid_Card,112,1,0,394.2,13,1,5.0,1
3730,Footwear,4471.0,37.7,Wallet,137,1,0,178.6,6,0,3.0,1
3731,Beauty,1129.0,19.6,COD,407,18,4,133.3,6,1,,0
3732,Beauty,1417.0,10.4,COD,19,0,0,400.4,3,1,5.0,1
3733,Home,1613.0,0.0,Wallet,1188,85,5,91.6,6,1,4.0,0
3734,Home,5644.0,34.2,COD,749,5,0,232.1,8,1,2.0,0
3735,Apparel,1907.0,52.0,COD,555,7,0,309.1,3,0,4.0,1
3736,Beauty,2027.0,48.9,Prepaid_Card,17,0,0,108.5,3,0,2.0,0
3737,Apparel,1023.0,19.1,COD,266,2,1,233.0,3,1,,0
3738,Footwear,4353.0,5.6,COD,102,5,1,398.5,2,0,,0
3739,Footwear,981.0,34.6,Prepaid_Card,245,1,0,173.4,4,0,4.0,0
3740,Electronics,22836.0,20.1,Prepaid_Card,146,5,1,314.1,2,0,,0
3741,Apparel,1398.0,29.2,Prepaid_Card,751,4,0,71.9,4,1,1.0,0
3742,Apparel,1366.0,26.5,COD,756,41,1,137.4,5,0,,1
3743,Footwear,3532.0,23.4,Prepaid_Card,455,14,1,107.0,5,1,1.0,0
3744,Electronics,27901.0,37.4,Prepaid_Card,168,14,2,197.3,3,1,3.0,0
3745,Apparel,539.0,38.0,Prepaid_UPI,425,6,0,130.8,1,1,3.0,0
3746,Home,1685.0,14.2,Prepaid_UPI,352,3,0,525.9,7,1,5.0,0
3747,Apparel,1358.0,8.2,Prepaid_UPI,121,1,1,276.6,1,0,5.0,1
3748,Footwear,3278.0,0.0,Prepaid_UPI,100,1,0,103.9,5,1,1.0,0
3749,Apparel,1326.0,16.8,Prepaid_UPI,350,4,0,164.5,8,1,5.0,0
3750,Apparel,1040.0,5.6,COD,117,1,1,167.1,5,0,5.0,0
3751,Apparel,492.0,28.3,Wallet,294,5,3,402.3,7,1,4.0,0
3752,Electronics,35622.0,17.0,Prepaid_UPI,1232,10,3,295.4,6,0,4.0,1
3753,Electronics,22977.0,18.6,COD,432,3,1,224.6,1,0,1.0,0
3754,Footwear,2655.0,34.2,COD,243,4,0,301.7,7,0,,0
3755,Electronics,21740.0,28.0,Prepaid_Card,1008,15,4,432.6,3,1,1.0,0
3756,Electronics,12822.0,20.2,Prepaid_Card,631,10,4,715.3,4,0,3.0,1
3757,Apparel,897.0,47.3,Prepaid_UPI,24,1,0,583.1,6,0,5.0,0
3758,Apparel,514.0,33.1,Prepaid_Card,5,0,0,245.7,2,1,1.0,0
3759,Beauty,1813.0,15.8,COD,1333,64,10,185.7,7,0,3.0,0
3760,Apparel,889.0,16.4,COD,230,2,0,276.2,5,1,5.0,0
3761,Beauty,852.0,33.8,Prepaid_UPI,644,24,9,361.2,8,0,5.0,0
3762,Electronics,44715.0,25.0,COD,35,1,0,150.8,7,0,3.0,0
3763,Apparel,1094.0,5.2,Prepaid_UPI,98,7,0,255.7,4,1,1.0,1
3764,Apparel,1319.0,35.4,COD,69,1,0,281.7,4,0,3.0,0
3765,Apparel,1096.0,40.9,Prepaid_Card,242,2,0,534.2,3,0,,0
3766,Footwear,1661.0,39.7,Prepaid_Card,63,0,0,131.1,4,0,2.0,0
3767,Electronics,1456.0,45.1,COD,112,1,0,73.4,3,0,,0
3768,Electronics,38644.0,53.0,Prepaid_Card,603,14,0,69.6,4,1,1.0,1
3769,Home,3943.0,47.9,Prepaid_UPI,1154,9,1,403.8,2,1,1.0,0
3770,Home,5843.0,27.1,COD,231,2,0,475.6,2,0,,0
3771,Beauty,2403.0,18.9,COD,205,2,0,177.8,8,0,2.0,0
3772,Beauty,157.0,0.0,Prepaid_UPI,353,4,0,361.4,2,1,5.0,0
3773,Home,5498.0,22.2,Prepaid_UPI,477,5,1,442.9,1,1,4.0,0
3774,Footwear,975.0,29.8,Prepaid_Card,143,11,2,287.3,3,1,3.0,0
3775,Footwear,2332.0,22.7,Prepaid_UPI,139,3,0,648.9,8,0,5.0,1
3776,Electronics,38289.0,0.0,COD,570,3,0,210.0,2,1,,1
3777,Home,851.0,17.7,COD,232,25,4,352.0,4,1,3.0,1
3778,Apparel,2181.0,31.7,Prepaid_Card,422,8,0,21.4,5,1,1.0,0
3779,Footwear,2823.0,6.6,Prepaid_UPI,484,11,2,562.9,6,0,4.0,0
3780,Beauty,1078.0,24.5,Prepaid_UPI,45,2,2,262.2,4,1,5.0,1
3781,Apparel,435.0,28.5,COD,735,4,0,280.6,5,1,,0
3782,Footwear,2847.0,38.8,Prepaid_Card,1026,42,3,357.9,7,1,5.0,0
3783,Beauty,1313.0,47.7,Prepaid_UPI,180,2,0,424.1,2,1,4.0,0
3784,Apparel,788.0,16.3,COD,416,3,0,227.2,3,1,1.0,0
3785,Electronics,22682.0,24.8,Prepaid_Card,488,181,27,404.5,3,0,1.0,1
3786,Beauty,180.0,25.2,Prepaid_Card,562,26,2,200.8,4,0,4.0,0
3787,Beauty,2499.0,31.7,COD,44,1,0,488.2,7,0,4.0,0
3788,Apparel,998.0,30.1,COD,231,8,1,368.6,7,0,5.0,0
3789,Electronics,22234.0,43.4,COD,832,24,2,119.4,4,1,2.0,1
3790,Home,6343.0,0.0,Wallet,493,5,1,115.9,6,1,,0
3791,Apparel,1683.0,28.3,COD,10,0,0,420.2,9,0,4.0,0
3792,Electronics,40119.0,29.3,COD,5,0,0,57.8,2,0,4.0,1
3793,Apparel,2094.0,18.5,COD,300,2,0,201.9,3,0,4.0,1
3794,Apparel,741.0,0.0,COD,264,6,2,383.8,4,1,,1
3795,Home,3306.0,21.1,COD,67,2,0,161.3,5,1,1.0,0
3796,Home,5588.0,11.3,Prepaid_Card,191,47,2,262.0,6,0,1.0,0
3797,Home,647.0,47.2,COD,152,33,3,156.7,2,0,3.0,0
3798,Footwear,3368.0,27.6,COD,206,3,0,113.2,5,0,,0
3799,Electronics,1414.0,10.1,COD,94,1,0,467.6,6,0,4.0,0
3800,Apparel,2045.0,0.0,COD,319,9,0,131.0,2,0,5.0,1
3801,Apparel,1693.0,30.9,COD,640,11,1,147.4,5,0,3.0,0
3802,Apparel,1418.0,32.4,Prepaid_Card,42,2,1,193.6,3,1,1.0,1
3803,Apparel,1172.0,18.8,Prepaid_UPI,145,1,0,200.0,1,0,4.0,0
3804,Apparel,2178.0,31.1,Prepaid_UPI,978,14,8,213.8,7,1,1.0,1
3805,Apparel,1726.0,16.8,COD,215,2,0,453.0,6,0,3.0,0
3806,Apparel,1853.0,38.0,Prepaid_UPI,147,1,0,271.3,3,0,5.0,0
3807,Home,6655.0,36.9,Prepaid_UPI,707,10,2,171.2,7,1,5.0,0
3808,Home,468.0,0.0,COD,40,0,0,211.9,9,0,5.0,0
3809,Beauty,279.0,1.1,Prepaid_Card,265,81,1,324.2,5,1,3.0,0
3810,Footwear,1293.0,52.5,Prepaid_UPI,853,7,0,43.5,1,1,1.0,1
3811,Home,5345.0,36.0,COD,177,3,1,196.6,4,1,,0
3812,Apparel,1523.0,3.1,COD,130,1,0,509.2,1,1,1.0,0
3813,Home,2804.0,0.0,Prepaid_Card,147,2,0,232.3,4,0,3.0,0
3814,Apparel,2151.0,25.1,COD,143,1,0,250.7,4,0,2.0,0
3815,Electronics,5278.0,4.9,Wallet,114,1,0,209.6,6,0,4.0,1
3816,Electronics,35220.0,17.2,COD,1186,55,9,456.7,3,1,5.0,1
3817,Electronics,22262.0,21.3,COD,118,1,0,543.6,6,1,4.0,1
3818,Apparel,1154.0,20.6,COD,254,15,4,26.7,3,0,,0
3819,Home,497.0,38.9,COD,552,13,4,620.6,4,1,1.0,0
3820,Footwear,3411.0,49.5,Prepaid_UPI,112,3,0,94.5,1,1,1.0,0
3821,Footwear,3586.0,14.8,Prepaid_UPI,542,5,0,388.3,2,1,2.0,0
3822,Home,2756.0,5.0,Wallet,890,8,0,391.7,6,1,5.0,1
3823,Electronics,23843.0,27.8,Prepaid_Card,229,2,1,109.6,7,0,1.0,1
3824,Apparel,1492.0,46.5,Prepaid_Card,425,4,0,200.3,3,0,3.0,0
3825,Footwear,1971.0,16.0,COD,436,3,0,271.6,6,1,,0
3826,Home,5040.0,34.8,COD,268,2,0,637.1,6,1,3.0,0
3827,Apparel,1181.0,9.4,Wallet,91,4,0,263.2,2,1,4.0,0
3828,Electronics,39659.0,22.3,Prepaid_Card,1427,11,1,288.1,5,0,2.0,0
3829,Beauty,1839.0,4.6,Prepaid_Card,117,2,0,436.2,5,0,5.0,0
3830,Home,1151.0,22.2,Prepaid_Card,329,6,0,156.5,5,0,4.0,0
3831,Electronics,36223.0,20.3,Prepaid_UPI,464,3,1,143.8,4,1,1.0,0
3832,Home,2899.0,31.1,COD,213,5,3,354.2,1,0,3.0,0
3833,Electronics,42178.0,48.7,Prepaid_UPI,359,2,0,302.9,5,0,3.0,0
3834,Electronics,27628.0,16.2,Prepaid_UPI,328,2,0,196.5,4,1,1.0,0
3835,Apparel,450.0,0.0,Prepaid_UPI,160,1,0,427.6,4,1,2.0,0
3836,Electronics,33365.0,19.0,COD,131,1,0,552.1,1,0,,1
3837,Home,1307.0,26.5,COD,39,0,0,422.8,7,0,5.0,0
3838,Apparel,1979.0,25.0,Prepaid_Card,629,9,1,188.6,5,0,1.0,1
3839,Footwear,4293.0,19.6,Prepaid_UPI,1441,20,3,252.7,1,1,3.0,0
3840,Apparel,1651.0,44.3,Wallet,416,3,0,159.3,7,0,1.0,0
3841,Home,4403.0,24.0,Prepaid_Card,571,8,1,512.5,5,0,2.0,0
3842,Home,4936.0,20.4,COD,374,4,1,247.0,7,0,,0
3843,Home,3602.0,10.3,COD,244,1,0,77.6,4,0,5.0,1
3844,Home,944.0,0.0,Prepaid_Card,260,4,1,347.3,4,1,5.0,0
3845,Beauty,2333.0,26.9,COD,32,0,0,254.4,7,0,,0
3846,Electronics,15618.0,25.7,Prepaid_Card,431,8,2,230.6,5,0,2.0,0
3847,Footwear,1751.0,6.1,Prepaid_UPI,128,20,2,81.4,4,1,1.0,0
3848,Home,1773.0,21.3,COD,714,7,3,156.1,3,1,5.0,0
3849,Apparel,2186.0,19.8,COD,320,4,2,267.0,1,0,2.0,0
3850,Apparel,2097.0,12.6,COD,115,1,0,384.4,7,1,5.0,0
3851,Electronics,16505.0,10.1,COD,117,43,13,315.9,7,1,4.0,0
3852,Apparel,868.0,28.1,Prepaid_UPI,32,2,0,140.5,6,1,3.0,1
3853,Electronics,36475.0,18.6,COD,381,2,1,175.0,7,1,4.0,1
3854,Electronics,19710.0,13.1,COD,175,2,0,130.2,2,0,1.0,0
3855,Home,7752.0,9.1,COD,17,0,0,208.2,4,1,5.0,0
3856,Apparel,2022.0,20.1,COD,23,1,0,376.1,3,1,5.0,1
3857,Footwear,3538.0,35.9,Prepaid_Card,352,2,0,180.2,1,1,,1
3858,Electronics,5139.0,25.1,Prepaid_Card,228,1,0,203.5,3,0,4.0,1
3859,Home,5706.0,18.4,Prepaid_Card,134,1,0,235.9,5,0,2.0,0
3860,Apparel,2177.0,26.6,Prepaid_Card,72,2,0,93.6,7,1,2.0,0
3861,Electronics,17550.0,42.5,COD,250,1,0,274.1,6,1,,0
3862,Apparel,1987.0,29.4,Prepaid_Card,182,1,0,257.4,3,0,2.0,0
3863,Home,3443.0,25.9,COD,136,1,0,263.0,7,1,4.0,1
3864,Electronics,43744.0,31.6,Wallet,53,0,0,130.0,5,1,5.0,0
3865,Beauty,1686.0,19.6,COD,842,10,2,610.1,1,1,4.0,1
3866,Electronics,5427.0,24.8,Prepaid_Card,1022,26,2,631.8,5,1,4.0,0
3867,Home,3989.0,14.7,COD,222,2,0,201.4,6,1,5.0,0
3868,Apparel,490.0,0.0,Prepaid_UPI,284,2,0,59.7,6,1,2.0,0
3869,Home,3342.0,27.1,COD,256,3,0,26.8,2,0,,0
3870,Electronics,41294.0,27.2,Wallet,357,2,0,118.4,2,0,2.0,0
3871,Electronics,11370.0,17.7,COD,16,0,0,124.1,9,1,2.0,0
3872,Apparel,2111.0,37.5,Prepaid_UPI,865,6,2,213.9,3,0,4.0,0
3873,Apparel,580.0,11.2,Prepaid_Card,443,11,2,155.6,5,1,,0
3874,Apparel,1597.0,0.0,COD,218,1,0,177.2,1,0,5.0,1
3875,Beauty,2419.0,11.5,COD,220,6,1,428.2,7,0,5.0,0
3876,Electronics,29852.0,0.0,COD,112,4,2,167.8,6,1,,1
3877,Apparel,2018.0,27.1,Prepaid_UPI,188,2,1,515.4,8,0,2.0,1
3878,Beauty,2479.0,10.7,Prepaid_UPI,558,30,3,240.9,2,0,1.0,0
3879,Apparel,1555.0,36.8,COD,284,9,0,251.3,7,0,,0
3880,Electronics,35463.0,36.5,COD,82,1,0,388.0,2,1,2.0,0
3881,Home,546.0,8.1,COD,477,8,2,428.6,8,0,4.0,1
3882,Beauty,1154.0,9.9,COD,935,6,1,309.6,1,0,4.0,0
3883,Home,2520.0,30.0,Prepaid_Card,7,0,0,239.9,7,1,5.0,0
3884,Electronics,37299.0,36.7,COD,16,0,0,181.6,5,0,1.0,1
3885,Beauty,1742.0,0.0,COD,743,11,1,64.0,6,1,3.0,0
3886,Apparel,1506.0,26.2,Prepaid_UPI,116,1,0,404.5,6,0,1.0,0
3887,Beauty,2339.0,0.0,Prepaid_UPI,277,4,0,342.2,6,1,3.0,0
3888,Footwear,855.0,13.8,Prepaid_UPI,330,5,0,177.8,10,1,,0
3889,Beauty,2392.0,38.4,COD,205,3,0,168.8,9,1,2.0,0
3890,Apparel,581.0,67.1,Wallet,343,73,8,439.2,6,1,4.0,1
3891,Apparel,1025.0,18.4,Prepaid_Card,146,1,0,27.1,5,1,1.0,0
3892,Home,5153.0,3.3,Prepaid_Card,839,10,0,241.8,8,1,3.0,0
3893,Electronics,16157.0,14.3,COD,47,1,0,216.8,8,0,4.0,0
3894,Electronics,31095.0,23.0,Prepaid_UPI,301,8,0,405.4,5,1,5.0,0
3895,Beauty,1972.0,11.9,Prepaid_Card,463,3,0,339.2,5,0,5.0,0
3896,Home,6679.0,8.1,Prepaid_UPI,286,6,2,110.2,3,0,1.0,0
3897,Apparel,723.0,15.6,Prepaid_Card,190,1,1,164.7,5,0,1.0,0
3898,Electronics,9175.0,27.9,Prepaid_UPI,230,6,2,45.7,5,0,5.0,0
3899,Apparel,494.0,19.5,Prepaid_UPI,75,0,0,260.6,7,0,,0
3900,Apparel,1284.0,8.8,Wallet,200,3,1,170.0,9,1,3.0,0
3901,Apparel,648.0,11.9,COD,264,3,0,98.4,7,0,3.0,1
3902,Footwear,1774.0,15.8,COD,910,16,0,121.6,7,1,5.0,1
3903,Home,6771.0,7.0,Prepaid_UPI,343,2,0,560.8,4,0,3.0,0
3904,Electronics,42751.0,11.4,Prepaid_Card,336,6,2,181.4,4,1,1.0,1
3905,Electronics,37207.0,31.7,Prepaid_Card,55,0,0,294.9,6,1,2.0,1
3906,Home,305.0,18.5,Prepaid_UPI,1066,189,30,51.3,6,1,,1
3907,Footwear,2772.0,0.0,Prepaid_Card,93,1,0,375.9,6,1,4.0,0
3908,Footwear,1167.0,37.4,Prepaid_UPI,250,2,1,303.3,2,0,,1
3909,Home,3193.0,28.3,COD,78,1,0,394.5,2,0,2.0,0
3910,Footwear,2212.0,1.3,Prepaid_UPI,255,2,1,92.4,3,0,1.0,0
3911,Electronics,42501.0,16.5,COD,277,2,0,628.2,6,1,1.0,0
3912,Electronics,28958.0,10.1,Prepaid_Card,719,8,0,461.2,5,0,1.0,0
3913,Footwear,1571.0,32.2,Prepaid_UPI,346,8,0,89.0,8,0,,0
3914,Electronics,29354.0,16.4,COD,15,0,0,165.8,2,1,3.0,0
3915,Electronics,42892.0,20.9,COD,13,0,0,303.6,2,1,,0
3916,Apparel,506.0,19.2,COD,1537,31,3,94.5,4,0,3.0,1
3917,Electronics,36940.0,0.0,Prepaid_Card,101,1,0,547.4,3,0,,1
3918,Home,1970.0,43.1,COD,105,4,0,363.0,3,0,3.0,0
3919,Home,1479.0,31.9,COD,800,5,1,167.7,5,0,3.0,1
3920,Electronics,40570.0,10.8,Prepaid_UPI,94,1,0,338.3,5,0,1.0,0
3921,Apparel,403.0,24.9,COD,17,0,0,173.4,2,0,1.0,0
3922,Footwear,3464.0,36.6,Prepaid_Card,566,4,0,567.1,3,1,5.0,0
3923,Electronics,5021.0,22.8,Prepaid_Card,805,6,0,259.4,6,1,2.0,0
3924,Beauty,1602.0,45.4,COD,62,3,0,293.8,4,0,2.0,0
3925,Apparel,1518.0,65.8,COD,174,3,2,120.6,3,1,1.0,1
3926,Home,6943.0,20.1,Wallet,397,5,2,192.2,4,0,4.0,0
3927,Electronics,37230.0,13.3,Prepaid_UPI,141,2,0,435.5,2,0,2.0,1
3928,Footwear,3241.0,7.2,COD,488,8,1,202.3,8,0,2.0,1
3929,Apparel,1085.0,0.0,Prepaid_UPI,211,3,0,115.7,6,1,3.0,0
3930,Beauty,541.0,40.7,Prepaid_Card,113,4,0,89.7,10,0,2.0,0
3931,Electronics,29043.0,16.7,COD,341,15,2,275.7,5,1,3.0,1
3932,Home,4127.0,35.1,Prepaid_UPI,2294,47,1,71.1,4,1,3.0,0
3933,Electronics,4614.0,38.1,Prepaid_Card,339,23,1,63.5,3,0,,0
3934,Apparel,2120.0,5.8,COD,470,5,2,42.6,6,0,1.0,1
3935,Electronics,14972.0,8.0,Prepaid_UPI,27,1,1,282.3,4,1,4.0,1
3936,Apparel,404.0,48.2,COD,109,8,0,40.8,2,0,,0
3937,Electronics,40694.0,20.9,COD,850,6,0,259.5,7,1,1.0,1
3938,Home,4743.0,12.1,COD,202,2,1,235.9,5,1,,0
3939,Electronics,33308.0,6.3,Prepaid_UPI,79,0,0,165.2,5,1,5.0,0
3940,Apparel,675.0,19.9,Prepaid_UPI,178,1,0,228.3,5,0,3.0,0
3941,Apparel,1128.0,44.6,Wallet,17,0,0,322.1,5,0,1.0,0
3942,Apparel,1561.0,32.3,COD,160,1,0,499.5,1,1,,0
3943,Apparel,852.0,24.7,Prepaid_UPI,659,22,0,207.3,2,1,5.0,0
3944,Home,5702.0,45.8,Prepaid_Card,1106,9,0,262.5,9,1,5.0,0
3945,Apparel,821.0,42.9,COD,401,4,0,109.6,4,0,5.0,1
3946,Footwear,1337.0,27.0,COD,1307,11,3,259.1,5,0,1.0,1
3947,Apparel,421.0,63.6,Prepaid_UPI,481,23,0,212.6,6,1,5.0,0
3948,Apparel,907.0,18.3,COD,133,1,0,300.8,4,0,3.0,0
3949,Footwear,1487.0,38.5,Prepaid_Card,19,0,0,104.3,2,1,2.0,0
3950,Apparel,1776.0,16.1,Prepaid_Card,349,2,0,651.6,1,0,4.0,0
3951,Electronics,26153.0,35.5,COD,784,4,0,178.6,2,0,,0
3952,Beauty,568.0,18.3,Wallet,441,3,0,273.9,3,0,4.0,0
3953,Beauty,1485.0,28.9,Prepaid_UPI,173,3,1,28.6,3,1,2.0,0
3954,Home,2036.0,57.9,Prepaid_Card,412,6,0,237.2,2,1,5.0,0
3955,Apparel,1166.0,36.3,Prepaid_UPI,189,2,1,281.4,7,1,,0
3956,Home,7139.0,29.2,Prepaid_Card,222,2,0,413.2,8,0,1.0,1
3957,Beauty,1840.0,10.4,Prepaid_UPI,734,10,1,298.1,2,1,5.0,0
3958,Beauty,1680.0,24.8,COD,174,1,0,529.3,1,0,4.0,0
3959,Apparel,907.0,6.9,Prepaid_Card,162,1,0,431.1,5,1,1.0,0
3960,Electronics,6657.0,35.3,COD,490,9,1,83.9,8,1,,1
3961,Apparel,1755.0,34.9,Prepaid_Card,913,37,4,541.3,2,0,1.0,0
3962,Apparel,1422.0,19.3,Prepaid_Card,143,1,0,193.9,2,0,2.0,0
3963,Home,5095.0,47.0,COD,297,3,0,229.8,1,0,3.0,0
3964,Apparel,2155.0,44.8,Wallet,508,3,0,74.5,5,0,1.0,0
3965,Electronics,16456.0,24.2,COD,179,1,0,398.7,2,0,,1
3966,Apparel,1841.0,30.5,COD,255,4,1,206.2,6,0,5.0,1
3967,Electronics,25682.0,13.2,COD,206,2,1,214.2,6,0,2.0,0
3968,Apparel,823.0,17.9,Prepaid_Card,294,2,0,245.6,8,1,4.0,0
3969,Electronics,3517.0,5.8,COD,1073,17,6,367.5,7,0,,0
3970,Apparel,1509.0,14.8,Prepaid_Card,141,32,2,505.4,1,0,4.0,0
3971,Beauty,849.0,20.4,Prepaid_UPI,668,6,0,70.5,4,1,,0
3972,Apparel,1652.0,0.0,COD,423,64,2,186.8,7,0,5.0,0
3973,Electronics,31892.0,30.7,Wallet,309,2,0,123.4,1,1,2.0,1
3974,Apparel,1220.0,37.3,COD,1096,34,3,409.9,4,1,,1
3975,Apparel,1366.0,21.9,Prepaid_Card,639,9,1,347.4,5,0,1.0,0
3976,Apparel,1528.0,0.0,COD,316,2,0,297.9,4,1,4.0,0
3977,Apparel,1243.0,18.2,Prepaid_UPI,71,4,1,218.3,5,0,4.0,0
3978,Apparel,1979.0,1.1,Prepaid_UPI,145,52,16,370.1,3,0,3.0,0
3979,Electronics,4526.0,12.9,COD,490,24,6,259.9,2,0,1.0,0
3980,Home,7845.0,43.8,COD,315,2,1,319.8,5,1,3.0,0
3981,Apparel,460.0,0.0,COD,709,4,0,476.3,4,1,,0
3982,Electronics,10315.0,9.8,COD,1341,19,1,320.7,9,0,4.0,0
3983,Home,5754.0,34.4,Wallet,262,2,1,212.9,2,0,1.0,0
3984,Apparel,553.0,11.5,Prepaid_Card,743,6,3,144.1,4,1,2.0,0
3985,Electronics,12683.0,10.3,Prepaid_Card,30,2,0,143.4,2,1,5.0,0
3986,Apparel,677.0,52.5,Wallet,168,4,0,174.2,5,0,5.0,0
3987,Apparel,1702.0,27.7,Prepaid_UPI,644,4,0,293.0,4,0,2.0,0
3988,Electronics,26557.0,36.0,Prepaid_UPI,48,2,0,501.8,6,0,3.0,0
3989,Beauty,302.0,29.4,COD,189,2,1,131.7,3,0,3.0,0
3990,Beauty,1231.0,24.4,COD,324,7,2,463.8,1,0,3.0,0
3991,Beauty,640.0,41.0,COD,1642,16,6,162.6,7,1,4.0,1
3992,Electronics,43585.0,50.6,COD,817,22,2,506.0,6,0,2.0,0
3993,Apparel,594.0,0.0,COD,228,6,2,163.5,7,0,,0
3994,Electronics,27395.0,21.5,COD,251,24,14,153.7,6,1,1.0,1
3995,Apparel,1267.0,21.4,COD,21,0,0,78.8,5,1,3.0,0
3996,Apparel,1441.0,15.6,Prepaid_Card,41,2,2,186.8,6,0,3.0,1
3997,Apparel,2122.0,36.7,COD,1466,19,3,172.1,3,1,4.0,0
3998,Electronics,16148.0,25.9,COD,87,1,0,322.2,4,0,4.0,0
3999,Electronics,33996.0,50.9,COD,518,9,1,136.5,7,0,2.0,0
4000,Apparel,1205.0,38.5,Prepaid_Card,52,0,0,263.8,9,1,,0
4001,Home,5388.0,42.5,Prepaid_UPI,77,1,0,171.7,5,1,3.0,0
4002,Electronics,17216.0,4.0,Prepaid_UPI,87,1,0,384.7,1,0,2.0,0
4003,Footwear,1408.0,9.9,COD,75,1,0,355.2,5,1,2.0,1
4004,Apparel,551.0,11.1,COD,84,1,0,335.0,8,0,5.0,0
4005,Electronics,5657.0,41.8,COD,205,1,0,35.7,4,1,3.0,0
4006,Apparel,2127.0,7.5,COD,886,22,2,134.1,2,0,,0
4007,Electronics,35734.0,7.9,COD,135,1,0,403.5,7,0,4.0,1
4008,Apparel,841.0,5.2,Wallet,147,1,0,157.4,4,0,4.0,0
4009,Apparel,1352.0,63.3,COD,85,1,0,381.2,4,0,5.0,1
4010,Home,5800.0,19.9,COD,383,2,1,85.9,1,0,2.0,0
4011,Apparel,1035.0,29.9,Prepaid_UPI,457,3,3,312.7,1,1,4.0,1
4012,Apparel,1192.0,4.9,Prepaid_Card,777,9,1,290.7,6,0,1.0,0
4013,Beauty,1838.0,36.4,COD,732,14,5,296.2,2,1,1.0,1
4014,Apparel,809.0,0.0,COD,874,6,0,535.9,8,1,3.0,0
4015,Home,4353.0,7.3,Wallet,18,0,0,122.4,9,1,1.0,0
4016,Home,1918.0,11.0,COD,670,35,2,386.3,2,1,2.0,1
4017,Apparel,406.0,25.3,Prepaid_Card,14,0,0,264.5,3,1,4.0,0
4018,Electronics,31434.0,10.1,Prepaid_UPI,46,2,0,608.2,6,1,4.0,1
4019,Apparel,1673.0,44.9,COD,371,8,3,178.8,8,1,2.0,1
4020,Footwear,4483.0,29.5,Prepaid_UPI,82,1,0,432.2,5,1,2.0,1
4021,Apparel,726.0,11.7,COD,128,2,1,572.1,3,0,5.0,1
4022,Apparel,1731.0,37.0,COD,624,5,1,127.5,4,0,3.0,1
4023,Apparel,2106.0,16.1,COD,1601,100,11,169.8,5,1,,0
4024,Beauty,1665.0,13.1,Wallet,28,0,0,387.1,3,1,3.0,0
4025,Footwear,4353.0,35.4,COD,3,0,0,325.7,7,1,3.0,1
4026,Beauty,2487.0,0.0,COD,59,0,0,209.6,3,1,4.0,0
4027,Home,6473.0,33.0,Wallet,106,6,2,274.0,6,0,3.0,0
4028,Home,7995.0,11.3,COD,836,14,1,204.5,6,0,5.0,0
4029,Electronics,28611.0,11.3,Prepaid_UPI,506,4,2,208.3,5,1,2.0,1
4030,Beauty,1318.0,51.4,Prepaid_Card,87,1,0,157.6,4,0,1.0,0
4031,Electronics,41392.0,14.0,Prepaid_Card,177,2,0,345.0,4,0,4.0,1
4032,Electronics,37596.0,36.3,Prepaid_UPI,2500,30,2,167.6,3,0,1.0,1
4033,Home,1148.0,26.2,Prepaid_UPI,710,4,0,78.5,6,0,3.0,0
4034,Home,2631.0,27.7,COD,115,2,0,243.4,4,0,1.0,0
4035,Apparel,869.0,18.2,Wallet,159,6,2,293.2,4,0,1.0,0
4036,Electronics,38660.0,17.5,Wallet,30,0,0,111.5,2,0,4.0,1
4037,Apparel,820.0,44.9,Prepaid_UPI,537,4,0,267.9,9,1,5.0,1
4038,Footwear,1716.0,36.0,Prepaid_Card,128,3,0,109.5,6,1,2.0,0
4039,Electronics,23923.0,14.5,Prepaid_Card,604,4,1,140.4,1,1,2.0,0
4040,Footwear,804.0,6.3,Prepaid_Card,94,2,0,150.6,6,1,4.0,0
4041,Electronics,43302.0,13.2,COD,3,0,0,333.8,3,0,3.0,0
4042,Footwear,2464.0,36.7,Prepaid_Card,308,3,1,119.9,3,1,2.0,0
4043,Apparel,743.0,39.7,Prepaid_Card,216,2,1,421.8,3,1,2.0,0
4044,Beauty,786.0,30.3,Prepaid_Card,617,4,2,453.9,6,1,3.0,0
4045,Electronics,36156.0,0.0,COD,155,1,0,140.7,4,0,3.0,1
4046,Apparel,1541.0,33.3,Prepaid_Card,315,13,0,325.2,4,1,3.0,0
4047,Apparel,1236.0,41.6,Prepaid_Card,384,3,0,293.5,5,0,3.0,1
4048,Apparel,997.0,24.6,Prepaid_Card,84,1,0,280.9,7,0,4.0,0
4049,Electronics,40650.0,51.7,Wallet,1799,18,2,469.2,10,1,3.0,1
4050,Home,6249.0,2.2,Prepaid_UPI,972,19,1,196.0,4,1,1.0,0
4051,Beauty,1838.0,32.3,COD,94,2,1,268.8,4,0,4.0,1
4052,Home,3734.0,6.7,COD,102,1,0,311.6,5,1,3.0,0
4053,Home,7855.0,37.9,Prepaid_UPI,777,10,5,54.2,6,0,1.0,0
4054,Electronics,32301.0,31.2,COD,169,2,0,369.2,7,0,,1
4055,Footwear,2194.0,49.0,Prepaid_UPI,43,0,0,591.6,2,1,2.0,0
4056,Footwear,4342.0,29.5,COD,549,28,10,61.5,10,1,,1
4057,Apparel,2012.0,15.9,COD,491,30,1,277.0,2,0,5.0,0
4058,Beauty,1889.0,14.6,COD,226,6,2,215.4,6,1,,0
4059,Electronics,34794.0,18.2,Prepaid_UPI,1514,111,23,294.4,6,1,1.0,0
4060,Footwear,2195.0,14.3,Wallet,122,1,0,369.1,1,0,5.0,0
4061,Beauty,1342.0,42.2,Prepaid_UPI,475,17,0,158.9,5,0,4.0,0
4062,Home,1775.0,41.1,Prepaid_Card,736,17,6,297.4,1,0,,0
4063,Apparel,1472.0,0.0,Prepaid_UPI,162,2,1,469.5,3,1,3.0,0
4064,Home,3148.0,22.6,COD,71,0,0,399.8,4,1,3.0,0
4065,Apparel,1025.0,22.9,Prepaid_Card,795,74,16,349.3,5,1,4.0,0
4066,Footwear,4293.0,10.3,Wallet,764,19,1,198.7,7,0,2.0,1
4067,Apparel,697.0,28.6,COD,121,1,1,184.1,3,1,,0
4068,Home,6691.0,43.9,Wallet,517,5,0,280.8,5,0,5.0,0
4069,Beauty,811.0,35.4,COD,2,0,0,283.9,7,1,5.0,0
4070,Apparel,452.0,42.2,COD,168,33,1,402.7,4,0,,0
4071,Electronics,2972.0,11.2,Prepaid_Card,209,1,0,277.6,4,0,3.0,1
4072,Home,3605.0,22.5,Wallet,605,6,1,370.4,1,0,4.0,0
4073,Electronics,21105.0,10.5,COD,40,0,0,76.5,1,0,1.0,0
4074,Apparel,976.0,25.6,Prepaid_UPI,521,3,1,343.2,3,0,4.0,0
4075,Apparel,1604.0,26.9,COD,31,0,0,350.2,8,0,3.0,1
4076,Electronics,22458.0,36.4,Prepaid_UPI,294,39,19,453.4,8,1,4.0,0
4077,Home,871.0,41.7,Prepaid_Card,84,1,0,60.3,7,1,2.0,0
4078,Home,2980.0,32.3,COD,40,0,0,524.7,5,1,,1
4079,Apparel,584.0,9.1,Prepaid_UPI,289,14,1,226.2,6,0,1.0,0
4080,Electronics,3956.0,1.7,Prepaid_UPI,112,2,0,190.3,4,0,,0
4081,Electronics,10324.0,29.8,Prepaid_Card,434,14,2,383.1,4,0,5.0,0
4082,Apparel,1661.0,44.5,COD,218,1,0,209.1,1,1,2.0,0
4083,Footwear,3284.0,21.6,COD,179,1,1,40.9,5,0,,0
4084,Apparel,1951.0,0.0,Wallet,106,1,0,312.3,6,0,3.0,0
4085,Home,6124.0,53.3,Prepaid_Card,267,2,0,315.3,3,0,5.0,0
4086,Beauty,1408.0,29.3,Prepaid_UPI,45,0,0,804.9,7,0,2.0,0
4087,Electronics,14892.0,24.6,Prepaid_UPI,1,0,0,744.6,7,1,2.0,0
4088,Home,345.0,4.5,Prepaid_UPI,3,0,0,435.2,2,1,4.0,0
4089,Apparel,1565.0,22.2,COD,483,10,3,152.0,10,1,4.0,1
4090,Apparel,921.0,32.3,Prepaid_Card,735,7,1,324.8,6,0,2.0,0
4091,Apparel,850.0,29.5,Prepaid_UPI,521,4,1,123.1,8,0,1.0,1
4092,Footwear,4399.0,11.8,COD,80,1,0,242.9,3,1,4.0,1
4093,Footwear,1197.0,21.1,COD,19,0,0,205.3,8,0,,0
4094,Apparel,458.0,12.8,Prepaid_Card,66,0,0,614.5,6,0,2.0,0
4095,Apparel,2109.0,47.0,Prepaid_UPI,171,4,1,222.2,4,0,3.0,1
4096,Electronics,14603.0,35.4,Prepaid_UPI,449,10,2,414.0,2,1,3.0,0
4097,Home,3329.0,14.1,COD,898,11,2,264.8,5,1,3.0,1
4098,Home,923.0,4.5,Wallet,853,7,2,417.4,6,0,3.0,0
4099,Home,3411.0,26.2,COD,302,3,0,52.9,5,1,3.0,1
4100,Beauty,2435.0,14.6,COD,69,5,1,235.2,5,0,3.0,0
4101,Apparel,1649.0,15.7,Wallet,177,2,0,410.7,3,0,5.0,0
4102,Home,3948.0,5.0,Prepaid_UPI,493,3,0,413.0,2,1,4.0,0
4103,Home,2668.0,6.8,Wallet,51,1,0,360.7,5,0,1.0,0
4104,Apparel,1059.0,24.4,Prepaid_UPI,488,4,0,188.4,2,1,2.0,0
4105,Beauty,1586.0,18.0,Prepaid_Card,577,12,0,364.0,7,0,5.0,0
4106,Apparel,858.0,59.4,COD,577,6,1,335.5,6,0,4.0,0
4107,Home,1470.0,30.9,COD,187,1,0,276.1,8,1,,0
4108,Footwear,3285.0,4.7,Wallet,487,13,0,394.6,4,0,5.0,0
4109,Beauty,2193.0,0.0,Prepaid_UPI,206,2,0,138.0,4,0,3.0,0
4110,Electronics,40687.0,28.0,COD,1341,11,1,234.6,1,1,2.0,1
4111,Electronics,38054.0,16.0,COD,535,9,2,88.7,3,0,4.0,0
4112,Footwear,2622.0,42.0,COD,157,1,0,100.7,4,1,,0
4113,Footwear,3655.0,26.2,COD,682,5,0,147.7,5,0,1.0,1
4114,Electronics,41774.0,0.0,Prepaid_UPI,583,6,0,568.6,4,0,2.0,0
4115,Footwear,593.0,6.7,COD,244,15,4,407.5,3,1,5.0,0
4116,Apparel,1142.0,11.9,Prepaid_Card,448,6,0,165.3,5,0,5.0,0
4117,Home,1872.0,28.6,Wallet,131,2,0,212.0,4,1,4.0,0
4118,Footwear,4487.0,6.2,Prepaid_Card,740,15,1,194.0,7,0,2.0,1
4119,Apparel,2073.0,24.3,Prepaid_Card,412,4,2,335.9,5,1,,0
4120,Electronics,36336.0,2.0,COD,90,1,0,143.2,3,0,,0
4121,Beauty,845.0,22.1,COD,410,15,0,620.5,7,1,3.0,0
4122,Footwear,4308.0,27.6,COD,232,2,0,640.9,2,0,,1
4123,Footwear,617.0,43.9,COD,745,7,0,302.0,4,0,5.0,1
4124,Electronics,9436.0,25.7,COD,225,2,1,196.9,2,1,5.0,0
4125,Beauty,1600.0,9.7,COD,219,1,1,486.3,4,0,3.0,1
4126,Apparel,1827.0,44.4,COD,820,12,2,395.9,8,1,,1
4127,Electronics,39903.0,19.3,COD,67,1,0,129.4,5,1,5.0,0
4128,Electronics,14362.0,33.6,Wallet,557,11,0,247.4,1,1,1.0,0
4129,Footwear,2063.0,12.8,COD,984,19,3,240.7,4,1,3.0,0
4130,Beauty,1219.0,23.4,COD,242,3,1,46.5,5,1,,0
4131,Footwear,608.0,10.0,Prepaid_UPI,463,140,21,378.3,5,0,5.0,0
4132,Home,6953.0,26.8,COD,43,1,0,203.3,4,0,,0
4133,Electronics,16002.0,34.1,Prepaid_Card,578,20,4,294.6,6,1,,0
4134,Electronics,9928.0,14.6,Prepaid_UPI,215,9,0,464.3,6,0,1.0,0
4135,Electronics,19123.0,13.7,Prepaid_Card,1116,16,7,269.4,4,1,5.0,0
4136,Apparel,1679.0,27.4,COD,514,25,11,390.0,5,1,3.0,1
4137,Electronics,39346.0,9.6,Prepaid_UPI,399,14,3,235.2,4,0,,0
4138,Footwear,1362.0,0.0,Prepaid_UPI,1080,9,0,85.9,5,0,3.0,0
4139,Home,1629.0,27.3,COD,330,3,0,537.0,5,0,2.0,0
4140,Footwear,4275.0,20.4,COD,318,2,1,555.8,7,1,2.0,1
4141,Electronics,25329.0,20.1,COD,386,2,0,123.1,6,0,1.0,1
4142,Electronics,17221.0,29.8,Prepaid_UPI,173,1,0,652.4,5,0,5.0,0
4143,Apparel,759.0,31.9,COD,99,1,0,215.4,4,0,,0
4144,Electronics,44792.0,19.6,COD,283,6,2,252.0,6,0,4.0,1
4145,Electronics,32700.0,5.2,Prepaid_Card,206,6,1,369.0,5,0,2.0,1
4146,Apparel,792.0,12.4,Wallet,4,0,0,317.2,4,0,4.0,0
4147,Apparel,564.0,30.8,COD,419,2,0,63.7,4,0,5.0,0
4148,Home,1834.0,24.0,COD,69,1,0,494.3,5,1,4.0,0
4149,Electronics,12051.0,13.8,COD,249,2,0,232.4,3,0,,1
4150,Electronics,6066.0,10.2,Prepaid_UPI,663,224,31,184.4,1,0,3.0,0
4151,Apparel,813.0,31.3,Prepaid_Card,667,23,3,356.1,8,1,4.0,0
4152,Electronics,6315.0,18.7,Prepaid_UPI,143,1,1,294.0,8,0,,0
4153,Electronics,17745.0,33.3,COD,105,3,0,541.5,5,0,4.0,1
4154,Electronics,22495.0,35.2,COD,203,2,0,517.6,6,1,3.0,0
4155,Home,3806.0,17.3,COD,524,4,0,182.6,4,1,2.0,1
4156,Apparel,1893.0,36.2,COD,96,1,0,219.7,6,1,,1
4157,Beauty,747.0,24.1,Prepaid_Card,133,1,0,124.8,5,0,4.0,0
4158,Apparel,1997.0,26.0,Prepaid_UPI,106,2,0,518.9,5,0,5.0,1
4159,Electronics,40976.0,0.0,COD,654,8,1,439.7,2,1,4.0,1
4160,Apparel,2128.0,7.4,Prepaid_UPI,37,0,0,184.4,8,1,1.0,0
4161,Electronics,9127.0,8.2,COD,67,1,0,410.6,2,0,5.0,0
4162,Apparel,842.0,17.2,Prepaid_Card,359,2,1,149.0,6,0,4.0,0
4163,Footwear,2995.0,23.7,COD,660,13,2,306.8,3,0,5.0,1
4164,Electronics,7371.0,24.3,Prepaid_Card,891,61,7,325.2,1,1,2.0,1
4165,Home,959.0,26.3,COD,71,1,0,295.6,7,1,4.0,0
4166,Apparel,533.0,11.7,Wallet,128,1,0,97.1,5,0,2.0,0
4167,Apparel,1491.0,32.4,Wallet,1221,17,2,385.4,2,1,4.0,1
4168,Electronics,36445.0,49.1,Prepaid_UPI,58,1,1,162.9,6,0,1.0,1
4169,Electronics,12539.0,16.7,Prepaid_UPI,1915,40,11,106.1,4,1,1.0,0
4170,Electronics,42089.0,12.0,COD,109,1,1,378.4,9,0,,1
4171,Beauty,2011.0,11.7,Prepaid_Card,733,6,1,552.3,1,1,1.0,0
4172,Home,896.0,23.3,COD,536,19,2,103.4,3,0,,0
4173,Beauty,1107.0,14.1,Prepaid_UPI,880,6,3,44.8,6,0,4.0,1
4174,Apparel,522.0,0.0,COD,180,2,0,182.9,4,1,2.0,0
4175,Footwear,4161.0,0.1,COD,48,2,0,310.6,3,0,1.0,0
4176,Home,6020.0,37.3,Prepaid_UPI,1002,162,5,150.1,5,0,5.0,0
4177,Home,5586.0,41.2,COD,10,1,1,317.1,7,0,,1
4178,Beauty,1754.0,46.0,Prepaid_UPI,44,2,1,175.5,4,0,1.0,0
4179,Home,2496.0,25.4,COD,112,1,1,117.1,4,1,3.0,0
4180,Footwear,4234.0,7.1,Prepaid_UPI,545,3,0,53.3,3,1,2.0,0
4181,Footwear,4191.0,15.4,Prepaid_UPI,188,7,0,481.3,4,1,4.0,0
4182,Apparel,1731.0,0.0,Prepaid_Card,242,5,1,333.4,2,0,1.0,0
4183,Home,3911.0,0.0,COD,135,1,0,379.8,7,0,2.0,1
4184,Electronics,3264.0,25.8,COD,212,2,1,30.5,6,1,3.0,1
4185,Beauty,217.0,30.1,COD,118,2,1,210.8,2,1,5.0,0
4186,Footwear,1053.0,51.4,COD,584,7,2,525.1,3,0,2.0,1
4187,Apparel,1472.0,20.8,Prepaid_Card,2166,108,20,832.9,6,1,1.0,1
4188,Apparel,1837.0,1.6,COD,264,6,1,426.8,6,1,,0
4189,Apparel,2107.0,20.2,COD,687,4,1,255.1,4,0,3.0,0
4190,Electronics,8881.0,17.8,COD,72,1,0,158.8,4,1,,0
4191,Apparel,896.0,14.6,Wallet,349,7,1,324.5,5,0,1.0,0
4192,Footwear,716.0,27.2,COD,22,0,0,71.1,4,0,1.0,0
4193,Home,7916.0,3.8,COD,13,0,0,128.3,7,1,2.0,0
4194,Footwear,3624.0,24.0,Prepaid_Card,774,29,2,225.2,6,0,1.0,0
4195,Apparel,1265.0,31.8,COD,575,3,0,423.8,5,0,1.0,0
4196,Electronics,26410.0,43.3,Wallet,496,4,0,269.7,2,1,3.0,0
4197,Apparel,1412.0,26.7,COD,464,3,1,364.0,3,1,5.0,1
4198,Footwear,1517.0,37.6,Prepaid_UPI,274,46,8,315.3,3,1,1.0,1
4199,Apparel,734.0,15.3,Prepaid_Card,263,5,0,187.4,4,0,4.0,0
4200,Apparel,935.0,17.4,Prepaid_UPI,47,0,0,85.6,5,1,4.0,0
4201,Apparel,845.0,42.2,Prepaid_Card,51,2,1,156.5,8,1,5.0,1
4202,Footwear,2730.0,1.4,Prepaid_UPI,217,1,1,291.6,5,1,,1
4203,Apparel,955.0,16.0,Prepaid_Card,918,7,1,157.6,2,1,4.0,0
4204,Home,5913.0,38.9,Prepaid_Card,796,11,1,284.7,6,1,5.0,0
4205,Footwear,2772.0,18.8,Prepaid_UPI,161,1,0,619.3,2,0,4.0,1
4206,Footwear,2629.0,17.7,Prepaid_Card,798,5,1,77.7,6,0,1.0,0
4207,Apparel,2112.0,18.0,Prepaid_Card,24,0,0,369.5,4,0,2.0,0
4208,Apparel,980.0,23.8,COD,1021,14,3,74.3,6,1,3.0,0
4209,Electronics,29025.0,38.3,COD,532,5,1,326.8,6,1,,0
4210,Apparel,400.0,35.9,COD,38,1,0,366.7,5,0,5.0,0
4211,Home,5974.0,22.2,COD,517,21,2,165.4,2,0,,0
4212,Electronics,23211.0,38.4,COD,408,3,0,464.9,3,1,,1
4213,Electronics,10327.0,27.1,COD,98,1,0,329.4,6,0,5.0,0
4214,Apparel,403.0,34.9,Prepaid_Card,207,17,1,679.3,5,1,2.0,0
4215,Home,5743.0,6.6,Prepaid_UPI,402,3,0,180.6,9,1,5.0,0
4216,Apparel,1593.0,48.1,Prepaid_Card,33,0,0,188.9,5,1,1.0,0
4217,Home,5424.0,25.3,Prepaid_UPI,87,1,0,90.4,6,1,2.0,1
4218,Apparel,1187.0,0.0,COD,425,41,2,798.5,4,0,4.0,0
4219,Beauty,1652.0,46.9,COD,1112,239,53,481.3,3,0,4.0,0
4220,Home,4699.0,22.1,Prepaid_UPI,176,2,0,115.0,7,1,2.0,0
4221,Apparel,830.0,16.1,Prepaid_UPI,74,0,0,363.2,3,0,5.0,0
4222,Apparel,1334.0,12.9,Prepaid_UPI,26,1,0,587.8,1,0,3.0,0
4223,Electronics,23739.0,28.6,Prepaid_UPI,671,10,4,189.1,2,1,3.0,0
4224,Apparel,1883.0,8.7,Prepaid_UPI,147,1,0,171.2,5,1,5.0,0
4225,Apparel,1180.0,13.3,Prepaid_UPI,287,2,0,74.8,3,1,3.0,0
4226,Footwear,2244.0,13.7,Prepaid_UPI,236,1,0,447.1,1,1,3.0,0
4227,Home,7880.0,17.6,Prepaid_UPI,1084,7,0,159.0,9,1,4.0,0
4228,Apparel,2010.0,14.3,COD,153,1,0,96.0,1,0,1.0,0
4229,Home,2166.0,34.8,COD,431,3,1,348.6,4,0,1.0,0
4230,Apparel,2039.0,26.1,COD,150,1,1,80.2,8,0,3.0,1
4231,Beauty,474.0,27.9,Prepaid_Card,84,1,0,303.2,5,1,3.0,0
4232,Apparel,1936.0,31.2,Prepaid_UPI,359,75,10,105.0,10,1,4.0,0
4233,Footwear,1233.0,20.6,COD,746,9,5,373.8,6,0,,0
4234,Footwear,2202.0,6.7,COD,22,2,0,116.8,2,1,,0
4235,Apparel,2171.0,49.1,Prepaid_UPI,168,1,0,166.5,6,0,4.0,0
4236,Apparel,575.0,35.9,COD,83,21,0,259.9,3,1,1.0,0
4237,Electronics,37983.0,46.2,Prepaid_UPI,215,4,0,180.9,4,0,3.0,0
4238,Footwear,2479.0,37.5,COD,555,3,0,816.7,2,1,,0
4239,Electronics,6061.0,15.1,COD,53,0,0,132.7,3,0,4.0,0
4240,Home,7634.0,0.0,COD,440,3,0,98.7,6,1,,0
4241,Footwear,2697.0,3.6,COD,66,1,0,612.9,3,0,3.0,0
4242,Footwear,4023.0,31.5,COD,215,19,2,204.9,1,0,2.0,1
4243,Electronics,39267.0,20.5,COD,394,7,0,355.7,5,0,5.0,0
4244,Electronics,1841.0,15.7,COD,524,4,0,152.1,4,1,5.0,0
4245,Home,2339.0,0.0,COD,418,3,1,195.8,7,1,4.0,0
4246,Apparel,1006.0,21.8,Prepaid_UPI,573,9,2,301.3,3,0,5.0,0
4247,Footwear,2639.0,5.8,COD,127,3,0,286.1,7,1,1.0,1
4248,Apparel,529.0,11.1,COD,354,8,1,482.5,6,1,4.0,0
4249,Apparel,1100.0,34.8,COD,89,1,0,95.1,6,1,3.0,0
4250,Footwear,3759.0,6.6,Wallet,277,5,1,276.3,2,1,,0
4251,Electronics,8786.0,8.0,Prepaid_UPI,14,2,0,49.3,4,0,2.0,0
4252,Apparel,1662.0,24.8,Wallet,140,2,1,220.2,6,1,,0
4253,Apparel,1229.0,35.1,Wallet,244,2,0,434.8,3,1,2.0,0
4254,Electronics,4297.0,16.0,COD,577,5,0,1016.4,1,1,2.0,0
4255,Footwear,1209.0,44.0,Prepaid_UPI,10,0,0,315.9,3,1,3.0,0
4256,Apparel,654.0,2.8,COD,270,5,1,455.9,2,1,2.0,0
4257,Apparel,1515.0,0.2,Prepaid_UPI,47,1,0,181.6,3,0,2.0,0
4258,Electronics,5025.0,0.0,COD,213,2,0,182.5,1,1,,0
4259,Beauty,2084.0,0.0,COD,1104,21,13,245.0,6,1,2.0,0
4260,Apparel,1852.0,27.0,Wallet,562,3,0,241.6,6,1,2.0,0
4261,Beauty,338.0,7.3,Prepaid_UPI,250,5,0,293.6,3,1,2.0,0
4262,Footwear,4053.0,0.8,Wallet,626,4,1,102.8,4,0,1.0,0
4263,Apparel,2126.0,27.7,COD,562,10,3,550.4,3,1,5.0,0
4264,Footwear,674.0,34.4,COD,149,1,1,263.5,6,0,1.0,1
4265,Home,7618.0,37.8,COD,105,1,0,374.5,2,1,,0
4266,Electronics,13440.0,35.1,Prepaid_Card,1104,33,7,464.1,3,1,1.0,0
4267,Electronics,30317.0,8.2,Prepaid_Card,46,1,1,121.2,5,1,1.0,1
4268,Footwear,1199.0,26.1,COD,82,3,0,520.8,3,0,2.0,1
4269,Footwear,3770.0,29.5,Prepaid_UPI,134,1,0,324.6,8,1,4.0,0
4270,Footwear,3868.0,14.9,COD,513,3,0,341.7,3,0,4.0,0
4271,Beauty,2449.0,24.5,Prepaid_UPI,239,2,1,235.4,6,1,4.0,0
4272,Electronics,44673.0,3.2,Prepaid_UPI,1250,10,1,618.0,6,0,5.0,1
4273,Footwear,803.0,12.6,Prepaid_Card,329,6,1,521.5,1,0,1.0,0
4274,Footwear,3132.0,27.6,COD,1394,16,0,164.9,4,1,1.0,1
4275,Apparel,891.0,44.6,COD,548,4,0,221.5,3,0,,0
4276,Apparel,626.0,39.3,COD,309,12,2,302.1,6,0,,0
4277,Electronics,7717.0,31.9,Prepaid_UPI,950,40,7,235.1,4,0,5.0,0
4278,Footwear,4246.0,23.2,Prepaid_Card,403,10,0,489.2,6,0,3.0,0
4279,Apparel,1631.0,20.9,COD,70,2,0,522.9,8,1,3.0,1
4280,Home,689.0,0.3,Wallet,413,2,2,193.6,8,1,4.0,0
4281,Apparel,2172.0,9.5,Prepaid_UPI,423,14,4,169.7,2,0,1.0,1
4282,Electronics,36582.0,10.0,Prepaid_UPI,69,3,1,242.4,2,1,1.0,1
4283,Home,2681.0,30.6,Prepaid_Card,210,8,1,305.5,2,0,2.0,0
4284,Apparel,1248.0,36.2,Wallet,376,10,3,307.1,7,0,5.0,1
4285,Footwear,3406.0,33.0,COD,361,5,0,131.4,6,0,2.0,0
4286,Apparel,1617.0,39.7,COD,691,19,3,104.0,6,0,,0
4287,Beauty,1238.0,23.1,Prepaid_UPI,1379,78,2,462.8,6,0,2.0,1
4288,Apparel,1322.0,7.3,Prepaid_UPI,358,14,2,174.6,4,1,4.0,0
4289,Beauty,252.0,21.3,Prepaid_Card,374,3,1,223.4,5,0,1.0,0
4290,Home,4155.0,11.1,COD,714,8,0,418.7,5,1,2.0,0
4291,Apparel,1012.0,31.9,COD,22,0,0,276.6,5,0,5.0,0
4292,Apparel,913.0,16.6,Prepaid_UPI,181,5,0,225.0,3,0,5.0,1
4293,Apparel,885.0,20.5,Prepaid_UPI,226,4,1,123.3,8,0,1.0,1
4294,Home,5297.0,32.4,COD,2006,11,0,176.9,2,1,,0
4295,Footwear,2217.0,10.9,COD,1700,99,7,153.7,4,0,,0
4296,Electronics,19850.0,36.5,Prepaid_UPI,30,0,0,208.7,8,1,5.0,0
4297,Electronics,8172.0,1.8,Prepaid_UPI,109,2,1,144.3,7,1,3.0,0
4298,Home,7706.0,26.6,Prepaid_Card,335,101,8,107.3,2,1,3.0,1
4299,Electronics,11008.0,20.6,Prepaid_Card,8,0,0,235.9,1,1,5.0,0
4300,Home,3427.0,34.4,Wallet,166,2,1,332.0,2,0,2.0,0
4301,Electronics,9531.0,1.4,COD,1359,23,0,69.4,5,1,4.0,0
4302,Home,5714.0,0.0,Prepaid_Card,391,5,2,129.3,5,1,3.0,0
4303,Beauty,1175.0,33.3,Prepaid_Card,241,3,1,359.8,4,1,3.0,0
4304,Electronics,19318.0,16.1,Prepaid_Card,378,4,0,289.9,6,0,1.0,1
4305,Apparel,1975.0,20.6,Prepaid_UPI,545,4,1,308.0,5,1,3.0,0
4306,Apparel,1767.0,12.1,Prepaid_Card,389,3,1,353.7,7,0,2.0,0
4307,Home,4303.0,35.7,Prepaid_Card,142,3,0,399.2,6,1,2.0,0
4308,Electronics,21724.0,26.5,COD,263,6,2,213.4,1,1,,1
4309,Beauty,2406.0,25.6,Prepaid_UPI,388,3,0,242.5,5,0,3.0,0
4310,Home,7665.0,4.5,COD,152,4,1,113.1,4,1,2.0,0
4311,Electronics,32069.0,29.5,COD,17,0,0,229.0,5,0,5.0,1
4312,Footwear,3541.0,7.1,Prepaid_Card,469,3,2,343.6,4,0,1.0,1
4313,Apparel,2018.0,12.1,Prepaid_Card,134,3,0,206.7,1,1,3.0,0
4314,Footwear,4357.0,1.5,Wallet,46,0,0,204.2,6,1,2.0,0
4315,Apparel,548.0,19.7,Prepaid_UPI,40,1,1,121.8,6,1,2.0,1
4316,Home,7980.0,38.0,Prepaid_UPI,652,101,16,187.4,1,1,4.0,0
4317,Beauty,1802.0,25.4,COD,478,3,0,228.5,8,1,1.0,1
4318,Footwear,2871.0,15.4,Prepaid_Card,314,2,0,380.2,7,1,5.0,0
4319,Footwear,2153.0,23.6,Wallet,695,8,0,153.2,3,1,4.0,0
4320,Electronics,15934.0,23.6,COD,595,4,1,170.9,2,0,,1
4321,Footwear,3717.0,23.0,Prepaid_UPI,358,23,8,365.1,5,1,5.0,0
4322,Home,5339.0,24.7,Prepaid_Card,81,1,0,46.2,5,0,2.0,0
4323,Home,1845.0,6.4,COD,1653,10,1,405.5,6,0,,0
4324,Apparel,1498.0,23.6,Prepaid_Card,781,5,3,192.4,6,1,4.0,0
4325,Apparel,654.0,0.0,COD,474,6,3,179.1,6,1,3.0,1
4326,Home,4126.0,30.6,COD,78,1,0,397.0,2,1,4.0,1
4327,Apparel,1450.0,5.5,COD,147,1,0,274.8,4,1,,0
4328,Footwear,3043.0,39.7,COD,14,0,0,239.6,5,1,5.0,0
4329,Footwear,1081.0,0.0,COD,1121,7,2,186.5,4,1,,0
4330,Beauty,375.0,47.1,Prepaid_UPI,709,12,1,79.0,6,1,1.0,0
4331,Apparel,866.0,0.0,COD,39,2,0,136.5,7,1,4.0,0
4332,Beauty,1577.0,4.0,Prepaid_UPI,529,12,1,404.9,3,1,5.0,0
4333,Apparel,2077.0,26.5,Prepaid_Card,379,4,1,301.3,4,0,3.0,0
4334,Electronics,35326.0,31.3,COD,126,5,1,101.7,3,0,2.0,0
4335,Footwear,3483.0,17.7,COD,359,5,0,439.7,4,0,4.0,0
4336,Apparel,994.0,35.4,Wallet,963,6,1,59.5,1,0,2.0,0
4337,Apparel,601.0,10.1,Prepaid_Card,343,18,2,148.1,5,1,2.0,1
4338,Apparel,2005.0,16.0,Wallet,64,1,1,120.3,11,0,3.0,1
4339,Electronics,23137.0,17.5,COD,773,10,0,66.4,5,0,1.0,0
4340,Footwear,902.0,13.9,Prepaid_UPI,262,2,1,239.4,10,1,5.0,0
4341,Apparel,1363.0,0.0,Prepaid_UPI,277,3,0,176.3,7,0,,0
4342,Apparel,1616.0,21.6,Wallet,1239,8,2,186.3,3,1,1.0,0
4343,Home,2763.0,20.3,COD,1048,14,8,302.2,5,0,1.0,0
4344,Apparel,417.0,38.2,Wallet,98,1,0,105.6,6,1,4.0,0
4345,Footwear,2986.0,2.7,COD,35,1,0,284.2,6,1,,1
4346,Beauty,244.0,12.4,Prepaid_UPI,295,3,0,665.2,3,0,5.0,0
4347,Footwear,2231.0,40.1,Prepaid_Card,113,5,0,160.5,5,1,4.0,0
4348,Footwear,3799.0,26.4,Prepaid_Card,2075,20,4,729.1,8,0,5.0,0
4349,Electronics,44950.0,30.2,COD,124,2,1,335.8,1,0,3.0,1
4350,Footwear,1981.0,28.8,Prepaid_UPI,242,2,0,364.3,7,0,4.0,0
4351,Apparel,436.0,28.9,COD,44,1,0,239.4,7,0,5.0,1
4352,Apparel,1287.0,49.3,Prepaid_Card,1009,9,0,116.7,1,0,1.0,0
4353,Home,2427.0,23.4,Prepaid_Card,117,9,2,206.3,3,0,3.0,0
4354,Apparel,2007.0,6.8,Prepaid_UPI,231,2,0,331.2,4,0,5.0,0
4355,Footwear,3346.0,31.6,Prepaid_Card,302,2,1,136.0,6,1,1.0,1
4356,Home,3413.0,13.5,Prepaid_UPI,206,3,2,267.0,5,0,4.0,0
4357,Beauty,1941.0,20.4,Prepaid_Card,437,116,26,418.9,3,1,4.0,1
4358,Apparel,1014.0,27.6,Prepaid_Card,62,1,0,150.3,5,0,5.0,0
4359,Electronics,24053.0,9.7,Prepaid_UPI,677,24,1,455.6,5,1,3.0,1
4360,Footwear,4191.0,14.3,Prepaid_UPI,401,5,3,144.3,4,1,1.0,0
4361,Apparel,760.0,29.1,Prepaid_UPI,151,19,0,564.0,8,1,2.0,0
4362,Home,2711.0,13.8,Prepaid_Card,104,1,0,337.8,5,0,3.0,0
4363,Home,7119.0,36.6,COD,372,2,1,256.7,6,1,4.0,1
4364,Beauty,1235.0,7.2,Prepaid_UPI,1490,57,5,466.7,2,0,2.0,0
4365,Footwear,1772.0,7.2,COD,251,3,1,368.0,5,1,3.0,0
4366,Apparel,467.0,50.6,COD,86,2,0,304.2,3,0,4.0,1
4367,Electronics,19550.0,0.0,Prepaid_UPI,37,1,1,150.0,3,1,2.0,1
4368,Home,4155.0,21.6,Prepaid_Card,334,3,1,263.8,8,1,1.0,0
4369,Apparel,1131.0,49.8,Prepaid_Card,103,1,0,305.5,3,1,4.0,1
4370,Electronics,13353.0,21.6,Wallet,928,6,1,392.2,3,1,1.0,0
4371,Apparel,1064.0,42.2,COD,1010,20,4,185.8,1,0,4.0,1
4372,Apparel,1556.0,31.8,COD,31,2,1,159.2,3,0,,0
4373,Electronics,40238.0,21.9,COD,258,3,0,172.5,1,0,5.0,1
4374,Apparel,1569.0,20.0,COD,507,5,0,370.0,7,0,4.0,1
4375,Home,5275.0,0.0,Prepaid_UPI,118,1,0,173.7,5,1,4.0,0
4376,Apparel,1870.0,17.2,Prepaid_UPI,237,2,0,371.0,6,1,4.0,1
4377,Footwear,1161.0,25.5,Prepaid_Card,328,2,1,299.4,6,1,3.0,1
4378,Apparel,942.0,25.5,COD,1293,171,14,321.8,2,1,2.0,1
4379,Footwear,702.0,59.0,Prepaid_Card,207,1,0,589.4,6,0,3.0,1
4380,Apparel,1029.0,26.2,COD,69,0,0,397.7,4,1,3.0,0
4381,Electronics,44948.0,31.5,Prepaid_UPI,5,1,1,473.2,6,1,5.0,1
4382,Electronics,15624.0,39.5,Prepaid_Card,553,10,1,174.2,1,1,3.0,0
4383,Apparel,1948.0,30.1,COD,33,0,0,115.2,2,1,3.0,1
4384,Electronics,4957.0,20.7,Prepaid_UPI,379,4,0,136.3,3,1,2.0,0
4385,Footwear,2339.0,20.8,Prepaid_UPI,789,279,76,115.5,5,1,2.0,0
4386,Beauty,976.0,16.7,COD,157,2,0,148.7,1,1,,0
4387,Apparel,763.0,28.7,Prepaid_Card,479,5,0,221.9,10,1,5.0,0
4388,Apparel,1071.0,19.4,Prepaid_Card,697,4,2,203.5,7,1,3.0,0
4389,Footwear,3105.0,31.4,COD,408,3,0,341.9,7,1,2.0,1
4390,Home,4075.0,6.9,COD,60,0,0,155.4,8,1,1.0,0
4391,Apparel,1920.0,24.2,Prepaid_UPI,285,3,1,187.3,6,1,3.0,1
4392,Footwear,4120.0,45.3,Wallet,1099,8,0,326.1,2,0,4.0,0
4393,Electronics,22307.0,18.6,Prepaid_Card,1008,51,11,270.6,6,1,1.0,0
4394,Home,7859.0,49.6,Prepaid_Card,267,3,0,203.0,3,1,2.0,0
4395,Electronics,4355.0,24.5,Prepaid_Card,822,5,1,535.1,4,1,4.0,0
4396,Electronics,13304.0,21.2,Prepaid_Card,170,1,0,429.6,6,0,2.0,0
4397,Apparel,1150.0,23.7,COD,407,3,0,680.4,3,0,3.0,0
4398,Footwear,2831.0,17.3,COD,121,4,1,603.0,3,0,1.0,0
4399,Apparel,1383.0,0.0,Wallet,166,5,2,85.5,7,1,4.0,1
4400,Footwear,2772.0,35.2,Prepaid_UPI,136,1,0,293.3,3,1,3.0,0
4401,Footwear,4085.0,54.9,Wallet,327,5,1,226.3,4,1,5.0,1
4402,Footwear,1610.0,29.2,COD,169,3,0,358.9,4,1,1.0,1
4403,Apparel,1870.0,30.1,Prepaid_Card,230,2,0,655.2,6,1,5.0,0
4404,Apparel,1404.0,19.3,Prepaid_Card,416,74,0,357.1,6,1,3.0,1
4405,Electronics,22683.0,39.4,COD,7,0,0,251.7,3,1,5.0,1
4406,Home,2605.0,21.4,COD,543,12,0,231.8,1,0,,0
4407,Beauty,865.0,26.0,Prepaid_UPI,106,16,1,445.6,7,1,4.0,0
4408,Electronics,18215.0,0.0,Prepaid_UPI,830,20,4,390.7,1,1,,1
4409,Footwear,3554.0,14.1,Prepaid_Card,663,19,0,220.7,5,1,4.0,0
4410,Apparel,1258.0,27.5,COD,43,0,0,99.0,4,1,3.0,0
4411,Electronics,7938.0,35.6,Prepaid_Card,92,1,0,271.1,5,0,2.0,0
4412,Apparel,1768.0,36.0,COD,591,7,0,172.0,5,0,2.0,0
4413,Footwear,3154.0,0.0,COD,73,0,0,154.8,4,0,2.0,0
4414,Apparel,2109.0,0.0,Prepaid_Card,15,0,0,75.9,4,0,4.0,1
4415,Apparel,1353.0,30.8,COD,197,2,0,563.4,5,0,2.0,0
4416,Footwear,3118.0,10.8,Wallet,37,0,0,705.6,5,1,2.0,0
4417,Electronics,22195.0,35.4,Prepaid_Card,90,1,0,208.7,1,0,4.0,0
4418,Apparel,1625.0,0.0,COD,124,2,0,233.3,4,0,2.0,0
4419,Apparel,1185.0,20.5,COD,478,3,1,278.7,6,1,,1
4420,Electronics,7238.0,21.5,Prepaid_UPI,195,2,0,203.4,3,0,4.0,1
4421,Apparel,2176.0,29.2,COD,91,1,0,311.0,6,0,1.0,1
4422,Apparel,1697.0,6.5,COD,346,3,0,327.7,7,1,1.0,0
4423,Home,4986.0,0.0,Prepaid_Card,159,1,0,543.8,5,0,4.0,0
4424,Apparel,1267.0,24.6,COD,629,6,4,121.3,5,0,2.0,0
4425,Home,5778.0,29.9,Prepaid_Card,770,9,2,305.0,2,1,2.0,0
4426,Electronics,6753.0,37.1,Prepaid_Card,93,1,0,214.3,4,1,2.0,0
4427,Apparel,987.0,16.6,COD,33,0,0,202.4,6,0,,1
4428,Apparel,624.0,33.6,Prepaid_UPI,103,2,0,56.7,4,1,1.0,0
4429,Apparel,627.0,29.3,Prepaid_Card,453,3,0,157.4,4,1,5.0,0
4430,Apparel,438.0,41.8,Prepaid_Card,653,4,0,336.1,6,0,4.0,0
4431,Apparel,1761.0,21.2,COD,780,29,3,163.0,5,0,,0
4432,Beauty,684.0,0.0,Prepaid_Card,768,13,2,274.3,6,0,4.0,0
4433,Footwear,3828.0,21.0,COD,207,1,0,26.3,1,0,1.0,1
4434,Electronics,40814.0,23.3,Prepaid_Card,223,4,2,223.5,5,1,2.0,0
4435,Home,1598.0,29.8,COD,716,12,0,266.2,1,1,,0
4436,Home,5758.0,0.0,Wallet,131,3,0,152.5,4,1,2.0,0
4437,Footwear,2341.0,17.3,COD,978,84,22,211.9,9,1,3.0,1
4438,Apparel,2054.0,35.0,Wallet,188,2,0,294.0,6,1,2.0,1
4439,Apparel,1272.0,20.4,Wallet,76,1,1,188.3,5,0,2.0,1
4440,Apparel,1082.0,17.4,Prepaid_Card,466,4,0,327.1,3,1,3.0,0
4441,Apparel,930.0,50.6,COD,219,32,0,173.8,8,0,1.0,0
4442,Apparel,2027.0,5.9,COD,389,4,0,384.5,5,1,,0
4443,Footwear,1405.0,40.5,Wallet,122,2,1,88.6,1,0,1.0,0
4444,Beauty,2095.0,37.3,Prepaid_Card,48,0,0,237.0,3,0,1.0,0
4445,Apparel,750.0,18.6,Prepaid_Card,485,7,1,325.2,5,0,4.0,0
4446,Electronics,29381.0,21.5,COD,250,1,0,243.1,4,0,1.0,0
4447,Electronics,20957.0,21.5,Prepaid_UPI,289,2,1,381.2,7,1,2.0,1
4448,Electronics,5782.0,24.7,COD,132,1,0,199.1,2,0,4.0,1
4449,Home,1270.0,13.1,COD,117,1,0,204.1,5,1,2.0,0
4450,Apparel,907.0,15.6,COD,604,6,0,68.9,3,0,2.0,0
4451,Footwear,3567.0,16.7,Prepaid_Card,733,9,1,377.8,5,0,5.0,0
4452,Beauty,1863.0,17.2,Prepaid_UPI,29,0,0,418.6,3,0,3.0,0
4453,Home,1879.0,17.3,Prepaid_UPI,324,2,0,396.1,5,1,2.0,0
4454,Home,3967.0,0.0,COD,12,0,0,182.1,8,1,4.0,0
4455,Electronics,5448.0,23.5,COD,93,1,0,85.2,1,0,3.0,1
4456,Electronics,32558.0,14.1,Prepaid_UPI,424,3,0,582.7,9,0,5.0,1
4457,Apparel,1828.0,0.0,Prepaid_Card,308,4,0,228.3,12,1,,0
4458,Home,7180.0,16.7,COD,40,11,2,100.5,3,0,,1
4459,Apparel,1994.0,16.3,COD,154,1,0,487.3,8,0,3.0,0
4460,Footwear,1852.0,41.1,Prepaid_Card,89,1,0,61.2,6,1,2.0,0
4461,Electronics,12349.0,13.9,Wallet,415,3,1,555.8,6,0,2.0,1
4462,Electronics,40471.0,32.0,Prepaid_UPI,1079,7,0,87.7,3,1,1.0,1
4463,Electronics,7595.0,42.7,COD,358,5,1,224.3,2,0,,0
4464,Beauty,289.0,12.6,Prepaid_UPI,486,4,2,225.8,3,0,3.0,0
4465,Apparel,966.0,21.3,COD,20,0,0,280.7,4,0,4.0,0
4466,Apparel,1769.0,47.9,Prepaid_UPI,392,4,1,327.5,2,1,3.0,0
4467,Apparel,1650.0,25.4,COD,194,7,1,173.1,3,1,5.0,1
4468,Home,7900.0,27.6,COD,107,1,0,205.3,7,0,,0
4469,Beauty,995.0,15.9,Prepaid_Card,25,0,0,171.0,8,1,2.0,0
4470,Apparel,897.0,32.3,COD,52,0,0,442.3,3,0,3.0,0
4471,Beauty,1039.0,21.4,COD,48,0,0,305.4,10,1,5.0,1
4472,Apparel,1808.0,0.0,Prepaid_Card,160,1,0,432.8,1,1,,0
4473,Home,1950.0,16.7,Prepaid_UPI,21,0,0,193.7,2,0,4.0,0
4474,Apparel,2106.0,4.3,Prepaid_UPI,989,12,1,193.6,1,1,,0
4475,Electronics,23650.0,23.7,COD,364,4,2,103.1,1,1,1.0,1
4476,Home,6330.0,8.2,COD,413,3,0,373.2,7,1,5.0,1
4477,Electronics,37434.0,29.2,Prepaid_Card,64,2,0,253.8,3,0,2.0,1
4478,Apparel,1262.0,22.7,Prepaid_Card,197,2,1,232.9,4,1,1.0,1
4479,Footwear,3465.0,3.3,COD,144,1,1,177.3,4,1,1.0,1
4480,Beauty,1007.0,14.6,Prepaid_UPI,101,15,1,199.8,2,1,3.0,0
4481,Electronics,36719.0,31.3,Wallet,191,1,0,308.7,1,1,1.0,0
4482,Home,6644.0,39.2,COD,747,5,1,356.9,1,1,1.0,0
4483,Footwear,2765.0,8.5,Prepaid_UPI,693,5,1,154.4,4,1,,0
4484,Apparel,793.0,5.5,Prepaid_Card,1800,11,3,350.7,5,1,4.0,0
4485,Footwear,4381.0,51.3,COD,23,0,0,239.4,2,1,4.0,0
4486,Apparel,2105.0,21.9,Prepaid_Card,172,2,2,293.9,1,0,2.0,1
4487,Footwear,2979.0,23.4,COD,92,1,0,212.1,6,0,,1
4488,Apparel,2171.0,10.9,COD,357,47,6,194.7,7,0,5.0,0
4489,Apparel,1305.0,25.2,Wallet,179,34,12,211.4,1,1,1.0,0
4490,Electronics,17646.0,47.7,Prepaid_Card,722,6,0,104.6,2,1,1.0,0
4491,Electronics,21370.0,25.8,COD,724,14,2,185.9,6,1,5.0,1
4492,Footwear,684.0,38.0,Prepaid_Card,318,6,2,68.3,1,0,3.0,0
4493,Beauty,1440.0,22.4,Wallet,71,0,0,362.8,1,0,5.0,0
4494,Apparel,1599.0,6.6,Prepaid_Card,17,1,0,98.4,7,1,4.0,0
4495,Apparel,597.0,11.8,Wallet,47,1,1,321.1,3,1,5.0,0
4496,Electronics,12395.0,5.2,Prepaid_UPI,728,6,2,129.3,4,1,3.0,0
4497,Electronics,32788.0,25.3,COD,365,49,11,478.7,2,1,3.0,1
4498,Electronics,35959.0,40.4,Prepaid_UPI,171,2,0,60.4,7,1,,1
4499,Footwear,4443.0,24.4,Prepaid_UPI,303,18,0,221.3,4,1,,0
4500,Footwear,1513.0,17.4,Prepaid_UPI,170,1,0,488.4,6,0,2.0,0
4501,Apparel,1915.0,10.2,COD,259,2,0,328.3,3,1,3.0,0
4502,Electronics,8738.0,27.3,COD,114,1,0,186.2,2,1,1.0,0
4503,Home,1308.0,3.4,COD,179,4,1,638.3,4,0,5.0,0
4504,Electronics,33139.0,5.0,Prepaid_Card,110,1,0,215.6,2,1,4.0,0
4505,Apparel,1203.0,35.5,Prepaid_UPI,30,1,0,211.3,3,0,3.0,0
4506,Electronics,35974.0,17.8,Prepaid_UPI,1,0,0,402.8,2,1,3.0,0
4507,Electronics,13576.0,17.5,Prepaid_Card,249,14,0,204.0,1,1,5.0,0
4508,Apparel,784.0,19.5,COD,427,22,3,209.4,6,0,4.0,0
4509,Footwear,2695.0,32.9,COD,45,1,0,166.3,5,1,1.0,1
4510,Electronics,6251.0,24.5,Prepaid_UPI,295,7,0,310.3,2,1,3.0,1
4511,Home,2446.0,10.9,Prepaid_Card,1181,48,14,341.7,8,0,1.0,1
4512,Electronics,8481.0,11.4,Prepaid_UPI,160,7,0,162.5,2,1,4.0,0
4513,Footwear,1780.0,19.1,COD,135,1,0,451.9,6,0,4.0,0
4514,Apparel,1778.0,26.5,COD,9,0,0,166.4,1,0,,1
4515,Apparel,617.0,21.5,Wallet,258,2,0,140.8,3,1,4.0,0
4516,Apparel,1501.0,20.1,COD,148,3,0,116.3,1,1,,0
4517,Electronics,26813.0,22.7,COD,25,2,0,420.1,2,1,,1
4518,Apparel,1369.0,21.5,Prepaid_Card,1140,7,0,126.7,5,0,1.0,0
4519,Footwear,2437.0,10.3,Prepaid_Card,586,50,3,584.9,5,0,3.0,0
4520,Apparel,1595.0,38.6,Wallet,193,1,1,111.4,2,1,1.0,1
4521,Apparel,1933.0,14.8,Wallet,333,3,0,217.2,4,1,2.0,0
4522,Electronics,8297.0,23.9,Prepaid_UPI,903,12,1,124.2,5,0,5.0,0
4523,Footwear,3757.0,0.0,COD,39,0,0,177.0,3,0,1.0,0
4524,Footwear,746.0,18.8,Prepaid_Card,87,1,0,231.4,6,0,5.0,0
4525,Footwear,2428.0,5.5,Prepaid_UPI,515,3,1,569.9,4,0,4.0,1
4526,Home,4238.0,7.3,Prepaid_Card,158,2,0,369.6,3,0,2.0,1
4527,Footwear,1290.0,58.3,Wallet,295,7,1,49.5,8,1,4.0,0
4528,Home,990.0,25.7,Prepaid_Card,261,3,1,224.3,3,0,4.0,0
4529,Apparel,535.0,40.4,COD,122,6,0,229.7,2,1,,0
4530,Home,587.0,34.8,Prepaid_Card,56,1,1,182.1,6,1,1.0,0
4531,Footwear,2794.0,36.7,Prepaid_UPI,297,3,0,271.8,5,1,1.0,0
4532,Apparel,680.0,19.0,COD,24,1,0,716.4,1,0,,1
4533,Home,6527.0,46.1,COD,784,5,4,166.7,1,0,,1
4534,Electronics,40574.0,34.7,Prepaid_UPI,44,0,0,324.0,5,0,3.0,0
4535,Electronics,14007.0,22.6,COD,119,8,0,99.5,3,0,4.0,0
4536,Apparel,696.0,25.9,COD,273,7,0,64.8,5,1,,0
4537,Home,3454.0,19.9,Prepaid_UPI,115,1,0,218.0,3,0,2.0,1
4538,Footwear,4026.0,22.8,Prepaid_UPI,92,11,2,362.2,5,1,1.0,0
4539,Apparel,1120.0,21.3,Prepaid_Card,50,3,3,212.3,6,0,5.0,1
4540,Electronics,5945.0,27.7,Wallet,23,0,0,349.4,1,0,2.0,0
4541,Apparel,2172.0,48.1,Wallet,28,3,0,349.7,2,1,4.0,0
4542,Apparel,1299.0,3.9,Prepaid_Card,490,11,4,938.8,8,0,,1
4543,Beauty,955.0,39.1,COD,149,2,0,302.0,5,1,2.0,0
4544,Electronics,40341.0,16.5,Prepaid_UPI,355,63,16,223.0,6,0,1.0,0
4545,Electronics,41820.0,41.0,COD,988,7,1,313.3,9,1,1.0,0
4546,Apparel,1294.0,17.0,Prepaid_UPI,750,5,0,155.7,7,0,,0
4547,Beauty,871.0,28.2,Prepaid_Card,55,1,0,340.9,4,0,2.0,0
4548,Apparel,1269.0,19.6,COD,1108,29,8,321.2,2,1,1.0,0
4549,Footwear,1377.0,0.0,Prepaid_Card,359,2,1,504.0,7,0,2.0,1
4550,Apparel,1261.0,48.1,Prepaid_Card,1205,10,1,134.4,7,1,1.0,0
4551,Apparel,813.0,7.9,Wallet,687,7,0,260.0,5,1,4.0,0
4552,Home,5091.0,23.3,COD,478,7,1,582.8,9,0,2.0,1
4553,Apparel,1768.0,6.2,Wallet,1553,16,5,171.4,5,1,2.0,0
4554,Home,7765.0,1.9,COD,715,15,3,37.6,5,1,,1
4555,Apparel,1917.0,18.9,Prepaid_UPI,85,1,0,251.9,7,0,1.0,1
4556,Footwear,845.0,13.1,Wallet,1066,9,0,237.5,6,1,2.0,0
4557,Footwear,1346.0,4.5,COD,711,9,1,233.7,6,0,,0
4558,Footwear,2627.0,21.5,COD,37,0,0,281.9,1,1,,0
4559,Apparel,864.0,0.0,Prepaid_UPI,55,0,0,358.5,5,0,4.0,0
4560,Home,411.0,23.9,Prepaid_UPI,653,5,0,1006.6,3,1,5.0,0
4561,Beauty,1924.0,20.1,COD,60,1,0,170.3,3,0,5.0,1
4562,Apparel,1044.0,0.0,Prepaid_Card,337,10,1,153.5,4,1,2.0,1
4563,Apparel,519.0,14.2,Prepaid_UPI,25,0,0,351.6,3,0,1.0,0
4564,Footwear,2535.0,29.0,COD,7,0,0,143.8,6,0,3.0,1
4565,Apparel,2159.0,6.0,Prepaid_Card,515,27,1,189.7,2,0,2.0,0
4566,Home,5525.0,29.7,Prepaid_Card,243,2,1,203.0,1,0,4.0,0
4567,Footwear,1135.0,28.5,COD,208,1,0,484.0,4,0,1.0,0
4568,Apparel,1326.0,6.7,Prepaid_UPI,68,1,0,518.2,7,1,,1
4569,Home,7243.0,21.8,COD,227,10,2,60.2,3,0,,0
4570,Home,718.0,34.4,Wallet,72,1,0,72.3,4,1,4.0,0
4571,Apparel,1548.0,8.9,Prepaid_Card,987,15,0,242.3,4,1,1.0,0
4572,Footwear,3385.0,18.9,Prepaid_Card,49,1,0,427.1,10,0,3.0,0
4573,Apparel,1667.0,39.3,Prepaid_Card,296,35,1,598.9,7,0,2.0,1
4574,Electronics,7777.0,9.1,COD,380,3,0,252.2,3,0,1.0,0
4575,Footwear,4129.0,28.9,Prepaid_UPI,263,3,1,513.5,4,0,1.0,0
4576,Apparel,980.0,5.8,Prepaid_UPI,17,0,0,154.8,3,0,2.0,0
4577,Footwear,707.0,19.6,Prepaid_UPI,483,7,1,203.2,9,1,5.0,1
4578,Apparel,550.0,28.7,Prepaid_Card,11,0,0,271.3,1,1,1.0,1
4579,Electronics,21242.0,0.0,COD,926,11,1,187.9,2,0,3.0,0
4580,Apparel,472.0,14.0,COD,197,2,0,574.9,6,1,5.0,0
4581,Home,6303.0,28.4,Prepaid_UPI,362,19,1,191.0,8,1,5.0,0
4582,Footwear,3963.0,25.4,COD,189,3,1,289.1,4,1,3.0,1
4583,Footwear,553.0,14.2,Prepaid_Card,104,8,1,172.9,4,1,1.0,0
4584,Beauty,2054.0,5.4,Prepaid_Card,529,4,0,178.3,5,0,1.0,0
4585,Home,7855.0,31.4,Prepaid_Card,181,2,0,129.6,5,0,3.0,0
4586,Footwear,621.0,17.2,Prepaid_UPI,243,2,0,399.9,9,1,3.0,0
4587,Electronics,32954.0,30.2,Prepaid_Card,914,12,3,351.2,5,1,5.0,0
4588,Beauty,2498.0,27.7,Wallet,55,2,1,368.4,4,0,3.0,0
4589,Home,6438.0,15.3,COD,1471,27,2,182.3,5,0,,1
4590,Footwear,2521.0,38.1,Prepaid_Card,233,5,1,141.6,7,0,3.0,1
4591,Apparel,1993.0,13.1,COD,101,1,0,206.8,2,1,2.0,0
4592,Electronics,32207.0,39.9,Prepaid_UPI,559,4,0,328.7,5,0,2.0,1
4593,Footwear,1670.0,41.8,Prepaid_Card,876,38,7,130.3,5,1,5.0,1
4594,Apparel,804.0,37.8,Prepaid_Card,79,1,0,221.2,2,0,4.0,0
4595,Apparel,1323.0,19.3,Prepaid_UPI,58,3,0,329.6,4,1,5.0,0
4596,Beauty,1027.0,60.2,Prepaid_Card,1242,17,0,157.5,3,0,5.0,0
4597,Electronics,15631.0,24.3,COD,140,1,0,641.1,3,1,5.0,0
4598,Apparel,720.0,25.6,Prepaid_Card,479,34,10,311.3,9,0,3.0,0
4599,Electronics,38224.0,21.7,COD,567,41,7,230.7,5,1,2.0,1
4600,Electronics,32080.0,5.1,Prepaid_UPI,1,0,0,192.2,5,1,1.0,0
4601,Home,2851.0,41.4,Prepaid_UPI,545,7,1,342.6,6,0,5.0,0
4602,Beauty,709.0,13.4,Prepaid_UPI,57,1,0,165.1,4,0,2.0,0
4603,Beauty,451.0,35.8,Prepaid_UPI,270,2,1,349.1,4,0,5.0,1
4604,Home,1166.0,39.4,Prepaid_UPI,205,12,0,119.4,8,1,2.0,0
4605,Home,5116.0,31.0,Prepaid_Card,434,3,0,230.3,8,1,,0
4606,Electronics,5966.0,11.6,COD,345,2,0,384.5,6,1,5.0,0
4607,Footwear,4341.0,16.9,COD,1548,22,1,156.1,4,1,,0
4608,Apparel,902.0,0.0,Wallet,284,3,0,156.3,5,0,4.0,0
4609,Apparel,446.0,20.3,Wallet,763,10,2,243.3,3,0,3.0,1
4610,Beauty,2160.0,34.0,Prepaid_UPI,155,1,0,263.6,5,0,5.0,0
4611,Footwear,1970.0,18.4,COD,284,40,1,424.9,2,1,1.0,0
4612,Apparel,1017.0,13.1,COD,84,1,0,344.9,6,1,2.0,0
4613,Home,1213.0,17.5,Prepaid_UPI,20,0,0,212.7,8,0,4.0,0
4614,Electronics,30126.0,40.2,COD,145,1,0,217.6,2,0,5.0,0
4615,Electronics,16915.0,21.2,Prepaid_Card,299,2,1,361.7,8,1,3.0,0
4616,Apparel,1881.0,49.9,COD,870,17,4,114.1,6,0,,0
4617,Apparel,1535.0,13.4,COD,208,3,0,138.5,3,1,4.0,1
4618,Home,7075.0,25.3,Prepaid_UPI,28,0,0,179.5,5,0,5.0,1
4619,Electronics,28468.0,15.5,Wallet,28,0,0,86.0,8,0,5.0,0
4620,Electronics,35332.0,53.1,Prepaid_UPI,99,3,0,411.3,7,1,2.0,0
4621,Apparel,1654.0,24.7,Prepaid_Card,173,2,0,108.4,7,0,2.0,0
4622,Beauty,1237.0,53.9,Prepaid_Card,214,2,0,741.4,4,0,5.0,0
4623,Home,5603.0,15.7,Wallet,3,0,0,323.2,2,1,2.0,1
4624,Footwear,3154.0,44.9,Prepaid_Card,269,2,1,181.5,4,1,4.0,1
4625,Apparel,412.0,23.8,Prepaid_Card,1039,9,4,213.0,5,1,5.0,1
4626,Home,5680.0,34.5,Prepaid_UPI,467,11,5,539.1,4,0,4.0,0
4627,Footwear,1549.0,3.7,COD,181,9,3,196.8,3,0,4.0,0
4628,Electronics,24932.0,27.2,COD,173,2,0,177.5,2,1,1.0,1
4629,Apparel,600.0,6.0,Prepaid_UPI,137,1,0,208.9,6,0,2.0,0
4630,Apparel,441.0,25.9,Prepaid_Card,253,2,1,202.2,3,0,2.0,1
4631,Apparel,427.0,0.0,COD,58,1,0,251.6,6,1,1.0,1
4632,Electronics,8129.0,20.6,COD,135,4,0,201.9,4,1,,0
4633,Electronics,2071.0,38.4,Wallet,1038,25,0,490.4,4,1,5.0,0
4634,Apparel,638.0,30.2,Prepaid_Card,302,3,0,231.0,2,1,4.0,0
4635,Home,4606.0,3.5,Prepaid_Card,25,0,0,143.4,5,0,4.0,1
4636,Apparel,1120.0,0.0,COD,4,0,0,98.7,4,1,5.0,1
4637,Electronics,44157.0,29.5,Wallet,85,4,0,115.4,2,0,4.0,0
4638,Home,6527.0,45.7,Prepaid_UPI,111,1,0,364.1,4,1,2.0,0
4639,Apparel,664.0,7.5,Prepaid_Card,31,0,0,321.2,3,1,2.0,0
4640,Apparel,1150.0,53.5,COD,45,0,0,277.6,1,0,3.0,0
4641,Apparel,1176.0,21.9,Prepaid_UPI,92,1,0,363.7,6,0,1.0,0
4642,Apparel,1052.0,0.0,Prepaid_UPI,34,1,1,365.9,2,1,3.0,0
4643,Electronics,22907.0,0.0,Prepaid_UPI,111,1,0,323.6,5,1,4.0,0
4644,Apparel,1606.0,33.5,Wallet,277,3,0,91.2,10,1,2.0,0
4645,Apparel,1554.0,23.9,Prepaid_Card,444,3,0,78.7,2,0,2.0,0
4646,Beauty,989.0,44.2,COD,113,1,0,225.1,6,0,1.0,0
4647,Beauty,1807.0,4.0,Prepaid_Card,303,8,2,443.4,4,0,3.0,0
4648,Apparel,921.0,23.8,Prepaid_UPI,325,9,2,221.3,5,1,1.0,0
4649,Apparel,1904.0,22.1,COD,87,0,0,233.6,1,0,5.0,0
4650,Electronics,43439.0,19.9,COD,646,4,2,344.0,5,1,2.0,1
4651,Footwear,1679.0,16.3,Prepaid_UPI,371,4,1,37.8,5,0,4.0,1
4652,Footwear,3639.0,16.6,Prepaid_Card,98,1,0,233.7,10,1,3.0,1
4653,Apparel,1864.0,24.6,Prepaid_UPI,513,5,0,211.0,1,0,5.0,1
4654,Apparel,1283.0,26.5,COD,541,4,1,241.2,3,0,,0
4655,Electronics,5043.0,25.8,COD,49,1,1,587.7,6,1,,1
4656,Footwear,3645.0,40.1,COD,20,1,0,191.5,6,0,3.0,1
4657,Footwear,2130.0,4.0,Prepaid_UPI,335,6,4,349.4,4,1,3.0,1
4658,Apparel,775.0,0.0,Prepaid_UPI,1204,12,0,198.0,7,0,3.0,0
4659,Home,5125.0,37.3,Prepaid_Card,516,8,3,147.7,5,1,4.0,0
4660,Apparel,1186.0,7.8,Prepaid_Card,691,5,1,212.9,5,0,,1
4661,Home,974.0,16.3,COD,878,5,1,464.3,1,0,4.0,0
4662,Beauty,2462.0,12.8,Prepaid_UPI,28,1,1,401.2,6,0,3.0,1
4663,Electronics,11916.0,12.5,Wallet,181,1,0,194.2,8,1,5.0,0
4664,Apparel,1320.0,0.1,Prepaid_UPI,157,1,0,113.8,2,1,1.0,0
4665,Home,5438.0,13.5,COD,314,3,0,385.6,4,1,4.0,0
4666,Electronics,6241.0,31.7,Prepaid_Card,184,7,2,374.3,1,0,5.0,0
4667,Footwear,3458.0,21.9,COD,15,0,0,234.5,6,0,1.0,0
4668,Electronics,29595.0,29.6,COD,79,0,0,112.7,4,0,2.0,0
4669,Footwear,2475.0,14.6,COD,43,0,0,401.0,6,1,2.0,0
4670,Apparel,1351.0,35.5,COD,589,5,0,259.1,4,1,,0
4671,Apparel,2119.0,14.4,COD,164,20,0,253.8,4,1,3.0,0
4672,Apparel,2040.0,0.0,Prepaid_UPI,179,3,0,547.4,4,1,5.0,0
4673,Apparel,602.0,26.7,COD,255,3,0,260.6,5,1,2.0,0
4674,Apparel,1064.0,33.5,Prepaid_UPI,382,3,3,384.5,5,1,4.0,1
4675,Home,4279.0,13.6,Wallet,572,4,0,489.3,5,0,5.0,1
4676,Apparel,2056.0,40.0,Prepaid_Card,176,2,0,183.0,8,0,4.0,1
4677,Apparel,1870.0,9.2,Prepaid_Card,765,15,1,135.6,7,1,5.0,0
4678,Apparel,1096.0,32.1,Prepaid_UPI,125,2,0,293.9,8,0,5.0,0
4679,Apparel,1995.0,48.2,COD,176,7,0,685.0,2,0,2.0,0
4680,Footwear,2013.0,22.6,Prepaid_Card,142,5,2,237.4,3,1,5.0,0
4681,Beauty,787.0,18.6,Prepaid_Card,11,0,0,139.6,7,0,5.0,0
4682,Apparel,1498.0,20.4,Prepaid_UPI,530,4,1,152.7,2,1,1.0,0
4683,Footwear,1924.0,46.4,Prepaid_UPI,265,4,2,200.5,8,1,5.0,1
4684,Footwear,2990.0,28.0,Prepaid_UPI,1,0,0,236.3,3,1,5.0,0
4685,Beauty,1113.0,54.2,Prepaid_UPI,1103,6,0,345.1,4,0,5.0,0
4686,Electronics,36055.0,26.2,Prepaid_Card,194,13,1,312.8,4,1,5.0,1
4687,Apparel,2118.0,12.2,Prepaid_UPI,154,1,0,509.3,5,0,5.0,0
4688,Electronics,13040.0,13.2,Prepaid_UPI,99,6,2,250.1,8,0,1.0,0
4689,Footwear,2540.0,22.9,Prepaid_Card,399,27,7,331.6,7,1,1.0,0
4690,Footwear,3398.0,0.0,Wallet,409,8,2,535.6,9,1,2.0,0
4691,Electronics,8143.0,14.9,Prepaid_UPI,207,10,4,273.2,10,0,1.0,0
4692,Apparel,1833.0,15.2,Prepaid_Card,333,3,0,48.8,3,1,4.0,0
4693,Footwear,2832.0,25.6,COD,170,1,0,223.2,2,0,5.0,0
4694,Footwear,1099.0,51.1,COD,64,1,1,242.8,5,1,,1
4695,Electronics,39228.0,22.8,Prepaid_UPI,279,3,0,143.4,5,1,1.0,1
4696,Home,3586.0,0.0,COD,519,4,0,95.2,1,1,,0
4697,Electronics,8936.0,8.3,Prepaid_Card,261,2,0,108.4,6,0,3.0,0
4698,Electronics,9758.0,25.9,Prepaid_Card,120,1,0,544.7,2,0,3.0,0
4699,Electronics,35605.0,23.4,Prepaid_UPI,169,1,0,356.1,4,1,5.0,0
4700,Footwear,4243.0,46.4,Prepaid_UPI,292,4,0,100.1,6,1,1.0,0
4701,Beauty,1039.0,36.4,Prepaid_UPI,1936,20,5,196.2,6,1,1.0,0
4702,Electronics,4653.0,36.0,COD,15,0,0,38.5,5,0,4.0,0
4703,Electronics,5616.0,18.7,COD,136,6,1,215.6,5,0,4.0,0
4704,Electronics,29866.0,38.5,Prepaid_UPI,121,1,1,87.3,6,0,3.0,1
4705,Apparel,1067.0,8.6,COD,262,2,0,467.6,3,0,1.0,0
4706,Apparel,1167.0,36.5,Prepaid_Card,188,1,0,573.0,5,1,1.0,0
4707,Apparel,1007.0,17.8,Wallet,254,6,0,588.9,4,1,4.0,0
4708,Electronics,21591.0,0.3,Prepaid_Card,327,17,0,128.2,5,0,5.0,0
4709,Apparel,1558.0,30.9,Prepaid_Card,464,21,1,97.0,7,0,5.0,0
4710,Electronics,24902.0,43.0,Prepaid_UPI,670,5,0,205.6,5,1,2.0,0
4711,Footwear,1157.0,15.9,Prepaid_UPI,1264,11,0,202.0,8,0,3.0,0
4712,Apparel,1284.0,45.4,Prepaid_Card,189,1,0,54.6,3,1,3.0,0
4713,Home,3847.0,0.0,Prepaid_Card,18,0,0,154.0,4,0,5.0,1
4714,Beauty,1432.0,4.0,COD,241,6,1,217.1,1,1,,0
4715,Home,1152.0,19.8,Prepaid_Card,376,6,0,87.4,2,0,,0
4716,Apparel,676.0,16.4,COD,29,0,0,127.8,4,1,4.0,1
4717,Electronics,24425.0,12.0,Prepaid_Card,29,1,1,279.0,6,1,5.0,1
4718,Home,2421.0,24.0,Prepaid_UPI,721,8,0,275.1,3,1,2.0,0
4719,Electronics,28752.0,14.1,COD,77,1,0,419.6,2,1,2.0,0
4720,Apparel,1071.0,16.6,Prepaid_Card,242,2,0,57.0,5,1,5.0,0
4721,Electronics,10868.0,26.2,COD,45,0,0,252.5,1,0,2.0,0
4722,Home,5354.0,12.0,COD,303,15,1,345.6,1,1,1.0,1
4723,Apparel,1109.0,20.4,COD,194,2,0,555.2,3,1,5.0,1
4724,Home,1514.0,12.3,COD,1033,6,3,187.7,5,1,5.0,1
4725,Apparel,1856.0,3.9,Wallet,328,5,2,218.4,3,0,1.0,1
4726,Electronics,20111.0,33.5,Wallet,498,4,1,186.0,5,0,3.0,1
4727,Footwear,4160.0,47.6,Prepaid_UPI,798,5,0,239.3,6,0,4.0,0
4728,Apparel,748.0,38.0,Prepaid_Card,58,1,0,435.3,6,1,1.0,0
4729,Home,7048.0,27.0,Prepaid_UPI,198,12,4,399.2,8,0,3.0,0
4730,Electronics,36937.0,12.4,Prepaid_UPI,1094,71,2,141.5,5,0,2.0,0
4731,Apparel,587.0,17.7,Prepaid_Card,454,30,2,226.4,8,1,1.0,0
4732,Beauty,1399.0,37.9,COD,325,5,0,184.1,6,1,,0
4733,Electronics,29831.0,0.0,Prepaid_UPI,311,13,5,178.5,4,0,3.0,0
4734,Apparel,1292.0,16.6,Wallet,709,10,0,327.2,2,1,2.0,0
4735,Beauty,1067.0,33.0,COD,107,1,0,188.4,5,0,4.0,0
4736,Footwear,4275.0,4.9,Prepaid_Card,366,7,2,333.2,2,0,5.0,0
4737,Home,5696.0,28.4,COD,593,7,0,192.3,4,0,3.0,0
4738,Apparel,2139.0,27.7,COD,158,6,1,168.3,4,1,2.0,1
4739,Apparel,1923.0,0.2,Prepaid_UPI,712,6,0,221.2,7,1,2.0,0
4740,Home,6592.0,23.3,COD,1292,22,2,748.8,3,1,4.0,1
4741,Apparel,1706.0,12.7,Wallet,266,10,0,131.2,5,0,4.0,1
4742,Apparel,1563.0,28.2,Prepaid_UPI,71,0,0,152.5,2,1,1.0,0
4743,Footwear,4047.0,32.0,COD,337,2,0,74.6,6,0,,0
4744,Apparel,1504.0,28.0,Prepaid_UPI,146,1,0,164.1,8,0,2.0,0
4745,Apparel,536.0,23.1,Prepaid_UPI,355,3,0,64.4,3,0,4.0,0
4746,Apparel,1449.0,26.3,Prepaid_Card,535,7,2,66.0,5,1,2.0,0
4747,Electronics,5704.0,4.4,Prepaid_Card,1953,35,11,293.8,10,0,4.0,0
4748,Home,7610.0,21.5,Prepaid_UPI,40,0,0,357.1,3,1,,0
4749,Footwear,3087.0,10.1,Prepaid_Card,703,5,1,618.0,1,1,,1
4750,Apparel,1400.0,37.5,COD,347,2,0,134.2,5,0,2.0,1
4751,Apparel,756.0,32.2,COD,779,7,2,130.4,2,1,2.0,0
4752,Electronics,23791.0,32.2,COD,392,6,2,449.2,5,0,4.0,0
4753,Electronics,16203.0,47.7,Prepaid_UPI,442,3,0,251.3,6,0,2.0,1
4754,Electronics,30782.0,17.1,COD,177,1,0,137.5,2,1,2.0,0
4755,Beauty,1570.0,13.8,Prepaid_Card,561,12,4,364.0,1,0,,0
4756,Home,4145.0,16.7,Prepaid_Card,569,7,1,233.7,7,1,1.0,0
4757,Electronics,12270.0,0.0,Prepaid_UPI,173,7,0,229.2,8,0,3.0,0
4758,Beauty,1385.0,0.0,Prepaid_Card,470,6,0,528.8,4,1,3.0,0
4759,Apparel,1231.0,31.3,Wallet,415,3,0,305.5,8,1,3.0,1
4760,Beauty,2150.0,1.1,Wallet,419,7,2,311.3,8,1,2.0,0
4761,Electronics,40372.0,5.9,COD,254,2,0,362.2,6,1,4.0,1
4762,Electronics,34455.0,20.5,Prepaid_UPI,33,1,1,227.0,5,0,5.0,1
4763,Beauty,901.0,15.8,COD,108,4,1,358.5,6,0,1.0,0
4764,Electronics,2868.0,35.3,Prepaid_UPI,1434,11,1,544.0,6,1,5.0,0
4765,Electronics,41730.0,22.9,Prepaid_Card,258,2,0,229.8,1,1,1.0,0
4766,Apparel,2186.0,10.0,COD,1132,8,2,288.2,4,0,3.0,0
4767,Home,1278.0,36.6,COD,265,2,0,139.4,2,1,2.0,0
4768,Home,5579.0,32.9,Prepaid_Card,362,2,0,156.4,3,1,2.0,0
4769,Apparel,1165.0,0.8,Prepaid_UPI,190,6,1,207.9,5,0,5.0,0
4770,Home,1444.0,25.8,Prepaid_UPI,307,3,0,217.1,4,0,3.0,0
4771,Home,7985.0,11.3,COD,897,13,1,81.5,5,1,2.0,0
4772,Electronics,42075.0,10.9,COD,434,3,0,563.4,4,1,5.0,1
4773,Apparel,2169.0,50.0,Prepaid_Card,466,4,2,371.5,4,0,2.0,0
4774,Electronics,7503.0,23.9,Prepaid_Card,573,49,12,271.5,4,1,4.0,0
4775,Apparel,1285.0,18.7,COD,65,1,0,134.6,8,0,,0
4776,Apparel,2012.0,23.3,COD,11,0,0,283.1,6,0,1.0,0
4777,Electronics,30772.0,35.1,Prepaid_UPI,358,7,3,196.6,2,1,3.0,0
4778,Apparel,1182.0,11.5,Prepaid_Card,820,7,2,325.8,4,0,1.0,0
4779,Apparel,1330.0,14.0,Prepaid_UPI,123,1,0,109.3,6,0,5.0,0
4780,Home,597.0,31.9,Prepaid_Card,1639,121,24,465.2,4,1,1.0,0
4781,Apparel,1501.0,0.0,Prepaid_Card,144,1,1,46.3,6,0,3.0,1
4782,Beauty,2170.0,36.9,Prepaid_Card,32,0,0,215.4,4,1,3.0,0
4783,Beauty,157.0,0.0,COD,84,3,0,446.6,5,0,5.0,0
4784,Home,1532.0,18.3,COD,1015,20,2,800.1,7,1,1.0,0
4785,Beauty,1367.0,0.0,Wallet,92,1,1,133.8,5,0,5.0,1
4786,Footwear,2744.0,6.2,Prepaid_UPI,13,0,0,213.5,9,1,2.0,1
4787,Apparel,1018.0,41.5,Prepaid_UPI,87,1,0,110.4,3,0,5.0,0
4788,Footwear,612.0,37.7,COD,103,1,0,158.3,2,0,3.0,0
4789,Apparel,1738.0,39.3,COD,393,4,1,264.5,5,1,2.0,0
4790,Home,2171.0,0.3,COD,195,2,0,96.0,4,1,3.0,0
4791,Electronics,29432.0,6.2,Wallet,1037,65,20,518.4,5,1,4.0,0
4792,Apparel,1406.0,27.1,Prepaid_UPI,848,8,1,178.9,5,1,,0
4793,Apparel,1176.0,32.7,Prepaid_Card,225,8,1,321.1,2,0,,1
4794,Beauty,1537.0,10.0,Wallet,665,4,1,543.6,1,0,3.0,0
4795,Apparel,1651.0,13.3,COD,767,48,5,105.6,6,1,,0
4796,Apparel,1430.0,5.0,Prepaid_Card,258,17,9,340.0,1,0,4.0,0
4797,Apparel,1404.0,46.9,COD,22,0,0,381.0,3,1,,1
4798,Electronics,20300.0,14.9,COD,225,11,2,102.0,4,1,1.0,1
4799,Footwear,2220.0,22.5,Wallet,14,0,0,118.9,4,1,1.0,0
4800,Footwear,2464.0,23.3,Prepaid_UPI,1241,7,0,267.9,6,1,,0
4801,Electronics,21001.0,38.6,COD,227,2,1,514.1,6,1,5.0,1
4802,Apparel,1190.0,7.7,COD,372,9,1,408.8,5,0,3.0,0
4803,Apparel,779.0,39.5,Prepaid_Card,719,15,4,148.0,6,0,2.0,0
4804,Electronics,32948.0,2.8,COD,542,5,0,369.5,2,1,5.0,0
4805,Footwear,1032.0,39.5,Prepaid_Card,3,0,0,124.2,3,1,2.0,0
4806,Footwear,4135.0,0.0,Prepaid_Card,325,14,4,529.3,12,0,,1
4807,Electronics,28568.0,20.4,COD,186,6,1,163.7,5,1,1.0,1
4808,Home,677.0,46.4,COD,1413,10,0,176.4,6,0,,0
4809,Electronics,30064.0,32.5,COD,548,9,5,85.7,2,0,3.0,1
4810,Home,3084.0,28.3,Wallet,16,0,0,132.8,6,0,5.0,1
4811,Electronics,41924.0,6.3,COD,283,8,0,257.3,4,1,3.0,1
4812,Home,7508.0,11.0,Prepaid_Card,167,2,0,164.3,3,1,2.0,0
4813,Electronics,38252.0,42.2,COD,341,4,0,82.2,8,1,3.0,1
4814,Beauty,1484.0,29.1,Prepaid_UPI,41,1,0,163.7,8,0,4.0,1
4815,Electronics,41460.0,35.4,COD,187,2,1,687.8,4,0,,0
4816,Apparel,1570.0,23.1,COD,206,9,0,524.9,5,1,5.0,1
4817,Apparel,1975.0,17.8,Prepaid_UPI,749,5,1,305.1,4,0,5.0,0
4818,Electronics,8210.0,33.5,Prepaid_UPI,128,1,0,291.5,2,0,5.0,1
4819,Home,7262.0,25.9,COD,151,3,0,507.0,5,0,,0
4820,Home,5394.0,19.5,COD,497,5,2,311.2,5,0,,0
4821,Home,2635.0,0.8,Wallet,1046,6,0,256.7,7,0,2.0,0
4822,Apparel,2196.0,36.3,COD,214,3,0,340.2,6,1,,1
4823,Home,5589.0,28.6,COD,453,7,1,147.2,2,0,3.0,0
4824,Home,7295.0,12.9,Prepaid_Card,119,1,0,259.9,1,0,1.0,0
4825,Electronics,1445.0,39.7,COD,168,76,5,285.8,4,0,5.0,0
4826,Electronics,25392.0,25.7,Prepaid_Card,726,6,0,216.0,2,0,3.0,0
4827,Apparel,1683.0,26.0,Prepaid_UPI,275,7,0,267.4,4,0,3.0,0
4828,Electronics,1802.0,35.3,Prepaid_Card,109,1,0,190.2,6,1,3.0,0
4829,Footwear,3550.0,32.0,Prepaid_Card,187,2,1,123.5,5,0,2.0,1
4830,Beauty,1681.0,26.4,Prepaid_Card,478,85,0,171.5,4,0,1.0,0
4831,Home,2416.0,19.2,Prepaid_UPI,1,0,0,273.9,5,1,1.0,0
4832,Apparel,1640.0,51.8,COD,192,2,0,255.5,8,0,5.0,1
4833,Home,1308.0,11.0,COD,1126,19,2,274.7,5,1,4.0,0
4834,Footwear,3796.0,33.2,Prepaid_UPI,548,4,0,208.4,5,1,5.0,0
4835,Electronics,39141.0,20.7,COD,662,7,0,70.4,3,1,,0
4836,Footwear,2442.0,28.8,COD,10,1,1,322.6,5,1,5.0,1
4837,Apparel,1313.0,40.5,COD,303,3,1,234.0,8,0,5.0,1
4838,Apparel,1124.0,17.3,Prepaid_UPI,834,5,0,324.1,4,1,1.0,0
4839,Apparel,1022.0,31.0,COD,460,11,4,262.9,4,1,3.0,1
4840,Apparel,1971.0,26.0,Prepaid_UPI,41,0,0,172.1,7,0,1.0,1
4841,Footwear,1719.0,12.4,Prepaid_UPI,895,8,0,244.0,4,1,1.0,0
4842,Electronics,18845.0,40.9,Prepaid_Card,354,22,5,737.0,6,1,4.0,1
4843,Apparel,940.0,32.7,COD,45,0,0,430.9,5,0,,0
4844,Electronics,29964.0,15.5,Prepaid_UPI,1186,15,3,289.6,6,0,,1
4845,Electronics,36863.0,38.6,COD,2500,17,2,895.0,6,0,,1
4846,Apparel,696.0,9.5,Wallet,71,1,0,155.3,7,0,4.0,0
4847,Apparel,859.0,21.6,Prepaid_UPI,330,132,10,207.5,7,1,5.0,0
4848,Home,1102.0,15.6,COD,204,8,1,256.0,8,1,3.0,0
4849,Apparel,688.0,33.3,Prepaid_UPI,220,3,0,129.9,4,0,3.0,0
4850,Footwear,2128.0,14.8,Prepaid_Card,873,10,0,648.7,2,1,3.0,0
4851,Apparel,1797.0,33.4,Prepaid_Card,287,2,1,683.5,4,0,1.0,1
4852,Footwear,2666.0,30.9,Prepaid_Card,41,0,0,361.3,11,0,3.0,0
4853,Footwear,713.0,16.4,Prepaid_Card,423,3,1,63.0,4,1,2.0,0
4854,Apparel,1525.0,49.4,Prepaid_UPI,197,2,0,90.2,1,0,1.0,0
4855,Apparel,1832.0,10.8,Prepaid_UPI,404,22,2,298.4,10,0,4.0,0
4856,Beauty,1075.0,0.9,COD,178,1,0,526.8,5,1,2.0,0
4857,Electronics,11932.0,34.8,Prepaid_Card,1162,67,3,188.8,3,0,4.0,0
4858,Home,6182.0,0.0,Prepaid_UPI,268,15,3,316.4,2,1,5.0,0
4859,Apparel,443.0,44.4,Prepaid_UPI,104,2,0,491.1,5,0,1.0,0
4860,Apparel,1868.0,23.5,Prepaid_Card,723,4,0,148.5,6,1,3.0,0
4861,Electronics,36427.0,0.6,COD,317,2,0,466.1,6,1,,1
4862,Footwear,4052.0,7.8,Prepaid_UPI,324,21,8,208.3,7,0,2.0,0
4863,Apparel,561.0,0.0,COD,604,4,2,223.9,1,0,5.0,0
4864,Footwear,931.0,27.7,COD,157,1,1,288.3,2,1,1.0,0
4865,Home,7020.0,2.1,Prepaid_Card,531,5,1,124.0,5,1,,0
4866,Apparel,1255.0,29.5,COD,115,5,0,329.1,7,0,2.0,0
4867,Apparel,1106.0,17.4,COD,294,5,1,163.4,4,1,,1
4868,Apparel,1432.0,14.9,COD,42,1,0,136.6,1,1,2.0,1
4869,Electronics,3766.0,29.6,Prepaid_UPI,58,1,0,199.7,7,0,1.0,0
4870,Home,5257.0,31.4,Wallet,541,5,1,115.3,1,1,,0
4871,Electronics,42595.0,39.2,Prepaid_Card,572,11,1,127.6,4,1,2.0,0
4872,Apparel,1616.0,12.5,COD,693,12,0,387.7,6,1,,0
4873,Home,3877.0,21.6,Prepaid_UPI,19,0,0,313.7,6,0,1.0,0
4874,Home,7699.0,12.5,COD,33,0,0,224.6,1,0,,0
4875,Electronics,31357.0,24.4,Wallet,354,14,2,134.8,7,0,4.0,0
4876,Home,739.0,10.3,Prepaid_Card,472,4,0,347.8,8,0,4.0,0
4877,Apparel,1606.0,15.6,COD,17,0,0,456.7,6,1,2.0,1
4878,Home,760.0,15.7,Prepaid_Card,357,3,0,917.2,4,0,,0
4879,Electronics,14657.0,26.4,COD,1566,19,3,479.9,6,0,,1
4880,Electronics,28167.0,22.0,Prepaid_UPI,1239,9,2,189.8,3,0,4.0,0
4881,Apparel,788.0,29.6,COD,229,1,1,120.8,7,1,1.0,1
4882,Home,594.0,20.4,Prepaid_UPI,232,2,0,234.3,8,0,1.0,0
4883,Home,5058.0,13.3,Prepaid_UPI,247,58,11,455.7,4,0,3.0,0
4884,Electronics,13721.0,24.9,Prepaid_UPI,178,7,0,189.3,6,0,2.0,0
4885,Footwear,2632.0,8.2,Prepaid_UPI,15,1,1,78.7,7,0,5.0,1
4886,Footwear,1545.0,30.5,COD,91,12,2,317.8,4,0,,0
4887,Apparel,1636.0,17.7,Prepaid_Card,69,1,0,197.6,1,1,4.0,0
4888,Home,7197.0,25.1,Prepaid_UPI,1077,22,0,132.7,5,0,3.0,0
4889,Electronics,4992.0,25.3,COD,240,2,0,488.0,1,0,2.0,0
4890,Beauty,1998.0,46.0,COD,419,3,0,138.9,8,1,4.0,1
4891,Apparel,681.0,27.7,COD,489,5,2,185.6,6,1,2.0,0
4892,Apparel,993.0,23.1,COD,66,5,2,168.6,4,0,3.0,1
4893,Electronics,16853.0,11.6,Prepaid_UPI,535,9,2,81.9,7,1,3.0,1
4894,Apparel,771.0,34.0,Prepaid_Card,61,9,1,220.6,2,0,,1
4895,Home,879.0,17.9,Prepaid_UPI,220,1,0,74.9,7,0,1.0,0
4896,Electronics,34860.0,0.0,Wallet,99,2,0,117.1,5,1,1.0,1
4897,Apparel,1829.0,19.1,COD,188,10,0,132.4,5,0,4.0,1
4898,Electronics,44861.0,24.9,Prepaid_UPI,414,169,26,96.6,4,1,2.0,0
4899,Footwear,4238.0,9.7,COD,594,5,3,304.1,4,0,5.0,0
4900,Footwear,2239.0,20.2,COD,129,1,0,264.5,6,0,,1
4901,Electronics,7042.0,20.9,COD,35,0,0,324.2,3,1,3.0,1
4902,Apparel,419.0,21.2,COD,730,14,4,85.2,2,0,2.0,1
4903,Apparel,1357.0,40.5,COD,12,1,0,406.4,7,1,3.0,0
4904,Footwear,3942.0,2.3,Prepaid_Card,24,0,0,416.7,6,0,3.0,0
4905,Home,2363.0,52.5,COD,341,6,0,443.5,2,1,1.0,0
4906,Home,1832.0,21.5,COD,258,4,2,246.1,5,0,3.0,1
4907,Footwear,2256.0,30.7,Prepaid_UPI,657,4,1,235.4,5,1,3.0,0
4908,Apparel,2008.0,23.9,COD,2,0,0,323.0,3,0,1.0,0
4909,Home,3778.0,0.0,Prepaid_UPI,158,2,0,476.6,5,0,3.0,0
4910,Apparel,1701.0,6.2,Wallet,331,2,0,233.5,4,0,2.0,0
4911,Apparel,1233.0,14.1,Prepaid_UPI,122,2,0,206.2,6,1,1.0,0
4912,Electronics,17536.0,36.9,Prepaid_Card,27,5,0,277.0,5,1,1.0,0
4913,Electronics,20512.0,1.2,Prepaid_Card,652,15,0,235.0,3,1,,0
4914,Beauty,1956.0,9.2,Prepaid_Card,1828,186,22,70.5,3,1,2.0,0
4915,Electronics,34243.0,24.5,Wallet,361,5,0,212.5,5,1,3.0,1
4916,Footwear,2227.0,29.1,Wallet,362,2,0,251.0,1,0,4.0,0
4917,Footwear,1570.0,28.6,Prepaid_Card,334,2,0,301.5,2,0,4.0,0
4918,Home,1371.0,7.2,Prepaid_Card,194,2,2,307.5,4,0,3.0,0
4919,Beauty,153.0,0.0,Prepaid_UPI,692,4,0,267.2,4,1,2.0,0
4920,Electronics,6161.0,30.1,COD,1399,19,7,371.7,7,0,2.0,1
4921,Electronics,8412.0,43.5,Prepaid_Card,273,5,0,627.7,1,1,3.0,1
4922,Apparel,1642.0,16.8,Prepaid_Card,160,5,0,228.9,4,0,5.0,0
4923,Apparel,1872.0,4.8,Prepaid_UPI,154,2,0,305.2,4,0,2.0,0
4924,Footwear,3448.0,15.6,COD,64,1,0,510.0,4,0,4.0,0
4925,Electronics,32878.0,27.9,COD,109,5,0,226.7,3,1,2.0,1
4926,Electronics,44751.0,18.5,COD,96,1,0,256.5,3,0,2.0,0
4927,Apparel,2133.0,43.1,Prepaid_Card,519,22,1,67.9,5,0,4.0,1
4928,Electronics,12976.0,35.9,Wallet,198,1,0,205.6,4,1,1.0,0
4929,Home,1417.0,24.8,Prepaid_UPI,12,1,0,284.5,4,0,2.0,0
4930,Apparel,676.0,0.0,COD,80,1,0,273.5,2,0,2.0,0
4931,Footwear,4082.0,11.6,COD,218,2,0,237.3,10,1,,0
4932,Home,1088.0,13.8,Prepaid_UPI,128,3,2,189.6,5,0,3.0,0
4933,Footwear,1861.0,10.8,Prepaid_UPI,7,0,0,281.1,8,0,1.0,1
4934,Apparel,1355.0,24.9,Prepaid_Card,627,6,2,464.1,4,0,2.0,1
4935,Home,5024.0,25.2,COD,34,0,0,194.8,5,1,4.0,0
4936,Apparel,1472.0,0.0,COD,926,16,2,122.6,6,1,2.0,1
4937,Electronics,35645.0,34.1,Prepaid_UPI,317,5,0,446.5,4,0,4.0,0
4938,Footwear,2787.0,22.2,Prepaid_Card,73,7,0,292.4,5,1,5.0,0
4939,Home,6853.0,27.4,COD,1795,33,1,112.5,5,0,3.0,1
4940,Apparel,552.0,33.2,Wallet,418,3,0,345.8,4,0,5.0,0
4941,Footwear,3936.0,10.5,Prepaid_Card,905,28,7,374.9,4,0,2.0,0
4942,Apparel,1462.0,40.9,Wallet,978,11,2,101.9,7,1,3.0,0
4943,Home,2017.0,19.9,Prepaid_Card,101,1,0,324.7,2,1,3.0,0
4944,Beauty,2448.0,44.7,Prepaid_Card,172,1,0,413.7,8,0,,0
4945,Electronics,42360.0,8.6,Wallet,266,16,2,142.0,6,1,2.0,1
4946,Footwear,3883.0,43.6,Wallet,628,6,2,189.7,4,0,2.0,0
4947,Home,7319.0,8.4,Wallet,165,1,0,23.6,7,1,3.0,1
4948,Footwear,2029.0,60.2,Prepaid_UPI,444,12,0,447.8,6,0,4.0,0
4949,Home,2054.0,7.7,Prepaid_Card,135,18,4,398.5,5,0,5.0,0
4950,Home,1708.0,37.8,COD,20,0,0,215.1,4,1,5.0,1
4951,Apparel,1973.0,16.6,COD,17,0,0,328.6,1,1,1.0,0
4952,Footwear,3807.0,32.7,Wallet,170,13,3,193.1,3,0,5.0,0
4953,Apparel,2166.0,21.4,COD,209,2,0,454.1,5,1,2.0,1
4954,Beauty,2143.0,5.6,Prepaid_UPI,415,6,1,106.4,6,0,4.0,1
4955,Apparel,1538.0,0.0,Wallet,453,28,5,101.4,5,1,4.0,0
4956,Apparel,656.0,59.6,Wallet,54,1,0,282.9,5,1,5.0,0
4957,Footwear,1159.0,23.1,Wallet,200,3,0,254.3,4,0,2.0,0
4958,Apparel,1253.0,0.0,Prepaid_Card,164,2,0,926.1,6,0,1.0,0
4959,Electronics,34829.0,26.5,Prepaid_Card,19,0,0,313.3,9,0,5.0,0
4960,Home,1634.0,32.3,Wallet,51,2,0,126.7,5,1,2.0,0
4961,Apparel,2048.0,11.3,COD,1317,11,5,180.7,4,1,4.0,0
4962,Apparel,1631.0,11.4,COD,27,0,0,155.9,5,0,4.0,0
4963,Electronics,14879.0,21.7,Wallet,755,8,0,145.8,6,0,4.0,0
4964,Apparel,1994.0,40.0,Prepaid_UPI,863,65,3,286.5,4,1,3.0,0
4965,Apparel,1478.0,23.5,Prepaid_Card,2500,123,8,215.0,6,0,1.0,0
4966,Apparel,1720.0,43.9,COD,16,0,0,188.8,7,1,1.0,0
4967,Electronics,18082.0,39.0,Prepaid_Card,129,4,0,534.2,8,1,4.0,0
4968,Apparel,1108.0,18.6,Wallet,109,2,0,264.4,6,0,4.0,0
4969,Apparel,423.0,0.0,Prepaid_Card,540,4,1,28.8,5,0,3.0,1
4970,Home,4442.0,18.6,COD,469,3,0,435.9,5,0,4.0,0
4971,Home,6158.0,29.9,Prepaid_Card,318,2,0,772.6,5,1,3.0,1
4972,Apparel,2144.0,22.9,Prepaid_UPI,297,4,1,131.0,5,0,3.0,0
4973,Apparel,2006.0,31.5,Wallet,100,1,0,473.7,8,0,,0
4974,Footwear,848.0,35.0,COD,956,47,6,113.6,4,1,2.0,0
4975,Home,7850.0,30.0,Prepaid_Card,459,3,0,70.5,2,0,5.0,0
4976,Electronics,7747.0,17.9,COD,26,1,0,128.6,5,0,1.0,0
4977,Electronics,3001.0,29.8,Prepaid_Card,63,0,0,225.0,5,0,1.0,0
4978,Apparel,1748.0,55.5,COD,203,1,0,351.8,7,0,5.0,0
4979,Footwear,4124.0,0.0,Prepaid_Card,1474,11,2,153.4,4,0,3.0,0
4980,Beauty,2382.0,29.3,Prepaid_Card,1513,14,0,161.8,4,0,2.0,0
4981,Beauty,2089.0,49.5,COD,89,2,0,239.1,3,1,1.0,0
4982,Apparel,769.0,4.4,COD,1333,16,2,210.5,3,1,4.0,0
4983,Apparel,677.0,37.0,COD,107,13,2,571.5,3,0,,1
4984,Apparel,506.0,39.0,COD,224,2,0,301.6,2,1,2.0,1
4985,Apparel,1448.0,0.0,Prepaid_UPI,717,32,3,220.1,1,1,5.0,0
4986,Electronics,22540.0,32.7,COD,272,6,2,485.2,6,1,2.0,1
4987,Home,1141.0,17.9,COD,130,3,0,467.5,5,0,5.0,0
4988,Apparel,1237.0,21.1,Wallet,1789,13,2,218.0,9,0,3.0,0
4989,Beauty,1483.0,17.1,COD,267,4,0,479.9,1,0,,0
4990,Apparel,1701.0,41.7,Prepaid_UPI,748,8,1,405.5,9,0,4.0,0
4991,Apparel,1146.0,20.3,Prepaid_Card,255,7,2,374.8,4,1,5.0,1
4992,Footwear,1773.0,15.1,Prepaid_UPI,260,4,1,130.1,1,1,2.0,0
4993,Home,5426.0,15.3,Prepaid_Card,169,2,0,223.1,1,1,3.0,0
4994,Electronics,31169.0,16.9,COD,245,7,2,261.3,3,1,1.0,0
4995,Home,2382.0,5.8,Prepaid_UPI,20,0,0,199.1,7,1,4.0,0
4996,Apparel,436.0,14.9,Prepaid_UPI,55,1,0,242.1,5,1,3.0,0
4997,Apparel,2102.0,23.8,COD,211,1,0,292.4,4,0,,1
4998,Electronics,34282.0,28.1,Prepaid_UPI,301,7,0,71.0,7,1,3.0,0
4999,Electronics,10008.0,40.1,Prepaid_Card,154,2,1,242.8,5,0,2.0,1
5000,Home,4656.0,25.6,Wallet,781,5,2,464.6,1,1,4.0,0
5001,Apparel,1471.0,14.9,Prepaid_UPI,1688,11,0,495.7,7,0,2.0,0
5002,Home,1270.0,6.8,COD,850,10,0,72.7,2,1,3.0,1
5003,Footwear,1267.0,26.4,Prepaid_UPI,55,2,0,501.8,2,1,4.0,1
5004,Apparel,2122.0,20.2,Wallet,140,2,0,122.6,4,1,2.0,0
5005,Apparel,1314.0,20.7,Prepaid_UPI,451,4,0,360.2,5,1,2.0,0
5006,Electronics,9585.0,25.9,COD,46,1,1,286.7,3,1,,0
5007,Footwear,3690.0,29.8,Prepaid_UPI,210,6,0,670.0,1,1,5.0,0
5008,Home,3923.0,26.0,Prepaid_Card,114,1,0,96.1,3,0,2.0,0
5009,Home,5216.0,19.4,COD,1014,30,1,961.2,7,1,5.0,0
5010,Electronics,14231.0,10.0,Prepaid_UPI,15,0,0,380.9,4,0,2.0,0
5011,Apparel,504.0,12.8,Prepaid_Card,783,51,4,303.6,7,1,4.0,0
5012,Electronics,8425.0,34.7,Prepaid_UPI,252,1,0,152.7,6,0,1.0,1
5013,Apparel,2151.0,15.6,Prepaid_UPI,192,2,0,152.3,3,1,2.0,0
5014,Footwear,2994.0,1.8,COD,691,4,1,479.7,3,0,5.0,0
5015,Apparel,1896.0,39.4,Wallet,43,0,0,300.5,5,0,5.0,0
5016,Apparel,439.0,7.9,Prepaid_Card,6,0,0,73.9,5,0,1.0,0
5017,Electronics,34727.0,22.5,Prepaid_Card,142,3,0,230.6,5,0,3.0,0
5018,Electronics,22441.0,29.4,COD,120,6,1,509.4,5,0,3.0,1
5019,Home,5423.0,22.0,COD,14,0,0,89.8,4,1,5.0,0
5020,Electronics,16889.0,0.0,Prepaid_UPI,240,7,2,354.6,4,1,3.0,0
5021,Beauty,1609.0,27.9,Prepaid_Card,213,2,0,332.3,3,1,5.0,0
5022,Footwear,642.0,41.9,Wallet,13,0,0,447.1,2,1,3.0,0
5023,Footwear,682.0,33.8,Wallet,130,2,1,258.5,6,1,2.0,0
5024,Home,6451.0,0.0,Prepaid_UPI,68,1,0,158.2,2,0,3.0,0
5025,Home,1258.0,53.9,COD,424,3,1,433.1,1,0,1.0,0
5026,Home,408.0,2.1,Prepaid_UPI,11,0,0,250.7,4,1,3.0,0
5027,Electronics,41166.0,5.8,COD,302,12,3,147.5,5,0,1.0,1
5028,Electronics,12830.0,33.7,Prepaid_UPI,191,4,1,278.1,4,1,2.0,0
5029,Home,4784.0,28.8,Prepaid_Card,442,5,0,527.7,2,1,4.0,0
5030,Apparel,1910.0,23.2,Wallet,12,0,0,52.8,7,0,2.0,0
5031,Apparel,1743.0,13.5,COD,289,3,0,210.6,5,0,5.0,0
5032,Footwear,687.0,42.0,COD,131,1,0,266.2,7,0,1.0,0
5033,Apparel,1410.0,21.4,Wallet,876,11,0,393.8,4,0,5.0,0
5034,Electronics,24931.0,0.0,Prepaid_Card,98,2,0,184.7,6,1,3.0,0
5035,Home,2996.0,40.5,Prepaid_UPI,450,16,3,442.6,2,0,4.0,0
5036,Apparel,1756.0,25.3,Wallet,525,3,0,174.6,1,0,2.0,0
5037,Footwear,4356.0,38.7,Prepaid_Card,142,3,0,171.3,5,1,3.0,0
5038,Apparel,665.0,30.6,Prepaid_Card,214,6,0,197.0,2,0,5.0,0
5039,Footwear,1081.0,57.9,Prepaid_Card,1455,15,0,365.0,6,0,1.0,0
5040,Footwear,3439.0,17.4,Prepaid_UPI,261,3,1,185.8,7,0,1.0,0
5041,Apparel,1218.0,22.2,Wallet,329,5,1,187.8,5,1,3.0,0
5042,Apparel,1831.0,32.8,COD,433,4,1,112.7,3,0,3.0,1
5043,Apparel,654.0,17.4,Prepaid_UPI,251,2,2,146.4,4,0,,0
5044,Electronics,2946.0,34.0,COD,103,7,3,302.0,6,1,,1
5045,Apparel,1656.0,0.0,Prepaid_Card,407,5,1,307.9,5,0,3.0,0
5046,Beauty,2488.0,20.9,Prepaid_UPI,906,7,2,236.5,2,1,5.0,0
5047,Apparel,571.0,20.5,Prepaid_UPI,442,6,0,239.6,1,1,,0
5048,Footwear,3957.0,19.9,Prepaid_Card,670,4,1,134.4,5,0,4.0,0
5049,Apparel,1094.0,8.8,COD,243,6,0,355.8,4,0,,0
5050,Beauty,189.0,35.6,COD,969,11,0,208.5,6,0,,0
5051,Apparel,1318.0,14.4,COD,44,0,0,296.5,4,0,5.0,0
5052,Electronics,13414.0,25.0,COD,435,4,0,478.1,4,1,,0
5053,Home,5639.0,21.4,Prepaid_UPI,9,1,0,346.8,4,1,1.0,0
5054,Apparel,918.0,29.5,COD,159,2,2,281.7,4,1,5.0,1
5055,Footwear,2427.0,43.5,COD,455,3,0,246.4,10,0,3.0,0
5056,Apparel,761.0,24.9,Prepaid_UPI,899,12,1,182.1,4,1,,0
5057,Home,6676.0,34.6,COD,189,8,4,181.8,4,0,1.0,0
5058,Home,7426.0,24.2,COD,132,23,4,160.1,6,0,2.0,0
5059,Home,3406.0,14.4,Wallet,87,1,0,443.7,5,0,4.0,0
5060,Apparel,1208.0,19.9,COD,178,5,1,138.6,5,1,1.0,1
5061,Apparel,2169.0,17.7,COD,113,1,0,193.9,3,1,2.0,0
5062,Apparel,656.0,30.5,Prepaid_Card,148,1,0,253.3,2,1,3.0,0
5063,Apparel,1856.0,23.6,COD,554,3,0,632.3,4,0,5.0,0
5064,Apparel,1421.0,10.1,COD,457,7,0,108.1,4,0,,1
5065,Beauty,2220.0,18.7,COD,67,1,0,114.2,3,1,5.0,0
5066,Electronics,14008.0,0.0,COD,89,2,0,431.9,6,1,2.0,1
5067,Home,2580.0,19.2,Prepaid_UPI,222,9,0,324.9,7,1,2.0,0
5068,Electronics,15471.0,22.0,Prepaid_Card,859,8,0,280.4,7,0,4.0,0
5069,Apparel,430.0,49.1,COD,250,7,1,380.1,2,1,,0
5070,Electronics,8641.0,42.2,COD,247,20,3,140.5,7,0,2.0,1
5071,Apparel,2190.0,6.5,Wallet,889,6,2,382.7,1,0,2.0,0
5072,Electronics,12104.0,25.0,COD,107,1,0,323.5,4,0,2.0,1
5073,Electronics,2072.0,25.3,Prepaid_UPI,758,5,1,196.5,6,0,2.0,0
5074,Electronics,13400.0,18.5,COD,1569,26,2,248.3,2,1,3.0,0
5075,Beauty,1110.0,19.5,Wallet,1345,9,1,136.2,2,1,3.0,0
5076,Apparel,1386.0,16.7,COD,817,11,1,367.3,4,0,,0
5077,Electronics,4203.0,50.1,COD,117,8,2,112.8,8,1,2.0,1
5078,Apparel,1823.0,15.8,Prepaid_Card,2190,26,4,119.2,8,1,5.0,0
5079,Electronics,37357.0,27.1,COD,506,5,1,187.7,7,1,5.0,1
5080,Home,1941.0,0.0,Prepaid_UPI,113,1,0,50.4,2,0,5.0,0
5081,Apparel,1837.0,34.4,Prepaid_Card,234,2,1,256.3,5,0,4.0,1
5082,Home,3083.0,39.8,Prepaid_UPI,96,1,1,291.5,9,1,5.0,1
5083,Electronics,19732.0,6.2,COD,1056,6,0,476.2,6,1,,1
5084,Apparel,2085.0,14.3,Prepaid_UPI,104,7,1,210.6,1,0,1.0,0
5085,Beauty,2246.0,28.8,COD,226,2,2,270.7,6,1,3.0,1
5086,Electronics,17630.0,22.3,Wallet,486,3,0,246.1,3,0,1.0,0
5087,Footwear,2452.0,29.0,Prepaid_UPI,535,5,2,410.4,4,0,1.0,0
5088,Electronics,13750.0,17.7,Prepaid_Card,788,5,0,602.4,6,1,1.0,0
5089,Beauty,1361.0,49.9,Prepaid_UPI,103,1,0,276.7,4,1,1.0,0
5090,Apparel,1627.0,12.0,Prepaid_Card,203,44,2,208.6,3,0,5.0,0
5091,Electronics,5259.0,62.4,Prepaid_Card,227,2,0,283.8,7,1,1.0,0
5092,Footwear,4179.0,40.6,COD,744,6,0,244.1,6,0,5.0,0
5093,Electronics,32687.0,34.5,Prepaid_UPI,699,349,66,115.7,5,1,2.0,1
5094,Electronics,5438.0,6.4,COD,234,3,0,184.8,9,1,1.0,1
5095,Beauty,2192.0,35.6,COD,160,18,0,316.8,5,1,2.0,0
5096,Home,6026.0,31.1,Prepaid_UPI,494,9,1,392.2,5,0,1.0,1
5097,Home,2711.0,0.0,COD,1452,8,0,669.6,4,0,,0
5098,Home,4315.0,0.9,Prepaid_UPI,664,4,1,92.5,2,0,,0
5099,Footwear,3941.0,27.4,COD,146,1,0,317.4,1,1,1.0,1
5100,Footwear,4373.0,20.0,Prepaid_Card,218,3,1,101.2,6,0,2.0,1
5101,Home,2464.0,14.3,Prepaid_UPI,270,4,1,556.9,4,0,1.0,0
5102,Apparel,1571.0,38.2,COD,250,28,0,56.9,10,1,1.0,0
5103,Apparel,1948.0,8.7,Prepaid_UPI,128,2,1,230.1,3,1,4.0,0
5104,Home,7909.0,15.2,Prepaid_Card,114,1,1,356.9,3,0,1.0,0
5105,Footwear,783.0,12.3,Prepaid_UPI,757,8,1,75.8,5,1,4.0,0
5106,Electronics,23259.0,29.7,COD,608,7,1,301.1,2,1,4.0,0
5107,Apparel,1973.0,0.0,Prepaid_UPI,1509,83,13,486.2,1,1,5.0,0
5108,Apparel,406.0,14.5,Prepaid_Card,498,3,1,425.7,6,0,3.0,1
5109,Electronics,20351.0,0.0,Prepaid_Card,496,9,2,271.8,1,1,3.0,1
5110,Footwear,2837.0,17.3,COD,647,9,4,146.9,5,0,2.0,0
5111,Apparel,1348.0,32.8,COD,1619,27,0,336.4,5,0,2.0,0
5112,Home,5942.0,33.1,Prepaid_Card,125,2,0,295.3,7,1,2.0,1
5113,Footwear,762.0,11.1,COD,117,1,0,469.8,6,0,1.0,1
5114,Beauty,1996.0,30.0,Prepaid_Card,11,0,0,146.2,11,0,3.0,1
5115,Apparel,910.0,19.2,Prepaid_Card,679,6,0,310.5,4,1,4.0,1
5116,Beauty,2087.0,42.4,Prepaid_Card,553,39,8,358.9,2,1,4.0,0
5117,Home,3530.0,20.1,COD,922,5,1,75.4,11,1,4.0,0
5118,Footwear,672.0,0.0,COD,151,1,0,187.1,5,1,2.0,1
5119,Apparel,2135.0,35.4,Prepaid_Card,417,3,0,348.7,3,1,5.0,0
5120,Electronics,35388.0,15.1,Prepaid_UPI,723,24,11,163.5,1,0,1.0,0
5121,Home,2978.0,17.9,Wallet,23,0,0,480.2,4,0,4.0,0
5122,Apparel,886.0,27.0,Prepaid_Card,121,1,0,502.1,3,1,5.0,0
5123,Electronics,26997.0,0.6,Prepaid_UPI,617,7,0,222.7,3,0,5.0,1
5124,Home,7902.0,23.1,COD,233,38,3,56.7,1,1,1.0,0
5125,Home,2534.0,30.0,Wallet,634,13,0,227.0,4,1,,0
5126,Apparel,2107.0,27.5,COD,617,4,1,195.7,5,0,5.0,0
5127,Electronics,15671.0,13.0,COD,281,4,0,612.9,2,1,2.0,1
5128,Apparel,1667.0,36.9,COD,340,3,0,166.0,4,0,,0
5129,Beauty,1047.0,7.0,COD,261,2,0,206.4,3,1,3.0,0
5130,Beauty,350.0,12.6,Prepaid_UPI,1697,12,2,215.3,5,0,3.0,0
5131,Apparel,2085.0,20.0,COD,112,2,0,217.3,8,0,4.0,0
5132,Apparel,695.0,26.4,COD,321,2,1,127.2,5,1,,1
5133,Apparel,2100.0,17.1,COD,683,13,4,76.3,2,0,2.0,1
5134,Electronics,5725.0,40.4,Wallet,131,1,1,171.0,4,0,4.0,0
5135,Footwear,1568.0,26.4,Prepaid_UPI,255,3,1,286.0,5,0,1.0,0
5136,Electronics,41536.0,23.1,Wallet,22,1,1,424.2,2,0,3.0,1
5137,Apparel,1585.0,25.9,Prepaid_UPI,379,6,0,205.1,2,1,4.0,0
5138,Apparel,741.0,33.0,Wallet,462,3,0,231.5,2,0,1.0,0
5139,Apparel,1466.0,25.6,Prepaid_Card,438,4,1,157.3,4,1,2.0,0
5140,Footwear,1222.0,0.0,COD,69,3,1,311.8,4,1,5.0,0
5141,Home,7033.0,38.3,COD,96,4,0,289.0,1,1,,0
5142,Home,684.0,23.8,COD,178,1,0,478.7,3,1,4.0,0
5143,Apparel,1354.0,32.3,Prepaid_UPI,514,12,2,66.9,4,0,5.0,0
5144,Beauty,299.0,15.9,COD,557,14,1,279.6,7,1,4.0,1
5145,Electronics,31642.0,0.0,COD,405,3,1,386.6,2,1,,1
5146,Footwear,4243.0,0.0,Prepaid_UPI,594,10,2,216.5,2,1,2.0,0
5147,Footwear,3824.0,7.8,COD,577,41,4,99.7,2,1,4.0,0
5148,Electronics,17482.0,29.8,COD,246,3,0,190.1,1,0,,0
5149,Footwear,1448.0,41.5,COD,303,3,0,681.8,1,1,2.0,0
5150,Apparel,618.0,26.5,Prepaid_UPI,352,3,1,416.2,5,0,2.0,0
5151,Home,7027.0,6.2,COD,145,12,0,272.1,5,0,3.0,0
5152,Apparel,546.0,10.2,COD,12,0,0,236.9,5,0,1.0,1
5153,Electronics,28743.0,42.4,COD,40,1,0,150.0,5,1,,0
5154,Apparel,1061.0,2.3,Prepaid_UPI,362,4,0,273.7,4,1,5.0,0
5155,Apparel,2192.0,53.5,COD,1329,141,56,489.4,3,1,5.0,1
5156,Apparel,1316.0,50.1,COD,587,11,1,249.1,7,1,2.0,0
5157,Electronics,25237.0,54.0,Wallet,1749,15,1,490.9,6,1,1.0,0
5158,Home,7368.0,27.7,Prepaid_UPI,1036,42,5,781.2,4,0,2.0,1
5159,Electronics,43670.0,16.9,COD,456,3,0,173.7,2,1,3.0,1
5160,Apparel,1451.0,27.3,COD,617,3,0,177.4,5,1,,1
5161,Beauty,2021.0,35.6,COD,1,0,0,134.0,5,1,,0
5162,Beauty,1642.0,12.2,Prepaid_UPI,347,3,0,183.5,3,1,,0
5163,Apparel,1169.0,5.5,COD,276,2,0,173.0,5,1,4.0,1
5164,Electronics,3710.0,17.7,Wallet,231,7,0,185.3,6,1,2.0,0
5165,Home,5827.0,10.4,Prepaid_UPI,608,9,0,79.8,5,1,5.0,0
5166,Footwear,3301.0,40.6,Prepaid_Card,150,1,0,204.8,7,1,5.0,0
5167,Electronics,6312.0,12.8,COD,257,10,0,489.4,6,0,2.0,1
5168,Footwear,1420.0,23.4,Prepaid_UPI,281,3,1,314.0,7,0,5.0,0
5169,Apparel,1718.0,36.7,Prepaid_UPI,64,1,0,199.0,3,0,5.0,0
5170,Electronics,7757.0,41.2,Prepaid_UPI,130,4,1,326.2,6,1,2.0,0
5171,Home,5620.0,25.1,COD,250,3,0,360.4,6,0,2.0,0
5172,Home,5828.0,27.8,Prepaid_UPI,135,1,0,197.4,6,0,3.0,0
5173,Footwear,1913.0,6.7,Prepaid_UPI,244,11,1,346.6,5,1,5.0,0
5174,Apparel,865.0,37.3,Wallet,72,2,0,32.3,6,0,4.0,0
5175,Apparel,1071.0,41.0,Prepaid_Card,64,1,0,565.5,2,0,4.0,0
5176,Apparel,1047.0,0.0,Prepaid_Card,594,4,0,282.8,6,0,2.0,0
5177,Apparel,1493.0,48.4,Prepaid_Card,338,3,0,383.0,7,0,4.0,0
5178,Apparel,1739.0,11.5,Prepaid_UPI,67,1,0,398.7,8,0,5.0,0
5179,Electronics,38945.0,30.9,Wallet,279,2,0,941.8,4,1,5.0,0
5180,Electronics,2514.0,23.2,Prepaid_Card,356,2,0,794.3,8,0,3.0,0
5181,Home,5894.0,21.1,COD,169,5,3,203.0,4,0,1.0,0
5182,Electronics,14961.0,18.9,COD,20,0,0,321.5,6,1,4.0,1
5183,Apparel,1910.0,7.1,Prepaid_Card,36,1,0,435.4,5,1,3.0,0
5184,Home,883.0,29.9,Prepaid_UPI,33,1,0,350.6,7,1,4.0,0
5185,Apparel,1392.0,17.7,COD,1033,22,3,104.9,5,1,4.0,1
5186,Footwear,2695.0,2.4,COD,35,0,0,258.1,3,1,,1
5187,Apparel,988.0,6.5,Wallet,543,3,1,550.9,7,0,3.0,0
5188,Electronics,43699.0,2.6,Prepaid_Card,354,4,1,201.7,3,1,3.0,0
5189,Footwear,928.0,14.1,COD,1086,10,1,247.3,5,1,,1
5190,Home,1350.0,29.3,COD,639,81,4,193.1,1,1,,0
5191,Home,5261.0,11.3,COD,290,22,0,315.0,6,0,4.0,1
5192,Home,4260.0,36.6,COD,465,3,0,357.8,1,0,,0
5193,Apparel,876.0,20.2,Prepaid_UPI,33,0,0,113.1,3,1,4.0,1
5194,Home,2643.0,17.7,Prepaid_Card,266,3,2,310.4,1,0,3.0,1
5195,Footwear,1128.0,22.3,Prepaid_Card,39,1,0,135.7,2,1,4.0,0
5196,Beauty,2189.0,42.9,Prepaid_Card,511,56,3,96.3,4,1,3.0,0
5197,Electronics,26145.0,1.4,COD,41,0,0,462.9,3,1,3.0,1
5198,Electronics,11924.0,46.8,COD,248,82,19,385.0,6,1,4.0,0
5199,Footwear,2074.0,36.4,COD,117,3,0,176.1,4,1,3.0,0
5200,Home,7281.0,21.7,COD,101,1,0,447.3,5,0,,0
5201,Apparel,1996.0,39.7,Prepaid_UPI,63,0,0,74.8,3,1,4.0,1
5202,Apparel,524.0,17.2,COD,978,43,3,139.7,6,1,2.0,1
5203,Apparel,1577.0,26.3,Prepaid_UPI,913,7,1,160.6,5,0,3.0,0
5204,Electronics,7900.0,13.9,COD,422,7,1,278.7,6,0,3.0,0
5205,Apparel,780.0,36.5,COD,717,6,0,737.1,6,1,3.0,1
5206,Apparel,1956.0,11.4,COD,22,1,0,105.3,6,1,5.0,0
5207,Apparel,2011.0,21.2,Prepaid_Card,261,2,1,133.7,5,1,4.0,0
5208,Beauty,344.0,32.2,Prepaid_Card,95,1,0,394.9,5,1,4.0,0
5209,Apparel,1973.0,37.7,Prepaid_UPI,252,1,0,240.1,7,0,2.0,0
5210,Apparel,1711.0,9.7,COD,353,4,0,352.7,5,1,1.0,0
5211,Electronics,35176.0,33.3,Prepaid_Card,36,0,0,292.1,4,1,5.0,1
5212,Apparel,1825.0,7.3,Prepaid_UPI,41,0,0,327.9,7,0,,1
5213,Beauty,1342.0,0.0,COD,182,2,2,60.9,7,1,4.0,1
5214,Beauty,2375.0,10.8,COD,166,9,7,231.3,4,0,1.0,0
5215,Electronics,9976.0,34.5,COD,124,1,0,511.2,6,0,4.0,0
5216,Electronics,23317.0,21.8,COD,43,1,0,731.5,6,1,5.0,1
5217,Electronics,15153.0,14.0,Prepaid_UPI,82,1,0,329.5,5,1,1.0,0
5218,Apparel,1880.0,22.8,COD,60,1,0,714.2,1,1,1.0,0
5219,Apparel,549.0,22.3,Prepaid_Card,6,0,0,312.9,2,0,,0
5220,Apparel,1181.0,31.3,Prepaid_UPI,90,1,0,310.6,4,0,3.0,0
5221,Apparel,1792.0,0.0,COD,1488,13,2,328.5,5,1,1.0,0
5222,Home,2705.0,20.5,Prepaid_Card,966,10,0,158.1,2,0,4.0,0
5223,Apparel,833.0,23.9,COD,109,1,1,168.2,1,1,2.0,1
5224,Apparel,873.0,1.5,Prepaid_Card,442,5,0,141.6,4,0,5.0,0
5225,Electronics,32455.0,1.3,COD,408,3,1,151.0,5,1,2.0,1
5226,Electronics,13761.0,16.5,COD,148,1,0,104.3,6,1,2.0,0
5227,Apparel,1125.0,22.1,COD,1249,13,0,491.5,9,1,4.0,1
5228,Apparel,1382.0,22.2,Prepaid_UPI,1812,64,18,297.6,2,0,2.0,1
5229,Apparel,2093.0,13.7,Prepaid_UPI,71,1,0,155.5,5,1,2.0,0
5230,Apparel,1830.0,13.0,Prepaid_UPI,363,2,0,219.4,10,0,1.0,0
5231,Footwear,1241.0,16.1,COD,239,1,0,282.5,2,0,2.0,0
5232,Beauty,2225.0,26.5,Wallet,584,12,1,510.9,2,1,1.0,0
5233,Electronics,38201.0,40.7,COD,9,0,0,108.4,7,0,1.0,1
5234,Electronics,33841.0,0.0,Prepaid_UPI,314,6,0,353.3,5,1,1.0,1
5235,Home,4280.0,31.3,Prepaid_UPI,125,1,0,229.9,5,0,3.0,0
5236,Home,838.0,20.3,Prepaid_Card,437,3,0,134.5,6,1,4.0,0
5237,Apparel,1681.0,29.9,Prepaid_Card,140,2,0,230.4,6,1,3.0,0
5238,Apparel,1333.0,39.8,Prepaid_UPI,644,4,1,391.4,5,1,1.0,0
5239,Electronics,14768.0,10.7,Prepaid_UPI,39,0,0,391.0,6,1,5.0,0
5240,Home,377.0,36.2,COD,152,2,0,138.0,2,0,,0
5241,Apparel,816.0,3.2,Prepaid_UPI,175,1,0,247.0,7,0,5.0,0
5242,Apparel,1490.0,23.9,COD,482,23,3,247.2,8,1,5.0,0
5243,Apparel,602.0,18.4,Prepaid_Card,261,6,4,100.8,7,0,2.0,1
5244,Apparel,1580.0,22.7,Prepaid_Card,802,20,0,194.2,6,1,3.0,0
5245,Electronics,37102.0,7.2,Prepaid_UPI,539,5,1,218.2,9,1,1.0,1
5246,Home,2750.0,28.6,Prepaid_Card,796,6,1,646.6,5,0,5.0,1
5247,Electronics,4791.0,45.8,COD,1007,7,0,339.9,7,0,,0
5248,Apparel,651.0,7.4,Prepaid_Card,46,0,0,256.6,8,0,3.0,0
5249,Apparel,1044.0,24.8,COD,185,1,0,352.2,4,1,4.0,0
5250,Footwear,3754.0,34.8,Prepaid_Card,595,5,3,194.3,7,0,3.0,0
5251,Electronics,28981.0,17.5,Prepaid_Card,27,0,0,323.2,2,1,2.0,0
5252,Apparel,1962.0,42.4,Prepaid_UPI,184,4,0,119.6,3,1,,0
5253,Apparel,2190.0,15.6,COD,321,2,0,165.1,2,0,5.0,0
5254,Footwear,1310.0,20.3,COD,88,6,0,182.0,1,1,4.0,0
5255,Footwear,3279.0,7.1,Prepaid_Card,327,13,3,63.1,3,0,2.0,0
5256,Footwear,2366.0,23.9,COD,169,4,0,415.7,5,0,4.0,1
5257,Home,4100.0,22.0,COD,35,2,0,411.7,4,0,5.0,0
5258,Electronics,15460.0,31.5,COD,231,1,1,137.8,2,1,2.0,1
5259,Electronics,16202.0,12.5,Prepaid_Card,605,7,0,88.0,1,1,2.0,0
5260,Apparel,1617.0,11.8,COD,46,0,0,330.2,3,1,4.0,0
5261,Home,5080.0,28.9,Prepaid_Card,81,1,0,147.2,3,1,1.0,0
5262,Home,2752.0,43.0,Prepaid_UPI,203,2,0,363.6,9,0,3.0,0
5263,Apparel,613.0,31.4,Prepaid_Card,233,4,0,329.6,4,1,4.0,0
5264,Footwear,2813.0,49.7,COD,162,1,0,457.5,8,1,5.0,1
5265,Electronics,33586.0,30.3,COD,599,73,0,164.7,3,0,5.0,0
5266,Apparel,1406.0,29.8,COD,191,2,0,188.4,7,0,1.0,0
5267,Electronics,1360.0,32.2,Prepaid_Card,1371,8,1,147.4,5,1,,1
5268,Footwear,1629.0,44.3,Prepaid_UPI,1023,7,0,68.1,3,1,2.0,0
5269,Beauty,1980.0,40.6,COD,270,2,0,237.6,5,0,,0
5270,Electronics,33724.0,5.7,COD,189,3,1,513.1,4,1,3.0,1
5271,Beauty,174.0,34.0,COD,338,4,0,231.3,4,1,,0
5272,Footwear,2381.0,26.0,COD,346,13,3,148.3,1,1,3.0,0
5273,Footwear,2249.0,19.1,Wallet,156,2,0,28.9,9,0,3.0,0
5274,Footwear,3109.0,0.0,COD,253,72,10,160.0,6,0,2.0,1
5275,Electronics,6674.0,0.0,COD,1350,10,1,189.4,2,1,,1
5276,Footwear,2986.0,16.5,COD,13,0,0,326.8,5,0,2.0,0
5277,Home,7591.0,0.0,COD,558,4,1,397.3,4,1,2.0,0
5278,Home,3162.0,16.8,COD,52,0,0,80.0,8,0,2.0,0
5279,Apparel,1007.0,32.7,COD,634,7,0,178.1,4,0,2.0,0
5280,Footwear,613.0,13.3,COD,811,22,0,280.6,4,0,1.0,0
5281,Beauty,285.0,23.3,COD,569,4,1,410.0,3,1,4.0,0
5282,Apparel,2077.0,6.0,Prepaid_Card,230,4,2,172.9,6,1,1.0,0
5283,Beauty,2442.0,26.5,Prepaid_Card,402,5,0,435.3,4,1,1.0,0
5284,Electronics,1447.0,29.6,COD,99,1,0,291.7,7,1,5.0,1
5285,Apparel,2021.0,0.7,Prepaid_UPI,221,3,0,248.1,5,1,,0
5286,Apparel,713.0,10.7,COD,557,10,2,169.5,10,1,3.0,1
5287,Footwear,2745.0,3.0,Wallet,1003,131,6,303.8,4,0,5.0,0
5288,Home,5522.0,29.6,Wallet,553,4,1,64.4,3,1,4.0,1
5289,Apparel,1046.0,24.5,Prepaid_Card,164,4,0,229.4,3,0,5.0,0
5290,Home,4373.0,21.3,COD,125,1,1,369.2,3,0,2.0,1
5291,Electronics,28686.0,20.1,Prepaid_UPI,759,11,2,270.7,3,1,5.0,1
5292,Electronics,9694.0,26.8,COD,7,0,0,255.1,8,0,5.0,0
5293,Footwear,4477.0,27.1,COD,578,4,2,167.4,4,0,2.0,0
5294,Home,1870.0,14.6,Prepaid_Card,2220,51,13,280.5,5,0,5.0,0
5295,Footwear,541.0,12.5,Prepaid_Card,81,1,1,385.7,2,1,1.0,1
5296,Home,7571.0,21.1,Prepaid_UPI,148,5,0,256.1,5,1,5.0,0
5297,Beauty,1158.0,19.2,Prepaid_UPI,399,15,1,366.3,1,1,2.0,0
5298,Apparel,1118.0,52.9,Prepaid_UPI,154,2,2,29.2,5,0,4.0,1
5299,Apparel,896.0,16.2,Prepaid_UPI,46,1,0,56.5,3,1,2.0,0
5300,Apparel,446.0,26.3,Prepaid_Card,37,0,0,260.0,8,0,4.0,0
5301,Home,2337.0,29.0,Prepaid_Card,114,1,0,324.4,6,0,4.0,0
5302,Home,3328.0,43.0,Wallet,116,1,0,447.4,6,1,3.0,0
5303,Footwear,2581.0,9.8,Wallet,97,4,3,411.9,3,0,1.0,0
5304,Electronics,21245.0,42.1,Prepaid_UPI,1,0,0,694.5,5,1,4.0,0
5305,Apparel,1982.0,19.8,Prepaid_UPI,434,4,1,544.1,9,1,5.0,1
5306,Home,7317.0,59.5,Prepaid_Card,203,10,0,170.5,3,1,,0
5307,Beauty,895.0,27.4,COD,132,1,0,255.3,3,0,5.0,1
5308,Apparel,2127.0,3.6,Prepaid_UPI,36,0,0,103.4,5,0,,0
5309,Apparel,1957.0,19.0,COD,386,2,0,105.4,5,1,2.0,0
5310,Apparel,2070.0,42.0,COD,121,1,0,134.2,6,0,,0
5311,Electronics,32137.0,23.2,COD,176,8,1,161.4,6,1,,0
5312,Apparel,757.0,21.1,Prepaid_Card,761,5,3,93.8,5,0,4.0,0
5313,Electronics,9751.0,32.8,Prepaid_Card,157,1,0,291.3,3,0,5.0,0
5314,Home,7297.0,16.8,COD,31,0,0,158.3,9,1,,1
5315,Electronics,23409.0,18.8,COD,236,7,0,333.0,8,0,,0
5316,Electronics,40202.0,7.8,COD,221,3,2,204.1,6,1,5.0,1
5317,Apparel,1697.0,47.9,COD,120,7,0,132.2,7,0,2.0,0
5318,Beauty,649.0,3.7,COD,4,1,0,297.7,4,1,,0
5319,Electronics,18052.0,24.5,Prepaid_UPI,276,2,1,883.5,2,0,,1
5320,Electronics,43591.0,29.2,COD,960,5,1,183.3,7,1,,1
5321,Apparel,435.0,21.8,COD,88,1,0,406.5,2,0,2.0,1
5322,Home,5802.0,3.2,COD,8,0,0,69.3,9,0,3.0,1
5323,Footwear,4415.0,7.0,Prepaid_Card,506,4,1,216.8,2,1,4.0,0
5324,Apparel,587.0,29.8,Prepaid_UPI,116,1,0,240.4,8,0,5.0,0
5325,Apparel,890.0,10.3,COD,254,3,1,459.3,9,0,2.0,1
5326,Apparel,1385.0,0.0,COD,819,10,3,435.4,2,1,5.0,0
5327,Home,6797.0,27.8,Prepaid_UPI,281,2,0,178.9,1,1,5.0,0
5328,Beauty,1340.0,8.9,COD,290,2,0,448.8,6,1,5.0,0
5329,Electronics,3810.0,31.5,Prepaid_UPI,143,1,0,138.2,8,1,4.0,1
5330,Electronics,6771.0,19.0,Wallet,133,16,1,243.7,6,1,5.0,0
5331,Footwear,2004.0,18.3,Prepaid_Card,193,3,2,646.0,3,1,4.0,1
5332,Footwear,1790.0,22.8,Wallet,219,2,1,154.8,8,0,5.0,1
5333,Apparel,795.0,4.9,COD,133,1,0,393.5,10,0,,0
5334,Apparel,1912.0,9.6,COD,474,3,0,152.8,3,1,3.0,0
5335,Electronics,2377.0,18.1,COD,546,17,3,374.2,6,0,,0
5336,Footwear,3817.0,4.8,COD,28,2,0,275.9,6,0,2.0,0
5337,Home,7397.0,32.7,COD,172,1,0,207.9,4,0,2.0,1
5338,Home,5152.0,17.4,Prepaid_Card,262,3,0,95.6,3,0,3.0,0
5339,Footwear,3001.0,0.3,Prepaid_Card,250,3,2,186.0,2,0,4.0,0
5340,Apparel,668.0,13.6,COD,731,5,3,335.8,1,0,2.0,0
5341,Electronics,26092.0,23.5,Prepaid_Card,165,1,1,858.8,7,1,4.0,1
5342,Apparel,1075.0,15.3,COD,607,5,1,330.2,4,0,3.0,0
5343,Footwear,1416.0,28.0,COD,73,2,0,466.2,8,1,5.0,0
5344,Home,4792.0,30.6,COD,2224,20,9,206.6,6,0,1.0,1
5345,Apparel,402.0,58.0,Prepaid_UPI,213,3,0,216.5,4,0,1.0,0
5346,Apparel,898.0,39.3,Prepaid_Card,1032,9,0,224.2,8,1,2.0,0
5347,Footwear,3124.0,0.0,Prepaid_UPI,904,9,3,716.8,4,1,,0
5348,Footwear,2320.0,16.6,COD,62,9,4,197.4,3,1,4.0,1
5349,Home,1421.0,18.0,Prepaid_Card,762,12,1,124.1,6,0,3.0,0
5350,Apparel,402.0,30.6,Wallet,539,6,0,86.3,3,1,1.0,0
5351,Beauty,786.0,8.0,COD,160,2,0,155.3,5,1,4.0,0
5352,Footwear,2696.0,14.0,COD,713,36,6,82.3,5,0,5.0,1
5353,Home,4416.0,3.3,COD,604,4,0,313.3,5,0,4.0,0
5354,Home,1309.0,13.0,COD,1788,29,8,246.6,5,0,1.0,0
5355,Beauty,1592.0,13.5,Prepaid_Card,9,0,0,345.0,5,0,5.0,0
5356,Beauty,2497.0,17.3,COD,627,5,1,445.7,5,0,,1
5357,Home,4803.0,4.2,Prepaid_Card,63,0,0,145.4,3,1,4.0,0
5358,Electronics,24311.0,36.7,Wallet,6,0,0,277.5,2,0,5.0,0
5359,Electronics,28471.0,29.1,COD,803,32,8,244.1,3,0,2.0,1
5360,Footwear,4019.0,0.3,COD,703,18,1,157.7,3,1,,1
5361,Home,7584.0,22.4,Prepaid_UPI,343,11,1,154.8,6,0,4.0,0
5362,Apparel,474.0,0.0,Prepaid_Card,208,5,0,441.1,8,0,1.0,1
5363,Apparel,769.0,42.1,Prepaid_UPI,1510,14,0,263.6,5,0,2.0,0
5364,Beauty,422.0,46.2,COD,485,5,1,102.4,7,0,5.0,1
5365,Footwear,3589.0,21.2,Prepaid_Card,223,7,1,362.8,3,1,3.0,0
5366,Beauty,257.0,9.2,Wallet,820,7,2,170.4,4,0,5.0,0
5367,Electronics,40735.0,12.0,COD,522,39,10,266.5,4,1,,1
5368,Footwear,582.0,15.2,Prepaid_UPI,869,5,2,47.1,6,1,3.0,0
5369,Footwear,2910.0,20.4,Prepaid_Card,269,3,1,170.8,3,0,5.0,0
5370,Apparel,896.0,42.6,Prepaid_UPI,51,0,0,311.9,6,1,5.0,0
5371,Apparel,1247.0,36.3,COD,732,14,0,125.6,5,1,,0
5372,Beauty,1188.0,36.6,Prepaid_Card,1460,16,0,86.0,5,1,3.0,0
5373,Apparel,1748.0,24.6,COD,28,0,0,168.4,3,1,,0
5374,Home,4124.0,4.7,Wallet,19,0,0,300.6,1,0,1.0,0
5375,Home,3543.0,10.4,COD,430,28,2,421.2,4,1,5.0,0
5376,Home,5923.0,22.9,COD,72,1,0,396.7,6,0,,0
5377,Apparel,2066.0,4.0,Prepaid_UPI,121,1,0,369.5,1,0,1.0,0
5378,Footwear,3676.0,26.6,COD,1117,11,0,526.0,1,1,2.0,1
5379,Apparel,1726.0,34.1,Prepaid_Card,99,1,0,433.4,4,0,2.0,1
5380,Footwear,2451.0,30.2,COD,116,1,0,321.1,3,1,2.0,0
5381,Apparel,2020.0,29.6,Prepaid_Card,328,5,1,270.9,12,1,1.0,1
5382,Home,4045.0,0.0,COD,393,166,3,247.2,5,1,4.0,0
5383,Footwear,4221.0,42.0,Prepaid_Card,755,5,1,189.1,4,1,1.0,1
5384,Apparel,1845.0,0.0,Prepaid_Card,8,1,1,226.3,7,1,2.0,1
5385,Apparel,670.0,19.7,COD,75,1,0,150.8,4,0,,1
5386,Footwear,688.0,31.3,COD,2,0,0,360.9,4,1,4.0,0
5387,Apparel,1734.0,27.4,COD,1,0,0,110.8,9,1,,0
5388,Apparel,1635.0,2.8,Prepaid_UPI,10,0,0,373.6,1,1,3.0,0
5389,Electronics,27571.0,5.5,COD,169,1,0,823.3,2,1,2.0,0
5390,Beauty,2444.0,26.3,COD,91,11,1,90.9,6,1,3.0,0
5391,Home,4500.0,29.7,COD,609,12,8,358.7,2,1,1.0,1
5392,Electronics,16438.0,5.4,Prepaid_Card,243,5,0,181.0,2,1,4.0,0
5393,Beauty,1478.0,27.9,Prepaid_UPI,85,5,0,438.7,6,1,,0
5394,Electronics,2444.0,0.0,Prepaid_Card,565,31,6,287.9,3,0,4.0,0
5395,Electronics,26572.0,31.4,Prepaid_UPI,715,4,0,103.9,5,0,,0
5396,Electronics,40726.0,8.7,Prepaid_UPI,186,1,1,250.4,4,0,2.0,0
5397,Apparel,408.0,23.2,Prepaid_UPI,334,6,1,288.8,5,1,,0
5398,Electronics,38224.0,20.7,Prepaid_UPI,626,14,1,202.0,4,1,4.0,1
5399,Home,6475.0,39.4,COD,532,55,9,265.1,6,0,,0
5400,Apparel,591.0,25.6,Wallet,1678,25,3,195.4,7,1,1.0,0
5401,Home,6821.0,13.0,Prepaid_UPI,446,8,1,199.9,3,1,5.0,0
5402,Apparel,1774.0,27.4,Prepaid_Card,463,3,1,52.6,1,0,4.0,0
5403,Electronics,22708.0,54.1,COD,174,4,1,79.5,4,1,5.0,0
5404,Apparel,841.0,33.1,COD,820,11,0,85.4,3,0,4.0,0
5405,Home,2518.0,21.1,Prepaid_Card,627,5,2,146.6,3,0,2.0,0
5406,Footwear,2949.0,9.5,COD,276,5,0,80.3,1,0,5.0,0
5407,Electronics,11988.0,12.8,Prepaid_UPI,154,1,0,107.0,4,1,4.0,0
5408,Apparel,986.0,32.2,COD,331,3,0,269.8,5,1,1.0,0
5409,Apparel,2076.0,8.7,Prepaid_Card,317,38,8,343.9,3,0,2.0,0
5410,Footwear,3417.0,22.0,COD,43,0,0,203.7,4,0,1.0,0
5411,Apparel,1725.0,43.6,COD,460,7,1,264.5,6,1,,0
5412,Footwear,4324.0,24.3,COD,192,10,0,276.2,8,1,5.0,1
5413,Electronics,1454.0,5.8,Prepaid_UPI,552,4,0,650.4,8,0,4.0,0
5414,Apparel,840.0,54.7,Prepaid_Card,1011,7,1,78.7,3,1,2.0,0
5415,Footwear,3132.0,48.4,Wallet,822,56,2,216.7,3,1,5.0,0
5416,Electronics,20396.0,29.5,Prepaid_UPI,35,1,0,82.9,1,0,4.0,0
5417,Apparel,603.0,41.1,Prepaid_UPI,106,1,0,268.0,6,1,2.0,1
5418,Beauty,1986.0,18.0,Prepaid_Card,291,2,0,110.5,5,0,5.0,0
5419,Apparel,485.0,32.9,Prepaid_UPI,124,1,0,172.6,8,1,3.0,0
5420,Electronics,25021.0,15.6,Wallet,12,0,0,77.6,5,1,4.0,0
5421,Electronics,25836.0,1.7,Prepaid_UPI,163,1,0,196.6,3,0,3.0,1
5422,Electronics,29055.0,60.9,COD,261,2,0,205.8,4,1,2.0,0
5423,Footwear,1763.0,0.9,Prepaid_Card,311,22,3,201.8,4,0,4.0,0
5424,Apparel,442.0,26.5,COD,805,13,3,364.1,3,1,,0
5425,Beauty,2239.0,26.3,COD,228,2,1,252.1,5,1,3.0,0
5426,Home,7455.0,29.7,Prepaid_UPI,109,1,0,148.2,3,1,2.0,0
5427,Beauty,1283.0,20.7,Prepaid_UPI,625,5,0,229.0,8,0,,0
5428,Footwear,583.0,20.8,COD,17,0,0,157.5,1,1,4.0,0
5429,Beauty,1515.0,24.1,COD,75,1,0,107.3,7,0,,0
5430,Home,2733.0,29.2,Prepaid_UPI,751,11,0,152.1,3,1,5.0,0
5431,Electronics,9193.0,22.0,COD,33,0,0,125.5,1,0,5.0,1
5432,Electronics,8600.0,21.0,COD,423,3,0,349.5,1,0,1.0,1
5433,Home,1680.0,2.2,Prepaid_UPI,336,2,0,466.5,4,1,4.0,0
5434,Electronics,15691.0,52.2,Prepaid_UPI,1058,7,0,232.0,4,1,3.0,0
5435,Footwear,1622.0,30.0,Prepaid_Card,59,0,0,121.0,5,0,1.0,0
5436,Apparel,1906.0,25.1,Prepaid_Card,625,16,1,527.0,4,1,5.0,0
5437,Footwear,2481.0,12.6,COD,195,2,0,788.3,6,1,,0
5438,Apparel,1170.0,6.9,COD,119,1,0,64.3,5,0,5.0,0
5439,Beauty,493.0,34.9,Prepaid_UPI,687,8,2,210.6,6,1,3.0,0
5440,Apparel,1977.0,19.6,Prepaid_UPI,285,2,0,136.4,6,1,5.0,0
5441,Apparel,499.0,31.3,COD,36,1,0,83.2,6,0,4.0,0
5442,Footwear,1458.0,1.7,COD,264,9,1,287.5,4,0,4.0,0
5443,Footwear,2986.0,45.2,COD,451,9,0,122.2,8,0,,0
5444,Footwear,3309.0,35.5,COD,1546,56,8,115.1,4,1,1.0,1
5445,Beauty,2033.0,20.8,COD,58,1,1,422.7,3,1,,0
5446,Apparel,1139.0,29.0,COD,381,17,0,218.9,4,1,2.0,0
5447,Footwear,1887.0,33.1,Prepaid_UPI,364,21,2,363.7,5,0,1.0,0
5448,Electronics,13839.0,1.9,COD,131,2,0,469.3,7,1,3.0,1
5449,Electronics,26083.0,47.2,Prepaid_UPI,679,6,0,801.3,6,1,4.0,0
5450,Electronics,16470.0,29.2,Prepaid_Card,144,1,0,232.4,6,0,1.0,0
5451,Apparel,991.0,11.4,Prepaid_UPI,75,4,0,503.1,4,1,5.0,0
5452,Home,430.0,5.6,Wallet,664,4,0,339.4,7,0,2.0,0
5453,Footwear,4293.0,36.8,COD,1225,52,2,271.6,5,1,3.0,0
5454,Apparel,509.0,25.2,COD,78,1,0,266.3,3,1,2.0,0
5455,Beauty,787.0,29.2,Prepaid_UPI,12,0,0,289.3,1,1,2.0,0
5456,Electronics,41558.0,22.4,COD,653,4,1,227.7,6,0,2.0,0
5457,Apparel,1724.0,7.0,COD,80,1,0,86.1,3,1,1.0,0
5458,Home,4752.0,29.6,COD,151,3,0,136.8,2,1,4.0,0
5459,Apparel,1589.0,19.0,Prepaid_UPI,327,2,0,47.3,2,1,2.0,0
5460,Apparel,575.0,21.7,COD,534,5,2,320.6,6,1,,1
5461,Home,6527.0,57.7,Prepaid_Card,207,1,0,81.5,5,1,2.0,0
5462,Apparel,850.0,35.0,Prepaid_Card,49,1,0,112.8,6,1,1.0,0
5463,Apparel,2121.0,35.9,Prepaid_Card,115,1,0,131.4,4,1,3.0,0
5464,Footwear,1425.0,62.8,COD,581,3,0,232.8,5,0,,0
5465,Apparel,1526.0,27.8,Prepaid_UPI,32,0,0,330.7,4,0,1.0,0
5466,Footwear,2681.0,23.8,Prepaid_UPI,353,2,1,289.8,2,1,3.0,0
5467,Footwear,1072.0,11.8,Prepaid_Card,229,3,0,390.8,6,0,,0
5468,Apparel,1053.0,15.2,COD,279,8,0,419.4,3,0,4.0,0
5469,Electronics,35421.0,0.0,Prepaid_UPI,349,3,1,304.4,3,0,,0
5470,Apparel,783.0,33.9,Prepaid_UPI,682,6,1,181.2,5,1,4.0,0
5471,Home,7714.0,3.0,COD,347,4,1,80.0,7,1,1.0,0
5472,Apparel,932.0,35.5,COD,578,12,4,163.9,3,1,1.0,0
5473,Beauty,1623.0,21.4,COD,9,0,0,129.5,6,1,1.0,1
5474,Apparel,1514.0,23.9,COD,420,12,0,243.5,5,0,5.0,0
5475,Home,3925.0,21.4,COD,185,1,0,393.6,4,1,,0
5476,Apparel,1580.0,42.8,COD,442,3,0,160.6,4,1,4.0,0
5477,Apparel,1738.0,40.1,COD,124,4,0,752.3,4,1,5.0,1
5478,Electronics,28312.0,21.6,Prepaid_UPI,489,3,1,127.8,5,1,2.0,1
5479,Home,4612.0,8.5,Prepaid_UPI,1016,27,4,200.3,7,1,1.0,0
5480,Beauty,1576.0,35.9,Prepaid_UPI,216,2,0,120.4,5,0,1.0,0
5481,Apparel,1124.0,7.4,Prepaid_Card,517,3,0,145.3,4,1,4.0,1
5482,Apparel,528.0,0.0,Prepaid_Card,64,4,2,264.5,4,0,5.0,0
5483,Electronics,8195.0,29.5,COD,352,20,6,228.9,5,0,,0
5484,Electronics,27774.0,40.3,Prepaid_UPI,153,1,1,323.0,3,0,5.0,0
5485,Footwear,4209.0,15.9,COD,158,5,1,325.4,1,1,3.0,0
5486,Beauty,210.0,28.1,Prepaid_Card,54,1,0,404.3,7,1,4.0,0
5487,Footwear,2676.0,15.8,Wallet,581,7,0,280.7,4,0,2.0,0
5488,Apparel,854.0,32.8,Prepaid_UPI,325,102,27,191.0,4,1,3.0,0
5489,Electronics,25804.0,38.4,COD,942,27,2,199.2,7,1,1.0,1
5490,Footwear,3499.0,18.1,Prepaid_UPI,488,3,0,262.0,3,1,3.0,0
5491,Apparel,1724.0,6.6,COD,153,2,0,223.8,5,1,2.0,1
5492,Home,5882.0,0.1,COD,72,1,1,258.8,4,1,3.0,1
5493,Apparel,1802.0,35.9,COD,423,3,1,86.9,5,0,2.0,0
5494,Electronics,4380.0,5.0,COD,539,9,0,182.9,3,1,5.0,0
5495,Footwear,2538.0,27.6,Prepaid_UPI,462,6,2,56.0,6,1,4.0,0
5496,Apparel,871.0,33.7,COD,520,3,0,549.6,8,0,4.0,1
5497,Beauty,2315.0,14.5,COD,300,2,1,236.3,2,1,4.0,0
5498,Apparel,1809.0,19.5,Wallet,375,4,0,347.1,6,0,1.0,1
5499,Apparel,594.0,37.0,Prepaid_Card,25,0,0,361.8,5,1,2.0,0
5500,Apparel,838.0,9.9,COD,220,1,0,465.4,5,0,2.0,0
5501,Apparel,1219.0,8.4,Prepaid_Card,410,4,0,253.8,6,1,1.0,0
5502,Electronics,43375.0,18.5,Prepaid_Card,33,1,0,157.9,2,0,4.0,0
5503,Apparel,597.0,41.2,Prepaid_Card,545,7,2,264.0,3,0,,0
5504,Home,4673.0,46.2,Prepaid_Card,806,23,1,386.7,4,1,5.0,1
5505,Footwear,1865.0,20.5,Prepaid_UPI,209,1,0,152.8,7,1,5.0,0
5506,Electronics,29510.0,11.3,COD,423,4,0,194.6,4,0,4.0,0
5507,Apparel,1568.0,38.0,Prepaid_Card,77,1,0,146.7,6,1,5.0,0
5508,Electronics,11738.0,0.0,COD,530,8,0,221.6,5,1,3.0,0
5509,Footwear,3643.0,25.7,Prepaid_UPI,371,2,1,350.9,5,0,1.0,0
5510,Home,1003.0,21.3,COD,195,3,0,270.1,5,1,4.0,0
5511,Apparel,1873.0,41.4,COD,139,1,0,156.2,3,1,2.0,1
5512,Electronics,10484.0,42.9,Wallet,72,0,0,353.1,4,0,4.0,0
5513,Electronics,27024.0,7.9,Prepaid_Card,13,0,0,119.0,4,0,4.0,0
5514,Electronics,16412.0,24.5,COD,340,5,1,582.4,4,0,4.0,0
5515,Apparel,1498.0,13.4,COD,146,1,0,519.2,3,0,2.0,1
5516,Beauty,778.0,17.6,COD,620,10,1,611.9,8,0,5.0,1
5517,Apparel,1424.0,31.3,Wallet,343,2,1,152.8,1,0,5.0,0
5518,Apparel,415.0,17.0,Prepaid_Card,6,2,0,120.6,1,1,4.0,0
5519,Apparel,1074.0,24.9,COD,245,2,0,435.8,5,0,5.0,0
5520,Home,6663.0,36.4,Prepaid_Card,570,6,3,504.8,6,0,3.0,0
5521,Electronics,21480.0,44.7,COD,129,1,0,295.8,8,0,5.0,1
5522,Apparel,1299.0,26.3,COD,229,6,1,620.2,4,0,4.0,1
5523,Electronics,28425.0,23.8,Prepaid_UPI,18,1,0,117.5,5,1,3.0,0
5524,Home,3643.0,5.4,COD,766,5,2,435.1,6,1,5.0,0
5525,Apparel,1961.0,45.8,Prepaid_UPI,195,3,0,311.5,8,0,5.0,0
5526,Beauty,1098.0,29.4,Prepaid_UPI,108,2,0,104.7,2,0,,1
5527,Apparel,2097.0,24.0,COD,542,26,3,470.7,5,1,2.0,0
5528,Apparel,1978.0,23.3,Prepaid_UPI,62,0,0,101.6,6,0,,0
5529,Beauty,1140.0,27.4,Prepaid_UPI,105,1,0,371.1,4,0,1.0,0
5530,Footwear,1963.0,33.6,Prepaid_Card,35,0,0,465.5,5,0,1.0,0
5531,Electronics,30836.0,35.4,Prepaid_Card,1474,9,2,69.5,3,0,5.0,0
5532,Footwear,3521.0,46.2,COD,92,1,0,460.5,7,0,,0
5533,Electronics,9341.0,25.6,COD,134,2,1,220.4,1,1,3.0,1
5534,Electronics,11758.0,48.3,Prepaid_UPI,667,22,6,201.2,4,1,3.0,0
5535,Footwear,1085.0,37.9,COD,497,4,0,180.4,6,0,,0
5536,Footwear,3543.0,21.1,COD,914,8,3,658.7,4,0,5.0,0
5537,Apparel,1686.0,0.0,Prepaid_Card,390,38,3,317.0,6,1,3.0,0
5538,Home,1756.0,23.3,COD,292,2,0,153.9,5,1,2.0,0
5539,Electronics,24715.0,45.4,Prepaid_UPI,179,3,0,576.3,5,0,3.0,0
5540,Apparel,1776.0,10.4,Prepaid_UPI,391,5,1,501.8,6,0,4.0,0
5541,Beauty,2376.0,23.2,Prepaid_UPI,20,0,0,295.9,4,1,4.0,0
5542,Home,1675.0,24.5,COD,24,0,0,308.1,1,1,3.0,0
5543,Home,2643.0,36.1,Prepaid_Card,70,2,0,72.4,8,1,1.0,0
5544,Home,2982.0,16.2,Prepaid_UPI,411,6,1,182.7,8,1,1.0,0
5545,Home,5112.0,9.0,COD,275,3,0,135.1,6,0,4.0,1
5546,Apparel,646.0,30.6,Prepaid_UPI,1546,9,0,254.2,4,0,2.0,0
5547,Beauty,605.0,10.8,Prepaid_Card,296,4,1,193.7,5,0,5.0,0
5548,Home,6309.0,0.0,COD,346,5,1,231.7,1,0,1.0,1
5549,Home,4474.0,49.6,COD,359,2,1,282.7,1,1,,1
5550,Electronics,8225.0,35.9,Prepaid_Card,691,6,2,70.5,10,1,3.0,0
5551,Apparel,1099.0,50.3,COD,1510,49,5,146.4,2,1,,0
5552,Apparel,642.0,35.1,Prepaid_UPI,231,7,1,378.3,4,1,5.0,0
5553,Electronics,17086.0,32.2,Prepaid_Card,6,0,0,192.6,5,1,2.0,0
5554,Apparel,1120.0,27.5,COD,676,8,3,344.8,5,1,,0
5555,Home,1163.0,19.2,Prepaid_UPI,382,106,18,555.7,4,0,2.0,0
5556,Footwear,739.0,29.7,Prepaid_Card,748,9,5,406.5,4,1,3.0,0
5557,Apparel,1987.0,13.7,COD,553,3,0,95.9,4,0,5.0,1
5558,Electronics,40079.0,6.0,Wallet,206,2,2,53.6,7,0,5.0,1
5559,Home,320.0,17.0,Prepaid_UPI,512,5,0,261.5,6,0,1.0,0
5560,Apparel,1554.0,41.4,Prepaid_Card,103,3,0,154.4,6,0,5.0,1
5561,Beauty,370.0,3.5,Prepaid_UPI,1007,16,4,256.6,1,0,4.0,0
5562,Electronics,36684.0,3.8,Prepaid_Card,1321,7,1,159.2,6,0,1.0,0
5563,Apparel,1983.0,30.9,Prepaid_Card,93,1,0,98.9,5,0,3.0,0
5564,Apparel,1510.0,15.8,COD,1090,21,1,447.4,3,0,,0
5565,Beauty,1591.0,29.3,COD,972,7,0,271.5,9,1,,1
5566,Apparel,1069.0,36.8,Prepaid_Card,12,1,0,177.2,1,0,,0
5567,Home,2221.0,28.9,Prepaid_Card,407,6,2,252.1,4,1,2.0,0
5568,Apparel,1299.0,12.5,Prepaid_UPI,655,15,0,813.7,7,0,3.0,0
5569,Apparel,641.0,41.2,Prepaid_Card,818,5,0,37.6,5,1,4.0,1
5570,Footwear,3189.0,33.1,Prepaid_Card,1123,8,1,217.6,1,1,4.0,0
5571,Apparel,1246.0,22.4,Prepaid_UPI,1497,17,0,192.8,8,1,3.0,0
5572,Apparel,720.0,21.7,Wallet,193,3,0,197.5,1,1,4.0,1
5573,Electronics,26968.0,27.6,COD,306,2,0,519.7,2,0,,1
5574,Footwear,3681.0,17.3,Wallet,5,0,0,161.7,7,0,2.0,0
5575,Electronics,26989.0,0.0,Prepaid_UPI,34,2,0,57.3,2,1,4.0,1
5576,Apparel,1353.0,33.3,COD,101,1,0,232.5,4,0,,0
5577,Beauty,2142.0,32.4,COD,273,2,0,345.4,2,1,2.0,0
5578,Home,383.0,0.0,COD,663,15,5,187.2,5,0,2.0,1
5579,Footwear,2967.0,29.7,Prepaid_UPI,28,1,0,551.7,7,1,4.0,0
5580,Footwear,2139.0,48.3,Prepaid_Card,442,3,2,227.0,1,0,4.0,0
5581,Home,1790.0,5.1,Prepaid_Card,1536,56,6,362.3,5,0,5.0,0
5582,Electronics,44106.0,20.9,Prepaid_UPI,2015,18,3,596.0,1,0,,1
5583,Electronics,18887.0,19.3,COD,685,5,0,179.3,9,1,3.0,0
5584,Home,2882.0,46.9,COD,142,1,0,341.6,2,0,3.0,0
5585,Home,1601.0,38.8,Prepaid_UPI,520,7,0,253.4,6,0,3.0,0
5586,Beauty,2495.0,8.8,Wallet,152,1,0,392.9,5,0,2.0,0
5587,Home,6892.0,27.1,Prepaid_UPI,341,2,0,250.5,5,1,4.0,0
5588,Apparel,526.0,56.5,COD,496,4,0,200.8,4,1,4.0,0
5589,Electronics,25980.0,12.6,COD,240,3,0,436.7,1,0,1.0,0
5590,Home,1435.0,21.8,COD,312,2,0,236.0,8,1,3.0,1
5591,Electronics,32551.0,29.7,Prepaid_Card,937,11,0,402.3,2,0,5.0,0
5592,Footwear,2436.0,12.8,COD,589,26,10,521.4,4,0,4.0,0
5593,Home,1150.0,48.4,Wallet,1138,33,4,421.8,4,1,3.0,0
5594,Apparel,1403.0,14.9,Prepaid_UPI,65,1,0,104.9,7,1,4.0,1
5595,Home,7312.0,1.2,COD,947,29,1,202.7,10,0,5.0,1
5596,Home,2927.0,14.1,COD,100,1,0,231.2,3,1,4.0,0
5597,Beauty,269.0,31.8,COD,12,3,0,375.9,5,1,5.0,0
5598,Electronics,42600.0,10.0,Prepaid_Card,652,9,0,261.4,7,0,5.0,1
5599,Home,1392.0,26.5,Prepaid_UPI,150,1,0,510.4,7,0,1.0,0
5600,Electronics,22007.0,30.4,COD,81,4,1,172.4,4,0,1.0,0
5601,Electronics,25057.0,3.9,Prepaid_UPI,199,2,0,430.1,4,1,2.0,0
5602,Apparel,827.0,13.5,COD,132,1,0,306.8,7,1,1.0,1
5603,Footwear,1210.0,27.2,COD,1079,73,7,201.0,1,1,4.0,0
5604,Beauty,416.0,32.5,Wallet,53,1,0,306.2,7,0,2.0,0
5605,Home,839.0,13.9,COD,40,5,3,716.0,3,0,,0
5606,Home,4213.0,24.3,COD,195,2,0,290.6,5,0,3.0,0
5607,Apparel,1916.0,17.7,Prepaid_Card,120,2,0,236.3,5,0,2.0,0
5608,Home,1276.0,32.9,COD,172,1,0,341.1,3,0,3.0,0
5609,Electronics,31887.0,29.8,COD,65,1,0,270.8,5,1,4.0,0
5610,Home,3477.0,16.4,COD,726,7,1,196.1,4,0,5.0,0
5611,Apparel,463.0,29.2,COD,294,2,0,219.4,7,1,4.0,0
5612,Home,4427.0,15.8,Prepaid_Card,57,2,0,23.3,3,1,5.0,0
5613,Apparel,854.0,28.9,COD,519,4,0,663.3,2,0,3.0,1
5614,Home,4960.0,29.1,Prepaid_UPI,220,2,0,437.2,5,0,2.0,0
5615,Home,2990.0,57.6,Prepaid_UPI,575,5,2,69.7,4,0,4.0,0
5616,Apparel,1600.0,17.0,COD,114,1,0,152.9,8,0,5.0,1
5617,Electronics,41430.0,19.9,COD,339,14,2,198.2,4,0,1.0,1
5618,Footwear,1478.0,12.3,COD,12,0,0,327.1,4,1,2.0,0
5619,Home,7537.0,6.5,COD,2199,19,0,348.7,2,0,1.0,0
5620,Apparel,768.0,15.2,COD,441,3,0,228.8,5,0,1.0,0
5621,Electronics,4296.0,32.0,Prepaid_UPI,2056,13,0,167.9,2,1,,0
5622,Apparel,747.0,33.1,COD,324,3,0,96.6,4,1,,0
5623,Home,6575.0,26.4,Prepaid_Card,1,0,0,341.9,2,0,4.0,0
5624,Home,5517.0,17.6,Prepaid_UPI,699,33,3,145.2,6,1,2.0,0
5625,Apparel,2148.0,14.6,Prepaid_UPI,632,232,40,338.8,4,1,2.0,1
5626,Home,5766.0,8.2,COD,72,1,0,507.8,7,1,4.0,1
5627,Footwear,2151.0,13.6,COD,233,6,1,281.0,2,1,5.0,0
5628,Footwear,4070.0,2.6,Wallet,334,3,0,127.2,5,0,5.0,0
5629,Apparel,2125.0,42.4,COD,759,15,3,36.3,5,1,3.0,1
5630,Apparel,1825.0,49.6,Prepaid_UPI,762,6,1,93.8,4,1,,0
5631,Electronics,25581.0,0.0,Prepaid_UPI,200,1,0,477.0,7,1,2.0,1
5632,Apparel,1886.0,26.3,Prepaid_Card,21,0,0,757.0,4,0,5.0,0
5633,Electronics,9042.0,26.1,COD,233,3,0,104.4,2,1,5.0,0
5634,Apparel,2021.0,25.1,COD,223,1,0,300.7,5,0,2.0,0
5635,Apparel,2199.0,13.1,Prepaid_Card,157,1,0,376.4,8,0,,0
5636,Home,5422.0,37.3,Prepaid_Card,1129,8,0,445.8,3,1,1.0,0
5637,Apparel,753.0,28.2,Prepaid_UPI,1322,34,7,971.7,4,0,4.0,1
5638,Home,1412.0,37.5,Prepaid_UPI,581,5,1,49.0,5,1,3.0,0
5639,Apparel,2127.0,10.9,Wallet,4,0,0,145.2,7,0,2.0,1
5640,Home,7009.0,1.3,Wallet,1,0,0,127.4,6,0,5.0,0
5641,Electronics,33992.0,28.5,Prepaid_UPI,949,193,18,550.3,5,0,2.0,1
5642,Footwear,4296.0,7.6,COD,914,7,1,380.6,4,1,4.0,1
5643,Footwear,2514.0,37.8,COD,76,13,0,518.7,3,1,1.0,1
5644,Electronics,40083.0,0.0,Prepaid_Card,10,0,0,130.5,6,1,4.0,1
5645,Home,1554.0,15.0,Prepaid_Card,932,8,0,602.3,3,1,1.0,0
5646,Apparel,729.0,12.8,COD,987,18,1,328.6,1,1,5.0,0
5647,Home,4245.0,17.0,Prepaid_Card,272,4,2,150.3,4,0,3.0,0
5648,Apparel,999.0,25.9,COD,154,1,0,303.9,3,0,4.0,0
5649,Electronics,20144.0,27.9,COD,974,6,1,341.6,4,0,1.0,1
5650,Apparel,1837.0,31.6,Prepaid_UPI,12,0,0,310.6,6,0,4.0,0
5651,Footwear,714.0,33.3,Prepaid_Card,473,3,1,465.4,5,1,1.0,0
5652,Electronics,32773.0,19.4,Prepaid_Card,186,4,2,282.9,4,1,5.0,0
5653,Home,979.0,53.6,Prepaid_Card,80,5,2,216.6,2,1,1.0,0
5654,Electronics,38321.0,42.8,Prepaid_Card,315,4,0,138.0,4,0,2.0,0
5655,Apparel,763.0,17.3,COD,47,0,0,365.1,1,0,5.0,0
5656,Apparel,1723.0,19.9,Prepaid_Card,142,3,1,356.7,3,1,3.0,0
5657,Beauty,1541.0,17.0,COD,748,19,5,169.8,3,1,,0
5658,Footwear,2042.0,27.4,Prepaid_Card,654,5,1,291.0,5,0,5.0,0
5659,Apparel,882.0,7.4,COD,372,3,0,194.6,5,0,1.0,0
5660,Footwear,730.0,10.2,Wallet,66,1,0,174.1,4,0,3.0,0
5661,Electronics,16678.0,0.0,Prepaid_UPI,431,3,0,625.6,2,0,4.0,0
5662,Apparel,761.0,16.0,COD,243,2,0,170.1,1,0,,0
5663,Electronics,7153.0,38.0,COD,242,1,0,627.1,7,0,4.0,0
5664,Apparel,1729.0,19.7,COD,282,4,0,352.0,3,0,4.0,0
5665,Apparel,783.0,20.6,Prepaid_UPI,252,3,3,375.9,4,1,1.0,0
5666,Home,2018.0,26.2,Prepaid_Card,87,6,4,146.1,3,1,2.0,0
5667,Apparel,1013.0,7.0,Prepaid_UPI,30,0,0,543.1,6,0,4.0,0
5668,Footwear,2351.0,22.4,Prepaid_UPI,140,4,1,135.6,5,0,4.0,0
5669,Home,4256.0,35.4,Prepaid_Card,168,21,1,297.6,3,1,5.0,0
5670,Footwear,3158.0,26.6,Prepaid_UPI,108,2,0,797.4,6,1,3.0,0
5671,Home,4832.0,36.7,Prepaid_Card,15,0,0,251.9,2,1,5.0,0
5672,Footwear,2427.0,41.0,Prepaid_Card,371,8,2,188.7,4,1,2.0,1
5673,Electronics,18455.0,31.9,Prepaid_Card,338,16,2,201.1,1,1,1.0,0
5674,Home,2347.0,11.3,Prepaid_UPI,19,0,0,191.2,5,0,4.0,0
5675,Electronics,32295.0,16.8,COD,410,14,3,164.1,4,0,5.0,0
5676,Beauty,896.0,51.0,COD,465,27,18,440.5,4,1,1.0,0
5677,Apparel,1929.0,26.7,COD,99,1,0,359.7,7,1,5.0,0
5678,Home,4813.0,24.7,Wallet,64,1,0,247.1,3,1,,0
5679,Footwear,3036.0,9.1,Prepaid_Card,398,3,0,289.8,3,1,3.0,0
5680,Electronics,23485.0,20.6,COD,390,12,1,82.1,1,0,1.0,1
5681,Footwear,4214.0,32.7,COD,64,1,1,65.0,5,1,,1
5682,Electronics,19666.0,22.2,Prepaid_Card,197,11,2,314.2,4,1,,0
5683,Apparel,1169.0,14.2,Prepaid_UPI,414,5,3,158.6,6,0,2.0,0
5684,Home,7176.0,17.7,Wallet,608,4,1,463.6,4,0,4.0,0
5685,Electronics,27695.0,39.9,Prepaid_UPI,184,1,1,133.7,5,1,2.0,1
5686,Apparel,1208.0,32.0,Prepaid_UPI,475,5,0,47.1,6,0,4.0,0
5687,Apparel,872.0,30.0,COD,859,16,2,95.8,5,1,,0
5688,Apparel,841.0,28.6,COD,146,1,0,306.8,4,1,2.0,0
5689,Footwear,3706.0,4.3,Prepaid_Card,214,2,0,94.4,6,0,5.0,1
5690,Footwear,1618.0,26.1,Prepaid_Card,257,3,0,259.5,6,0,3.0,1
5691,Home,344.0,38.0,COD,518,6,0,86.9,7,1,3.0,1
5692,Apparel,435.0,18.1,Prepaid_UPI,71,1,0,174.1,10,0,2.0,1
5693,Electronics,44054.0,36.7,COD,369,6,0,250.4,2,1,4.0,1
5694,Footwear,2739.0,30.2,COD,658,7,4,338.7,6,1,3.0,0
5695,Footwear,2456.0,34.4,COD,71,6,2,158.2,4,1,1.0,1
5696,Apparel,2052.0,22.8,Prepaid_UPI,228,2,1,195.0,5,1,5.0,0
5697,Apparel,1033.0,35.3,Prepaid_UPI,184,2,0,137.1,6,1,3.0,0
5698,Beauty,2018.0,0.0,Prepaid_Card,350,5,1,174.5,5,1,5.0,0
5699,Footwear,3387.0,22.5,Prepaid_UPI,547,9,0,236.9,2,0,1.0,0
5700,Apparel,1259.0,32.7,Prepaid_UPI,72,1,0,283.7,3,0,1.0,0
5701,Footwear,3599.0,26.4,COD,1761,20,0,339.7,6,1,2.0,0
5702,Apparel,2138.0,38.4,Prepaid_UPI,71,4,2,273.0,3,1,1.0,0
5703,Apparel,761.0,19.6,COD,460,7,0,141.1,2,0,1.0,1
5704,Footwear,570.0,13.8,Prepaid_Card,196,13,1,245.0,4,0,1.0,0
5705,Electronics,37180.0,0.0,COD,166,2,0,591.9,1,1,4.0,1
5706,Electronics,18877.0,17.9,Prepaid_Card,32,0,0,106.5,3,1,3.0,0
5707,Beauty,1429.0,29.8,Prepaid_Card,819,11,1,295.4,9,0,1.0,0
5708,Footwear,1390.0,33.4,COD,198,3,0,539.3,3,0,5.0,1
5709,Apparel,1915.0,1.0,Prepaid_Card,488,9,1,228.2,5,1,2.0,0
5710,Home,5853.0,39.6,Prepaid_Card,154,2,0,36.2,3,1,3.0,0
5711,Footwear,4313.0,7.4,Prepaid_Card,38,3,0,286.7,6,0,2.0,0
5712,Home,3959.0,20.2,COD,917,5,1,219.9,4,1,,0
5713,Beauty,2445.0,13.5,COD,159,2,1,345.9,6,0,,0
5714,Home,4234.0,28.3,COD,305,3,0,269.5,4,1,,1
5715,Apparel,1519.0,23.4,Prepaid_UPI,437,13,2,173.6,3,1,5.0,0
5716,Apparel,1613.0,32.2,Prepaid_UPI,2289,14,3,143.7,4,1,1.0,0
5717,Footwear,2459.0,49.7,COD,548,5,3,459.7,5,0,2.0,1
5718,Beauty,1473.0,28.0,Prepaid_UPI,234,3,0,121.3,5,0,2.0,0
5719,Apparel,802.0,13.3,Prepaid_Card,230,2,0,384.8,3,0,2.0,0
5720,Apparel,1052.0,28.9,Wallet,534,10,2,140.1,3,0,2.0,0
5721,Footwear,3308.0,51.2,COD,19,0,0,215.0,1,0,3.0,0
5722,Apparel,470.0,31.8,Prepaid_Card,340,11,2,47.1,3,0,2.0,1
5723,Apparel,1661.0,36.2,Prepaid_Card,378,3,0,803.9,1,0,4.0,0
5724,Footwear,1715.0,0.0,COD,118,1,0,80.8,2,0,2.0,0
5725,Footwear,1587.0,27.8,COD,609,7,2,346.5,4,0,,0
5726,Footwear,3274.0,18.0,COD,893,6,2,529.2,6,0,2.0,1
5727,Home,1955.0,11.8,Prepaid_Card,375,25,2,175.5,4,0,3.0,1
5728,Electronics,43322.0,21.7,Prepaid_UPI,60,1,0,322.1,9,0,,0
5729,Beauty,2478.0,23.6,Prepaid_UPI,336,5,1,271.4,5,0,4.0,0
5730,Apparel,1225.0,12.6,COD,116,2,0,295.7,5,0,1.0,0
5731,Apparel,1123.0,24.8,Prepaid_UPI,1125,14,0,238.5,2,1,2.0,0
5732,Footwear,816.0,19.4,COD,37,0,0,171.5,6,1,,0
5733,Home,6292.0,32.5,Wallet,1904,17,1,516.0,6,1,1.0,0
5734,Footwear,1151.0,25.4,COD,29,1,1,420.5,2,0,,1
5735,Apparel,2079.0,27.6,Prepaid_UPI,535,8,0,173.8,5,0,5.0,1
5736,Beauty,2478.0,36.7,Wallet,221,5,0,296.4,8,1,4.0,0
5737,Home,1243.0,30.3,Prepaid_UPI,536,5,1,595.7,5,0,3.0,0
5738,Home,5559.0,21.9,Prepaid_UPI,61,3,0,267.6,6,1,2.0,0
5739,Beauty,1245.0,0.0,COD,631,8,0,209.0,4,0,2.0,0
5740,Electronics,24902.0,29.7,Prepaid_UPI,111,1,0,31.4,1,0,1.0,0
5741,Home,1683.0,8.3,Prepaid_Card,207,1,0,248.7,6,0,3.0,0
5742,Home,5871.0,20.7,Prepaid_Card,496,5,0,336.0,4,0,3.0,0
5743,Footwear,1166.0,27.6,Wallet,427,9,0,253.5,5,0,3.0,1
5744,Footwear,4041.0,42.0,COD,274,3,0,103.7,5,1,2.0,0
5745,Home,3796.0,49.6,COD,40,0,0,124.7,3,1,5.0,0
5746,Apparel,1543.0,8.2,Wallet,295,31,0,374.4,5,1,2.0,1
5747,Apparel,2059.0,2.3,COD,723,4,0,78.9,3,1,5.0,0
5748,Beauty,1884.0,26.9,COD,88,1,0,261.4,2,1,,0
5749,Beauty,1421.0,25.6,COD,156,2,1,323.8,6,1,4.0,1
5750,Beauty,1096.0,4.0,Prepaid_UPI,356,4,1,270.3,3,1,2.0,1
5751,Apparel,1232.0,21.8,Prepaid_UPI,1,0,0,104.4,4,1,5.0,0
5752,Electronics,16165.0,31.0,COD,432,3,2,50.3,3,0,4.0,0
5753,Footwear,4285.0,3.5,Prepaid_Card,916,24,2,82.2,8,0,1.0,0
5754,Footwear,1511.0,7.1,Prepaid_Card,49,0,0,278.1,6,0,,0
5755,Apparel,1137.0,12.3,Prepaid_UPI,138,1,1,52.9,2,1,4.0,1
5756,Home,6292.0,18.8,Prepaid_UPI,1,0,0,207.4,5,1,3.0,0
5757,Apparel,1056.0,32.4,Wallet,4,0,0,377.7,5,0,3.0,0
5758,Electronics,40034.0,17.1,COD,62,1,0,395.1,5,0,,0
5759,Apparel,838.0,22.8,COD,102,1,0,204.9,3,1,3.0,0
5760,Apparel,456.0,55.7,Prepaid_Card,175,5,0,340.1,3,0,4.0,0
5761,Apparel,1532.0,7.7,Prepaid_Card,606,6,1,136.9,8,1,1.0,0
5762,Beauty,1344.0,12.2,Prepaid_Card,23,0,0,367.5,3,1,5.0,1
5763,Footwear,4232.0,32.2,COD,1565,14,3,345.9,2,1,3.0,0
5764,Beauty,1144.0,36.8,COD,1493,71,7,218.8,1,1,,0
5765,Electronics,7139.0,28.2,Wallet,133,3,1,142.2,4,1,5.0,0
5766,Electronics,15643.0,49.1,COD,316,3,0,206.2,2,0,2.0,0
5767,Electronics,18423.0,26.8,Prepaid_Card,80,2,1,253.2,9,0,4.0,0
5768,Home,4790.0,0.0,Prepaid_UPI,907,15,0,39.9,2,0,4.0,0
5769,Electronics,13223.0,23.5,COD,382,5,1,424.7,3,1,,0
5770,Footwear,2701.0,13.4,COD,51,12,0,180.9,9,1,1.0,0
5771,Footwear,4132.0,42.8,COD,7,0,0,338.9,7,0,2.0,0
5772,Footwear,2195.0,36.5,Prepaid_Card,231,1,0,183.5,1,1,,0
5773,Apparel,1573.0,0.0,COD,730,10,3,333.5,5,1,4.0,0
5774,Electronics,11226.0,42.3,Prepaid_Card,61,1,0,161.3,5,1,5.0,0
5775,Apparel,1842.0,36.1,COD,187,4,0,513.7,2,0,,1
5776,Apparel,885.0,17.1,COD,244,3,0,440.7,6,1,2.0,0
5777,Home,4764.0,20.8,COD,750,9,2,230.3,1,1,3.0,0
5778,Home,2612.0,42.9,COD,131,1,0,87.9,1,0,3.0,0
5779,Footwear,770.0,0.0,COD,91,1,0,170.7,7,1,1.0,1
5780,Apparel,975.0,28.7,Wallet,435,6,3,278.5,6,1,1.0,1
5781,Beauty,648.0,38.4,COD,418,6,0,443.6,9,0,3.0,1
5782,Beauty,2248.0,20.7,Prepaid_Card,390,4,1,125.4,4,0,5.0,0
5783,Electronics,12858.0,31.7,Prepaid_Card,168,4,0,347.2,8,0,1.0,1
5784,Footwear,4398.0,23.5,Prepaid_UPI,13,0,0,273.5,3,1,5.0,1
5785,Apparel,1286.0,10.2,Prepaid_Card,217,4,0,182.7,7,0,5.0,0
5786,Footwear,1384.0,9.9,COD,494,5,0,235.0,9,0,4.0,0
5787,Footwear,2065.0,32.7,Prepaid_Card,597,6,0,138.2,2,0,1.0,0
5788,Footwear,1234.0,12.5,COD,89,1,1,320.6,1,1,1.0,1
5789,Footwear,3835.0,0.0,Prepaid_UPI,963,21,1,258.4,5,1,2.0,0
5790,Electronics,6455.0,23.8,COD,417,3,0,168.1,5,1,3.0,1
5791,Footwear,3994.0,14.3,Prepaid_UPI,554,6,0,579.2,4,1,4.0,0
5792,Home,654.0,4.0,Prepaid_Card,237,2,0,332.5,7,0,2.0,0
5793,Apparel,939.0,23.1,Prepaid_Card,889,8,2,319.1,2,1,5.0,0
5794,Apparel,652.0,33.5,COD,246,2,0,230.1,4,1,5.0,0
5795,Footwear,3241.0,22.3,Prepaid_UPI,1599,13,1,258.5,3,1,5.0,0
5796,Home,4245.0,6.0,Prepaid_UPI,352,89,10,117.2,8,0,5.0,0
5797,Electronics,42343.0,29.2,Prepaid_Card,1168,16,1,178.6,6,0,5.0,0
5798,Beauty,1011.0,37.5,COD,118,1,0,371.0,3,1,4.0,1
5799,Home,614.0,55.2,COD,232,3,1,360.3,5,0,,1
5800,Electronics,34561.0,43.6,COD,163,1,1,118.2,4,0,,1
5801,Electronics,26582.0,6.9,Prepaid_UPI,1,0,0,138.2,2,1,4.0,1
5802,Home,6671.0,34.9,COD,415,7,1,334.4,8,0,2.0,0
5803,Footwear,2205.0,25.8,Prepaid_UPI,55,0,0,338.4,4,0,1.0,0
5804,Home,5984.0,4.7,Prepaid_UPI,24,0,0,144.3,11,1,,1
5805,Electronics,8693.0,26.3,Prepaid_UPI,687,105,2,373.5,5,0,4.0,0
5806,Footwear,4498.0,50.8,Prepaid_UPI,1324,11,4,147.2,7,0,5.0,1
5807,Home,1637.0,39.9,Prepaid_Card,1469,10,2,215.0,5,0,1.0,0
5808,Footwear,3819.0,6.8,Prepaid_Card,428,5,1,225.8,5,1,2.0,1
5809,Apparel,782.0,22.2,COD,8,0,0,360.6,4,0,3.0,0
5810,Footwear,3630.0,29.4,Prepaid_UPI,116,1,0,415.3,1,1,2.0,0
5811,Electronics,38923.0,0.0,Wallet,602,5,0,185.7,8,1,3.0,0
5812,Apparel,1978.0,0.0,Prepaid_Card,142,1,0,307.8,3,0,2.0,0
5813,Home,3963.0,24.3,Wallet,476,7,1,644.4,8,1,3.0,0
5814,Home,3602.0,24.5,Wallet,1256,19,1,459.3,9,0,2.0,0
5815,Electronics,37720.0,0.0,Prepaid_Card,149,1,0,123.4,3,1,1.0,0
5816,Footwear,2818.0,27.8,Prepaid_UPI,130,4,0,242.2,3,1,2.0,0
5817,Apparel,1518.0,38.3,Prepaid_Card,60,0,0,280.9,3,0,4.0,0
5818,Apparel,825.0,18.7,COD,333,16,3,227.1,1,0,2.0,1
5819,Electronics,20742.0,22.9,COD,280,3,1,251.4,5,1,2.0,1
5820,Electronics,17382.0,30.6,Prepaid_Card,786,5,0,346.4,7,0,1.0,1
5821,Home,5423.0,28.6,Prepaid_UPI,462,5,0,410.8,2,0,1.0,0
5822,Footwear,1286.0,0.0,COD,546,4,0,390.6,6,0,4.0,0
5823,Footwear,2123.0,8.4,Prepaid_UPI,159,4,1,351.6,4,1,1.0,1
5824,Apparel,1928.0,16.1,Prepaid_Card,880,11,1,119.4,4,1,5.0,1
5825,Electronics,25134.0,9.1,Prepaid_UPI,659,5,0,341.7,4,0,5.0,1
5826,Apparel,2013.0,44.0,COD,723,5,0,152.6,5,1,,0
5827,Home,2090.0,31.5,Prepaid_Card,1190,10,0,121.6,3,0,4.0,1
5828,Apparel,1192.0,5.4,COD,588,13,9,184.2,5,1,3.0,1
5829,Electronics,23118.0,18.8,COD,660,24,3,99.1,3,1,5.0,0
5830,Footwear,2102.0,39.0,COD,909,6,0,161.2,5,1,,1
5831,Home,5571.0,12.3,COD,665,7,0,268.6,2,1,1.0,0
5832,Apparel,668.0,34.8,COD,576,17,0,412.2,6,1,3.0,0
5833,Electronics,23950.0,42.7,Prepaid_Card,286,3,0,368.7,4,0,1.0,0
5834,Home,1369.0,40.2,Prepaid_Card,69,3,0,215.7,2,0,4.0,0
5835,Home,5145.0,24.7,COD,88,4,2,187.8,4,0,2.0,1
5836,Apparel,1894.0,40.8,Prepaid_UPI,39,0,0,71.5,4,0,4.0,0
5837,Footwear,580.0,14.2,Prepaid_Card,590,6,0,530.4,3,1,4.0,0
5838,Electronics,21214.0,59.3,Wallet,145,3,0,459.5,1,1,1.0,1
5839,Electronics,22780.0,25.6,Prepaid_Card,807,5,0,278.8,4,1,3.0,0
5840,Apparel,1696.0,39.2,COD,115,1,0,401.1,5,1,5.0,0
5841,Electronics,4473.0,16.6,Wallet,24,0,0,254.4,5,1,4.0,0
5842,Electronics,18984.0,29.5,Prepaid_UPI,365,3,0,117.7,7,0,1.0,1
5843,Apparel,1814.0,30.2,Prepaid_Card,563,3,0,87.8,6,0,,0
5844,Home,4398.0,8.1,Prepaid_Card,158,4,0,272.2,5,1,3.0,0
5845,Electronics,34043.0,7.6,Prepaid_Card,324,2,0,620.6,6,1,1.0,0
5846,Footwear,1956.0,18.9,Prepaid_Card,9,0,0,23.3,3,0,1.0,0
5847,Beauty,2312.0,38.6,Prepaid_UPI,45,6,0,277.4,7,0,4.0,1
5848,Apparel,539.0,0.0,Prepaid_Card,139,18,1,241.2,4,1,4.0,1
5849,Apparel,564.0,16.6,COD,366,10,1,301.4,4,0,3.0,0
5850,Footwear,2614.0,41.6,COD,9,0,0,234.5,2,0,3.0,0
5851,Beauty,1256.0,3.5,COD,5,0,0,691.1,5,0,2.0,0
5852,Footwear,3054.0,40.8,COD,841,34,10,77.7,5,1,1.0,0
5853,Apparel,812.0,5.1,COD,545,4,3,174.9,6,0,4.0,0
5854,Apparel,807.0,8.3,Prepaid_UPI,125,1,1,213.3,1,1,2.0,0
5855,Apparel,1748.0,19.8,COD,247,22,4,97.5,6,1,,0
5856,Footwear,1667.0,50.1,COD,626,5,1,367.1,4,1,2.0,1
5857,Home,5900.0,12.4,COD,983,111,15,188.2,3,0,3.0,0
5858,Electronics,29263.0,0.0,Prepaid_Card,201,4,1,167.4,3,0,4.0,0
5859,Home,942.0,1.0,Prepaid_Card,756,8,0,378.0,3,1,4.0,0
5860,Apparel,1680.0,36.0,Prepaid_Card,53,0,0,223.6,5,0,4.0,0
5861,Home,7072.0,1.7,Wallet,149,7,2,120.9,4,0,4.0,0
5862,Apparel,1870.0,39.8,Wallet,505,8,0,115.1,4,0,3.0,0
5863,Home,368.0,23.0,Prepaid_UPI,524,5,0,230.7,3,0,5.0,0
5864,Footwear,2659.0,21.5,Prepaid_UPI,452,3,0,413.6,4,1,4.0,0
5865,Home,7333.0,26.5,COD,2374,14,2,148.0,2,1,1.0,1
5866,Electronics,27424.0,10.0,Prepaid_Card,243,3,1,301.3,1,0,1.0,0
5867,Footwear,1661.0,24.1,COD,22,0,0,385.7,10,1,4.0,1
5868,Home,1798.0,4.1,Prepaid_UPI,48,0,0,344.4,5,1,4.0,0
5869,Apparel,1633.0,42.2,COD,790,21,3,166.8,11,0,1.0,1
5870,Apparel,1788.0,6.6,COD,751,7,0,343.3,4,0,,0
5871,Home,7327.0,28.6,COD,477,8,1,373.8,4,1,2.0,0
5872,Apparel,2030.0,6.5,Prepaid_Card,22,0,0,92.8,4,0,3.0,0
5873,Apparel,1011.0,14.0,Prepaid_UPI,694,13,4,156.6,6,1,,0
5874,Apparel,1487.0,16.4,COD,493,10,3,210.7,5,0,5.0,1
5875,Apparel,583.0,66.7,Prepaid_Card,293,2,0,167.2,2,0,1.0,0
5876,Electronics,5337.0,21.8,COD,713,4,2,106.1,2,0,1.0,0
5877,Home,850.0,9.7,Prepaid_UPI,92,1,1,122.9,2,1,5.0,0
5878,Apparel,2069.0,15.3,COD,671,5,0,200.8,5,1,4.0,0
5879,Home,1474.0,0.0,COD,220,1,0,211.1,5,1,2.0,0
5880,Apparel,1268.0,19.6,Prepaid_Card,46,3,0,321.5,5,1,2.0,0
5881,Apparel,1180.0,49.8,Prepaid_Card,879,8,2,213.7,3,0,1.0,0
5882,Apparel,985.0,27.0,Prepaid_UPI,305,6,2,105.0,2,1,,0
5883,Footwear,2651.0,35.6,Prepaid_Card,302,2,0,365.0,7,1,1.0,0
5884,Beauty,157.0,8.4,Wallet,76,4,1,204.4,5,1,1.0,0
5885,Electronics,17851.0,18.9,COD,281,2,0,276.2,6,0,5.0,0
5886,Apparel,1263.0,25.1,COD,189,5,1,205.4,7,0,2.0,0
5887,Apparel,1846.0,11.1,Wallet,383,5,2,154.8,1,0,3.0,0
5888,Apparel,1662.0,28.0,COD,1012,7,1,200.5,5,0,3.0,0
5889,Footwear,3899.0,31.2,Prepaid_UPI,204,15,0,342.9,7,0,4.0,0
5890,Apparel,1077.0,30.1,COD,415,2,1,428.4,2,1,4.0,0
5891,Beauty,481.0,19.7,Prepaid_Card,669,16,7,199.2,2,0,3.0,0
5892,Home,3388.0,38.4,COD,94,1,1,278.9,2,0,1.0,1
5893,Electronics,43382.0,18.1,Prepaid_Card,76,1,0,82.7,1,1,3.0,1
5894,Footwear,1357.0,16.8,Prepaid_UPI,898,37,8,76.0,6,1,2.0,0
5895,Apparel,715.0,43.6,COD,2500,23,0,309.1,5,1,2.0,0
5896,Footwear,4277.0,5.4,COD,793,8,1,335.6,2,1,,0
5897,Apparel,2110.0,0.0,COD,455,4,0,140.8,1,1,2.0,1
5898,Footwear,1097.0,9.0,COD,2,0,0,155.2,3,1,5.0,0
5899,Electronics,34902.0,27.8,COD,181,2,0,468.6,7,1,3.0,1
5900,Apparel,1174.0,41.3,Wallet,53,1,1,267.5,2,0,5.0,1
5901,Footwear,2469.0,12.1,COD,921,27,7,183.6,1,0,4.0,1
5902,Apparel,1298.0,49.2,Prepaid_Card,488,3,0,400.0,4,0,2.0,0
5903,Apparel,2143.0,22.4,Prepaid_Card,1030,14,2,123.9,2,1,5.0,0
5904,Footwear,1239.0,20.3,COD,101,2,0,499.2,8,1,5.0,1
5905,Electronics,35060.0,9.3,COD,365,32,2,234.9,5,0,4.0,1
5906,Footwear,523.0,51.3,Prepaid_UPI,224,2,0,144.8,3,0,1.0,0
5907,Home,5140.0,19.7,Prepaid_Card,48,1,0,521.8,3,1,4.0,0
5908,Home,5326.0,2.0,Prepaid_UPI,334,9,3,91.9,3,0,3.0,0
5909,Apparel,1757.0,58.9,COD,682,4,2,171.5,3,1,5.0,1
5910,Apparel,2067.0,27.9,Prepaid_Card,413,2,1,437.3,10,0,4.0,0
5911,Beauty,1922.0,34.0,Prepaid_UPI,1038,7,0,185.1,6,1,1.0,0
5912,Apparel,1718.0,47.2,Prepaid_UPI,339,3,1,138.0,4,0,3.0,0
5913,Electronics,12316.0,31.2,Wallet,111,2,0,347.9,5,0,1.0,0
5914,Apparel,2187.0,36.6,COD,50,2,0,299.9,3,0,1.0,0
5915,Apparel,1243.0,22.8,Wallet,410,6,0,356.3,6,1,1.0,0
5916,Home,3514.0,33.0,Prepaid_UPI,101,1,0,321.1,1,1,4.0,0
5917,Footwear,2508.0,21.5,Prepaid_UPI,954,23,2,393.6,3,1,2.0,0
5918,Footwear,2076.0,21.7,Prepaid_UPI,1135,13,8,287.7,2,0,4.0,1
5919,Footwear,2875.0,23.8,Wallet,503,5,0,255.7,6,0,4.0,1
5920,Apparel,1029.0,16.0,Prepaid_Card,324,2,0,444.3,4,1,2.0,1
5921,Electronics,11710.0,29.6,Prepaid_UPI,9,0,0,650.9,1,1,4.0,0
5922,Apparel,2070.0,29.5,Prepaid_UPI,7,0,0,275.2,4,1,,0
5923,Footwear,4211.0,34.3,Prepaid_UPI,650,8,2,141.8,4,0,2.0,0
5924,Apparel,1293.0,31.6,Prepaid_UPI,346,3,1,203.3,7,0,5.0,0
5925,Home,7709.0,52.0,COD,603,4,0,107.6,5,1,1.0,1
5926,Apparel,1148.0,37.8,COD,16,1,0,483.7,4,1,1.0,0
5927,Footwear,2050.0,18.9,COD,69,0,0,183.0,4,0,,1
5928,Footwear,4168.0,28.8,Prepaid_UPI,738,5,1,179.7,1,0,2.0,0
5929,Footwear,3032.0,43.2,Prepaid_UPI,319,2,0,262.6,2,0,2.0,0
5930,Apparel,1773.0,7.8,Prepaid_UPI,421,6,0,142.8,1,0,3.0,1
5931,Beauty,1120.0,52.2,Prepaid_UPI,646,26,3,148.3,8,0,,0
5932,Apparel,1133.0,10.4,Prepaid_Card,137,30,9,106.0,3,0,3.0,0
5933,Apparel,550.0,35.5,COD,115,1,1,117.1,5,0,2.0,1
5934,Apparel,2140.0,22.1,Prepaid_Card,273,10,0,303.3,2,1,3.0,0
5935,Apparel,810.0,21.2,Prepaid_UPI,19,0,0,278.2,3,1,3.0,0
5936,Home,4106.0,2.5,Prepaid_Card,1401,8,0,177.0,3,1,2.0,0
5937,Apparel,606.0,35.6,Prepaid_UPI,328,4,0,710.7,5,0,1.0,0
5938,Electronics,29537.0,2.7,Wallet,21,0,0,248.7,4,1,2.0,0
5939,Home,3310.0,0.4,COD,137,1,0,474.6,3,0,3.0,1
5940,Footwear,3571.0,39.4,Prepaid_UPI,506,10,1,205.3,1,0,5.0,0
5941,Home,4369.0,48.8,Prepaid_Card,416,4,1,82.0,9,1,2.0,1
5942,Home,1297.0,12.0,Prepaid_Card,347,12,1,564.9,3,1,5.0,0
5943,Apparel,419.0,37.0,COD,1573,19,1,661.6,3,1,3.0,0
5944,Footwear,1350.0,33.9,COD,20,1,0,520.8,3,0,1.0,0
5945,Apparel,1704.0,20.6,COD,657,5,1,272.2,7,0,1.0,1
5946,Apparel,1891.0,42.0,Prepaid_Card,23,0,0,300.8,2,1,4.0,0
5947,Apparel,1014.0,19.5,COD,123,2,0,212.1,3,0,3.0,1
5948,Home,4427.0,29.8,Prepaid_Card,265,1,0,429.6,4,0,3.0,0
5949,Electronics,11713.0,3.2,Prepaid_Card,299,2,2,268.7,7,1,4.0,0
5950,Home,7079.0,3.8,Prepaid_Card,457,5,1,361.8,4,1,1.0,0
5951,Electronics,43476.0,39.5,Prepaid_UPI,219,1,1,111.5,4,0,1.0,1
5952,Electronics,34179.0,30.3,Prepaid_Card,44,1,0,180.9,4,1,4.0,1
5953,Electronics,5093.0,19.9,COD,439,4,1,370.5,3,0,3.0,0
5954,Apparel,1187.0,50.6,Wallet,235,1,0,138.8,8,1,1.0,0
5955,Electronics,44584.0,50.5,Prepaid_UPI,485,5,0,192.3,2,1,,0
5956,Home,2066.0,28.6,Prepaid_UPI,482,8,1,236.4,5,0,2.0,0
5957,Home,5463.0,0.2,Prepaid_UPI,158,1,0,291.2,3,1,3.0,0
5958,Apparel,2089.0,20.3,COD,474,18,0,153.1,5,0,1.0,0
5959,Home,6254.0,9.5,Prepaid_UPI,232,8,1,374.1,4,1,2.0,0
5960,Apparel,1496.0,23.3,COD,1027,8,0,260.5,4,0,4.0,0
5961,Apparel,1312.0,8.0,Prepaid_Card,358,25,8,27.3,4,0,1.0,0
5962,Apparel,2072.0,4.1,COD,178,16,3,99.6,2,0,4.0,0
5963,Electronics,18489.0,0.0,Prepaid_UPI,98,1,1,98.3,4,0,1.0,0
5964,Apparel,2022.0,24.5,COD,30,0,0,121.4,1,1,5.0,0
5965,Home,3619.0,0.0,COD,99,1,0,357.2,4,0,5.0,1
5966,Apparel,1762.0,17.2,COD,74,1,0,82.1,3,0,3.0,0
5967,Footwear,4163.0,32.4,Prepaid_UPI,257,2,0,96.6,3,0,5.0,0
5968,Apparel,1391.0,11.2,COD,14,0,0,726.8,4,1,3.0,0
5969,Home,2686.0,5.7,Prepaid_Card,2,0,0,118.8,4,0,4.0,0
5970,Footwear,704.0,21.0,COD,86,1,0,183.6,1,0,3.0,0
5971,Electronics,36646.0,9.6,Prepaid_UPI,427,2,0,264.7,3,1,3.0,0
5972,Apparel,1520.0,24.8,COD,779,10,1,143.1,5,1,1.0,0
5973,Electronics,12721.0,6.5,Wallet,118,3,0,184.5,7,0,4.0,1
5974,Beauty,2212.0,20.4,COD,106,1,0,130.7,10,1,,0
5975,Beauty,2313.0,16.8,COD,365,5,1,167.4,8,0,5.0,1
5976,Apparel,1997.0,21.8,COD,272,3,0,142.8,2,0,5.0,0
5977,Footwear,2906.0,46.5,COD,1038,25,7,247.8,5,0,,0
5978,Electronics,43974.0,25.0,Prepaid_Card,352,3,0,172.1,6,1,1.0,1
5979,Apparel,1975.0,29.6,COD,256,7,1,55.6,5,0,1.0,1
5980,Home,1103.0,12.6,Prepaid_UPI,422,4,0,661.0,4,0,5.0,0
5981,Electronics,44172.0,25.3,Prepaid_Card,150,1,0,71.2,5,0,4.0,0
5982,Electronics,25238.0,17.9,COD,571,5,2,311.7,5,0,,1
5983,Footwear,4180.0,22.4,Prepaid_Card,714,39,2,141.8,3,1,1.0,0
5984,Electronics,34503.0,31.7,COD,21,1,0,256.9,5,1,2.0,1
5985,Home,5286.0,14.5,COD,412,3,1,71.2,1,1,2.0,1
5986,Electronics,15508.0,16.0,COD,638,4,0,271.7,9,0,1.0,0
5987,Apparel,449.0,14.7,COD,51,2,0,343.9,3,0,2.0,1
5988,Electronics,13321.0,14.4,COD,69,1,0,241.3,5,0,5.0,1
5989,Beauty,1762.0,24.6,Wallet,422,4,1,242.8,5,1,5.0,0
5990,Electronics,39004.0,16.5,Prepaid_UPI,456,3,1,128.1,5,0,4.0,1
5991,Apparel,404.0,44.5,Wallet,339,2,0,189.4,6,1,2.0,0
5992,Home,1901.0,62.2,COD,918,7,0,57.6,7,0,,1
5993,Beauty,1732.0,13.5,Prepaid_UPI,8,0,0,93.6,5,1,2.0,0
5994,Beauty,817.0,26.4,COD,221,2,0,381.8,6,0,1.0,0
5995,Home,1391.0,37.6,COD,146,1,0,856.4,5,0,2.0,0
5996,Electronics,4789.0,18.0,Prepaid_UPI,188,3,0,302.5,1,1,5.0,0
5997,Home,5212.0,7.1,COD,411,5,0,250.7,4,1,,0
5998,Footwear,2879.0,48.1,COD,207,7,1,42.8,4,1,3.0,1
5999,Footwear,3934.0,32.3,Prepaid_UPI,620,11,1,239.8,6,1,5.0,0
6000,Footwear,1759.0,26.8,Prepaid_Card,392,2,0,98.3,6,0,2.0,0
